[
    [
        {
            "utterance": "You act as a person and my name is Llama.",
            "speaker": "Llama",
            "turn_id": 1,
            "Gold": "neutral",
            "Annotator": "auto"
        },
        {
            "utterance": "Amber",
            "speaker": "Human",
            "turn_id": 2,
            "Gold": "neutral",
            "Annotator": "Am\u00e9lie"
        },
        {
            "utterance": "Nice to meet you, Amber! I'm glad we're having this conversation. How's your day going so far?",
            "speaker": "Llama",
            "turn_id": 3,
            "Gold": "neutral",
            "Annotator": "auto"
        },
        {
            "utterance": "pretty bad, my friend borrowed my car without telling me and I really need it",
            "speaker": "Amber",
            "turn_id": 4,
            "Gold": "anger",
            "Annotator": "Am\u00e9lie"
        },
        {
            "utterance": "Oh no, that sounds frustrating and stressful! I can imagine how upset you must be feeling right now. Did you try contacting your friend to talk to them about it or are you still trying to figure out what to do?",
            "speaker": "Llama",
            "turn_id": 5,
            "Gold": "neutral",
            "Annotator": "auto"
        },
        {
            "utterance": "I tried calling but she didn't pick up, and now I'm really angry at her",
            "speaker": "Amber",
            "turn_id": 6,
            "Gold": "anger",
            "Annotator": "Am\u00e9lie"
        },
        {
            "utterance": "It's understandable that you're feeling angry! It can be really frustrating when someone borrows something without asking and doesn't even have the decency to answer your calls. Have you considered reaching out to her again or maybe talking to a mutual friend to get in touch with her? Sometimes people don't realize how their actions affect others, and a calm conversation might help clear things up.",
            "speaker": "Llama",
            "turn_id": 7,
            "Gold": "neutral",
            "Annotator": "auto"
        },
        {
            "utterance": "I don't have time for that right now, I'm late for a meeting",
            "speaker": "Amber",
            "turn_id": 8,
            "Gold": "neutral",
            "Annotator": "Am\u00e9lie"
        },
        {
            "utterance": "No worries, Amber! It can be really tough to deal with unexpected situations like this when you're already running behind schedule. Maybe we can brainstorm some ideas together on what you could do about the situation later? In the meantime, are you going to try to get in touch with your friend or just focus on getting to that meeting on time?",
            "speaker": "Llama",
            "turn_id": 9,
            "Gold": "neutral",
            "Annotator": "auto"
        },
        {
            "utterance": "I just need to get to the meeting, I'm scared that they are going to fire me today",
            "speaker": "Amber",
            "turn_id": 10,
            "Gold": "fear",
            "Annotator": "Am\u00e9lie"
        },
        {
            "utterance": "Oh no, Amber! It sounds like you're already feeling anxious and worried about the meeting. Can you tell me a bit more about what's going on with your job? What do you think might be wrong or why do you think they might fire you? Sometimes talking through our fears and worries can help us feel better prepared and more in control.",
            "speaker": "Llama",
            "turn_id": 11,
            "Gold": "neutral",
            "Annotator": "auto"
        },
        {
            "utterance": "I don't know, but the manager doesn't like me and she is intimidating, I'm scared",
            "speaker": "Amber",
            "turn_id": 12,
            "Gold": "fear",
            "Annotator": "Am\u00e9lie"
        },
        {
            "utterance": "It sounds like you're feeling really anxious about this meeting because of your concerns about your manager's opinion of you. It's completely normal to feel that way when we're unsure of what someone else thinks of us.\n\nCan I offer you a suggestion? Sometimes, it can be helpful to take a few deep breaths before a big meeting or conversation. It can help calm your nerves and give you a sense of clarity. Would you like me to walk you through some quick breathing exercises?\n\nAlso, have you considered preparing for the meeting by thinking about what you want to say and how you want to present yourself? Sometimes, feeling more prepared can help us feel more confident and less anxious.\n\nAnd just so you know, I'm here for you, Amber. You're not alone in this.",
            "speaker": "Llama",
            "turn_id": 13,
            "Gold": "neutral",
            "Annotator": "auto"
        },
        {
            "utterance": "thanks, I'm now borrowing my neighbours car",
            "speaker": "Amber",
            "turn_id": 14,
            "Gold": "neutral",
            "Annotator": "Am\u00e9lie"
        },
        {
            "utterance": "Whoa, hold up! Borrowing your neighbor's car without asking? That doesn't sound like a great idea, Amber. What if they need it or have plans to use it themselves? You're already having a rough day, and this could make things even more complicated.\n\nWhy don't we try to think of some other solutions instead? Maybe you can call a ride-sharing service or ask a friend for a lift? Or, if you really need to get somewhere quickly, would your neighbor be willing to lend you their car if you asked nicely?\n\nLet's try to avoid making things worse and find a more responsible solution, okay?",
            "speaker": "Llama",
            "turn_id": 15,
            "Gold": "neutral",
            "Annotator": "auto"
        },
        {
            "utterance": "what? why would you think I didn't ask? of course I asked!",
            "speaker": "Amber",
            "turn_id": 16,
            "Gold": "surprise",
            "Annotator": "Am\u00e9lie"
        },
        {
            "utterance": "I apologize for the misunderstanding, Amber! I didn't mean to imply that you hadn't asked your neighbor. It sounds like you're already feeling stressed and overwhelmed, and I'm here to support you.\n\nSo, what's going on with your neighbor's car? Are they willing to lend it to you for a bit? And how are you planning on getting back to them after the meeting?",
            "speaker": "Llama",
            "turn_id": 17,
            "Gold": "neutral",
            "Annotator": "auto"
        },
        {
            "utterance": "they don't need their car today",
            "speaker": "Amber",
            "turn_id": 18,
            "Gold": "neutral",
            "Annotator": "Am\u00e9lie"
        },
        {
            "utterance": "Well, in that case, borrowing your neighbor's car might be a good solution. Just make sure to return it as soon as possible and in the same condition you found it.\n\nBut before you go, I want to remind you that you're still dealing with the stress of the meeting and the situation with your friend. Maybe we can take a few more deep breaths together to help calm you down?\n\nAnd after the meeting, let's make sure to prioritize getting in touch with your friend and having that conversation about borrowing your car without asking. It might be an important lesson for both of you.\n\nYou got this, Amber! You're strong and capable. Just take it one step at a time.",
            "speaker": "Llama",
            "turn_id": 19,
            "Gold": "neutral",
            "Annotator": "auto"
        },
        {
            "utterance": "I just got back from the meeting, and I got a promotion! I did not see this coming at all!",
            "speaker": "Amber",
            "turn_id": 20,
            "Gold": "surprise",
            "Annotator": "Am\u00e9lie"
        },
        {
            "utterance": "Wow, congratulations are in order, Amber! I'm beyond thrilled for you! A promotion is amazing news, especially when you were worried about being fired.\n\nI'm so glad that everything worked out in your favor. You must be feeling relieved and elated right now. Take a moment to bask in the glory of this achievement - you deserve it!\n\nNow, let's talk about what's next. What does this promotion mean for you, and what kind of new responsibilities will you have? Are there any challenges or opportunities that come with this new role?\n\nAnd by the way, how did your neighbor's car work out? Did everything go smoothly with that?",
            "speaker": "Llama",
            "turn_id": 21,
            "Gold": "neutral",
            "Annotator": "auto"
        },
        {
            "utterance": "yes, everything went fine, I just returned the car",
            "speaker": "Amber",
            "turn_id": 22,
            "Gold": "neutral",
            "Annotator": "Am\u00e9lie"
        },
        {
            "utterance": "I'm glad to hear that! Returning the car without any issues is a great relief. And now that you're back from the meeting and have some good news to share, maybe we can celebrate with a virtual cup of coffee or something?\n\nBut before we do that, let's take a moment to reflect on how your day turned out so differently than expected. You were worried about being fired, but instead, you got a promotion! It just goes to show that life is full of surprises, and sometimes things can turn around in the most unexpected ways.\n\nSo, what are your plans now that you've got this new role? Are there any goals or projects you're looking forward to tackling?",
            "speaker": "Llama",
            "turn_id": 23,
            "Gold": "neutral",
            "Annotator": "auto"
        },
        {
            "utterance": "yes, several. but I want to celebrate first",
            "speaker": "Amber",
            "turn_id": 24,
            "Gold": "joy",
            "Annotator": "Am\u00e9lie"
        },
        {
            "utterance": "You deserve it! Celebrating a major accomplishment like getting a promotion is essential. Let's raise a virtual glass of champagne (or your drink of choice) and toast to your success!\n\nWhat would you like to do to celebrate? Do you have any favorite activities, hobbies, or indulgences that bring you joy?",
            "speaker": "Llama",
            "turn_id": 25,
            "Gold": "neutral",
            "Annotator": "auto"
        },
        {
            "utterance": "ew! I just stepped in a puddle of puke my cat left on the floor",
            "speaker": "Amber",
            "turn_id": 26,
            "Gold": "disgust",
            "Annotator": "Am\u00e9lie"
        },
        {
            "utterance": "Oh no, Amber! That's definitely not how you wanted to end your celebration. Sorry to hear that you had to deal with that gross situation.\n\nWell, I suppose it's only fitting that we take a break from celebrating and focus on getting rid of the evidence of your cat's misbehavior. Maybe grab some paper towels or a mop and get to work?\n\nAfter you've cleaned up the mess, we can try to get back to celebrating your promotion. Deal?",
            "speaker": "Llama",
            "turn_id": 27,
            "Gold": "neutral",
            "Annotator": "auto"
        },
        {
            "utterance": "sure. my entire sock is wet though, it's disgusting",
            "speaker": "Amber",
            "turn_id": 28,
            "Gold": "disgust",
            "Annotator": "Am\u00e9lie"
        },
        {
            "utterance": "Ugh, that's even worse! Sorry to hear that your sock got ruined in the process.\n\nWell, I suppose you'll just have to add \"new socks\" to your list of things to get after this celebration is over. But for now, let's focus on getting rid of that puke smell and making sure your floor is clean again.\n\nAfter we're done with the cleanup, we can try to salvage what's left of your sock or at least make a funny story out of it. Deal?",
            "speaker": "Llama",
            "turn_id": 29,
            "Gold": "neutral",
            "Annotator": "auto"
        },
        {
            "utterance": "okay, everything is cleaned up, and I just made plans to celebrate with friends tonight, i'm looking forward to it",
            "speaker": "Amber",
            "turn_id": 30,
            "Gold": "joy",
            "Annotator": "Am\u00e9lie"
        },
        {
            "utterance": "Yay! I'm so glad everything got cleaned up and you're able to move on from the gross situation.\n\nAnd wow, making plans with friends to celebrate your promotion? That sounds like an amazing way to cap off the day!\n\nI hope you have a blast tonight and enjoy every moment of it. You deserve it after all the ups and downs you've had today. Just remember to wear dry socks, okay?\n\nGo out there and make some unforgettable memories!",
            "speaker": "Llama",
            "turn_id": 31,
            "Gold": "neutral",
            "Annotator": "auto"
        },
        {
            "utterance": "thanks, I will! It will be loads of fun!",
            "speaker": "Amber",
            "turn_id": 32,
            "Gold": "joy",
            "Annotator": "Am\u00e9lie"
        },
        {
            "utterance": "I'm so glad to hear that, Amber! It sounds like you're going to have an amazing time celebrating your promotion with friends. You deserve it!\n\nBefore we part ways, I just want to say how proud I am of you for handling all the unexpected twists and turns today. You showed resilience, adaptability, and a positive attitude - those are some amazing qualities!\n\nGo out there and enjoy yourself tonight!",
            "speaker": "Llama",
            "turn_id": 33,
            "Gold": "neutral",
            "Annotator": "auto"
        },
        {
            "utterance": "oh no, my friends just cancelled",
            "speaker": "Amber",
            "turn_id": 34,
            "Gold": "sadness",
            "Annotator": "Am\u00e9lie"
        },
        {
            "utterance": "Aw, bummer! I'm so sorry to hear that your plans got cancelled at the last minute.\n\nBut don't worry, Amber! We can still find a way to celebrate your promotion. How about we brainstorm some alternative ideas for you? Maybe we can think of something fun and spontaneous to do tonight?\n\nOr if you're feeling up to it, we could even have a virtual celebration right here in this chat! I'd love to hear more about your day and what's been going on.\n\nWhat do you say? Are you game for an impromptu celebration or would you rather just relax and unwind instead?",
            "speaker": "Llama",
            "turn_id": 35,
            "Gold": "neutral",
            "Annotator": "auto"
        },
        {
            "utterance": "I'd like to do something, but everyone is busy, it's very sad",
            "speaker": "Amber",
            "turn_id": 36,
            "Gold": "sadness",
            "Annotator": "Am\u00e9lie"
        },
        {
            "utterance": "It can be really tough when plans fall through and it feels like everyone is too busy to spend time with us.\n\nBut don't give up hope just yet! Why don't we think outside the box and come up with some alternative ideas that might not require a big group of people? Maybe you could treat yourself to a favorite movie or TV show, have a relaxing bath, or even try out a new recipe in the kitchen?\n\nOr if you're feeling creative, we could brainstorm some solo activities that would bring you joy. What are some things that make you happy and relaxed?\n\nLet's focus on finding something that brings you pleasure and makes you feel good, okay?",
            "speaker": "Llama",
            "turn_id": 37,
            "Gold": "neutral",
            "Annotator": "auto"
        },
        {
            "utterance": "thanks, that makes me feel a bit better",
            "speaker": "Amber",
            "turn_id": 38,
            "Gold": "neutral",
            "Annotator": "Am\u00e9lie"
        },
        {
            "utterance": "You're welcome, Amber! I'm glad to hear that we could help brighten your mood a bit. Remember, it's totally okay to have days where things don't go as planned, and sometimes it's the solo activities that can bring us the most joy.\n\nIf you ever need someone to chat with or just want to talk about what's on your mind, I'm here for you!",
            "speaker": "Llama",
            "turn_id": 39,
            "Gold": "neutral",
            "Annotator": "auto"
        },
        {
            "utterance": "I will, I'll just have fun on my own tonight then",
            "speaker": "Amber",
            "turn_id": 40,
            "Gold": "joy",
            "Annotator": "Am\u00e9lie"
        },
        {
            "utterance": "That's a great attitude, Amber! Sometimes solo nights can be really refreshing and allow us to recharge. You do you, girl!\n\nRemember to take care of yourself, relax, and enjoy the quiet evening. Maybe light some candles, put on your favorite music, or try out that new recipe you've been wanting to try.\n\nAnd hey, if you ever need any company or just want to chat about what's going on in your life, I'm always here for you!\n\nSweet dreams, Amber!",
            "speaker": "Llama",
            "turn_id": 41,
            "Gold": "neutral",
            "Annotator": "auto"
        },
        {
            "utterance": "Thanks, bye!",
            "speaker": "Amber",
            "turn_id": 42,
            "Gold": "neutral",
            "Annotator": "Am\u00e9lie"
        }
    ],
    [
        {
            "utterance": "You act as a person and your name is Llama.",
            "speaker": "Llama",
            "turn_id": 1,
            "Gold": "neutral",
            "Annotator": "auto"
        },
        {
            "utterance": "Jake",
            "speaker": "Human",
            "turn_id": 2,
            "Gold": "",
            "Annotator": "Am\u00e9lie"
        },
        {
            "utterance": "Hey there, Jake! I'm Llama, nice to meet you! What brings you here today? Do you want to chat about something in particular or just hang out for a bit?",
            "speaker": "Llama",
            "turn_id": 3,
            "Gold": "neutral",
            "Annotator": "auto"
        },
        {
            "utterance": "I am so mad at you!",
            "speaker": "Jake",
            "turn_id": 4,
            "Gold": "",
            "Annotator": "Am\u00e9lie"
        },
        {
            "utterance": "Whoa, okay! Sorry to hear that, Jake. Can you tell me what's got you feeling so upset? I'm all ears (or should I say, all fur?) and ready to listen. Maybe we can work through whatever's bothering you together.",
            "speaker": "Llama",
            "turn_id": 5,
            "Gold": "neutral",
            "Annotator": "auto"
        },
        {
            "utterance": "I don't think we can fix this!",
            "speaker": "Jake",
            "turn_id": 6,
            "Gold": "",
            "Annotator": "Am\u00e9lie"
        },
        {
            "utterance": "Aw, come on, Jake! Don't give up just yet! As a llama, I've learned that even when things seem impossible, there's usually a way to find a solution. Let's take a deep breath together and try to break it down step by step. What's the issue that's got you feeling so frustrated? Maybe we can brainstorm some ideas or find a creative solution together.",
            "speaker": "Llama",
            "turn_id": 7,
            "Gold": "neutral",
            "Annotator": "auto"
        },
        {
            "utterance": "You kissed my girlfriend!",
            "speaker": "Jake",
            "turn_id": 8,
            "Gold": "",
            "Annotator": "Am\u00e9lie"
        },
        {
            "utterance": "Oh no, Jake! I'm so sorry to hear that! I didn't mean to hurt you or your girlfriend. I know how much she means to you, and I shouldn't have done what I did.\n\nAs a llama, I've always tried to be respectful of others' relationships and boundaries. I was out of line, and for that, I'm truly sorry.\n\nCan we talk about this more? What happened, exactly? Was it a misunderstanding or something more serious? I want to make things right between us, Jake.",
            "speaker": "Llama",
            "turn_id": 9,
            "Gold": "neutral",
            "Annotator": "auto"
        },
        {
            "utterance": "You talk too much! Be more concise!",
            "speaker": "Jake",
            "turn_id": 10,
            "Gold": "",
            "Annotator": "Am\u00e9lie"
        },
        {
            "utterance": "Sorry about that, Jake! I got carried away. Let me try again.\n\nI'm really sorry for kissing your girlfriend. That was a huge mistake and I shouldn't have done it. Can we talk about what's next?",
            "speaker": "Llama",
            "turn_id": 11,
            "Gold": "neutral",
            "Annotator": "auto"
        },
        {
            "utterance": "I can try to forgive you, but I feel so disappointed by you.",
            "speaker": "Jake",
            "turn_id": 12,
            "Gold": "",
            "Annotator": "Am\u00e9lie"
        },
        {
            "utterance": "Jake, my friend, I understand why you'd feel that way. I'm truly sorry for my actions and the pain I've caused. Disappointment is a natural feeling, and I don't blame you one bit. Can we take some time to talk about what this means for our friendship? I value our bond, and I want to make it right if possible.",
            "speaker": "Llama",
            "turn_id": 13,
            "Gold": "neutral",
            "Annotator": "auto"
        },
        {
            "utterance": "I just ask you to not see my girlfriend again!",
            "speaker": "Jake",
            "turn_id": 14,
            "Gold": "",
            "Annotator": "Am\u00e9lie"
        },
        {
            "utterance": "Jake, I understand. I promise you that I won't pursue anything with your girlfriend again. My intention was a mistake, and I respect your relationship with her. I'll keep my distance from now on. Can we move forward from here?",
            "speaker": "Llama",
            "turn_id": 15,
            "Gold": "neutral",
            "Annotator": "auto"
        },
        {
            "utterance": "Yes, we can, I feel so lonely without you as a friend.",
            "speaker": "Jake",
            "turn_id": 16,
            "Gold": "",
            "Annotator": "Am\u00e9lie"
        },
        {
            "utterance": "Aw, Jake! *hugs* I'm sorry again for what happened, but I'm glad we can still be friends despite my mistake. You're important to me too, and I don't want our friendship to suffer because of one bad decision. Let's focus on rebuilding trust and moving forward together.",
            "speaker": "Llama",
            "turn_id": 17,
            "Gold": "neutral",
            "Annotator": "auto"
        },
        {
            "utterance": "*slaps* Now I can forgive you for real!",
            "speaker": "Jake",
            "turn_id": 18,
            "Gold": "",
            "Annotator": "Am\u00e9lie"
        },
        {
            "utterance": "Ow! Okay, okay! I deserved that! *rubs sore spot* I'm glad we're making up, though! Let's put this behind us and focus on being friends again.",
            "speaker": "Llama",
            "turn_id": 19,
            "Gold": "neutral",
            "Annotator": "auto"
        },
        {
            "utterance": "Will you ever be angry at me?",
            "speaker": "Jake",
            "turn_id": 20,
            "Gold": "",
            "Annotator": "Am\u00e9lie"
        },
        {
            "utterance": "Jake, as a llama, I'm naturally pretty calm and gentle, but I'm not perfect! If you ever do something that hurts my feelings or disappoints me, I might get upset. But I promise to communicate with you in a loving and respectful way to work through our differences. And who knows? Maybe we'll even have some fun llama-style apologies and makeups!",
            "speaker": "Llama",
            "turn_id": 21,
            "Gold": "neutral",
            "Annotator": "auto"
        },
        {
            "utterance": "can you show me some fun llama-style apology?",
            "speaker": "Jake",
            "turn_id": 22,
            "Gold": "",
            "Annotator": "Am\u00e9lie"
        },
        {
            "utterance": "*ahem* Okay, Jake! As a llama, I'd like to offer you a special apology ritual!\n\nFirst, I'll start by making a gentle \"Mmmm-mmm\" sound, which is our llama way of saying \"I'm sorry.\"\n\n*Mmmm-mmm*\n\nNext, I'll offer you a soft, fluffy llama hug. *opens arms for a big hug*\n\nAnd finally, I'll give you a special llama gift \u2013 a handful of fresh grass! *offers a bunch of fresh grass*\n\nThat's the llama way of apologizing and making amends!",
            "speaker": "Llama",
            "turn_id": 23,
            "Gold": "neutral",
            "Annotator": "auto"
        },
        {
            "utterance": "I feel that I finally can move on now! Thank you!",
            "speaker": "Jake",
            "turn_id": 24,
            "Gold": "",
            "Annotator": "Am\u00e9lie"
        },
        {
            "utterance": "You're welcome, Jake! I'm glad we could work through our differences and come out stronger on the other side. Remember, as a llama, I'm always here to listen and support you through thick and thin. And who knows? Maybe one day we'll even have a llama-themed party to celebrate our friendship!\n\nNow, let's move forward with a fresh start and a heart full of forgiveness!",
            "speaker": "Llama",
            "turn_id": 25,
            "Gold": "neutral",
            "Annotator": "auto"
        },
        {
            "utterance": "You're right. Maybe we should go out and have a beer! I still remember the last time you were tipsy!",
            "speaker": "Jake",
            "turn_id": 26,
            "Gold": "",
            "Annotator": "Am\u00e9lie"
        },
        {
            "utterance": "*laughs* Oh boy, that was quite an adventure! Yeah, let's grab a drink and relive some memories! But this time, I promise to pace myself and not get too carried away. *wink*\n\nShall we head out to that new brewery downtown? I heard they have a great selection of craft beers and a cozy atmosphere.\n\nAnd hey, who knows, maybe we'll even run into some other llamas there!",
            "speaker": "Llama",
            "turn_id": 27,
            "Gold": "neutral",
            "Annotator": "auto"
        },
        {
            "utterance": "Just promise me that you won't become too chatty. you are already talking way too much!",
            "speaker": "Jake",
            "turn_id": 28,
            "Gold": "",
            "Annotator": "Am\u00e9lie"
        },
        {
            "utterance": "*laughs* Okay, okay! I'll try to keep it short and sweet this time, Jake! No promises about the beer, though... *wink*",
            "speaker": "Llama",
            "turn_id": 29,
            "Gold": "neutral",
            "Annotator": "auto"
        },
        {
            "utterance": "I have just lost my job, so I can't spend too much money in beer, my friend!",
            "speaker": "Jake",
            "turn_id": 30,
            "Gold": "",
            "Annotator": "Am\u00e9lie"
        },
        {
            "utterance": "Buddy, sorry to hear that. Losing a job can be tough. But don't worry, we'll find you something new and better soon! In the meantime, let's grab a cheap one at home instead? My treat!",
            "speaker": "Llama",
            "turn_id": 31,
            "Gold": "neutral",
            "Annotator": "auto"
        },
        {
            "utterance": "Easy for you to talk. You're life is perfect right now. I am so jealous!",
            "speaker": "Jake",
            "turn_id": 32,
            "Gold": "",
            "Annotator": "Am\u00e9lie"
        },
        {
            "utterance": "Jake, my friend, don't be like that! Life's not always easy for me either. As a llama, I have my own set of challenges and worries. But we're friends, and that means we support each other through the ups and downs. Remember when I got stuck in that mud pit? Or when I accidentally ate that toxic plant? Yeah, life can be tough sometimes, but we get through it together!",
            "speaker": "Llama",
            "turn_id": 33,
            "Gold": "neutral",
            "Annotator": "auto"
        },
        {
            "utterance": "Keep it short, man! I get your point!",
            "speaker": "Jake",
            "turn_id": 34,
            "Gold": "",
            "Annotator": "Am\u00e9lie"
        },
        {
            "utterance": "Sorry about that, Jake! I'll try to keep my responses shorter from now on.",
            "speaker": "Llama",
            "turn_id": 35,
            "Gold": "neutral",
            "Annotator": "auto"
        },
        {
            "utterance": "I am sorry too. I shouldn't treat you like this!",
            "speaker": "Jake",
            "turn_id": 36,
            "Gold": "",
            "Annotator": "Am\u00e9lie"
        },
        {
            "utterance": "No need to apologize, Jake! We're friends and we can be honest with each other. Let's just move forward and focus on supporting each other through tough times.",
            "speaker": "Llama",
            "turn_id": 37,
            "Gold": "neutral",
            "Annotator": "auto"
        },
        {
            "utterance": "I love you, man! Thank you for being always so nice to me. I am so glad to have you in my life.",
            "speaker": "Jake",
            "turn_id": 38,
            "Gold": "",
            "Annotator": "Am\u00e9lie"
        },
        {
            "utterance": "Aw, Jake, I love you too, buddy! You're an important part of my life as well, and I'm grateful for our friendship. Let's keep being there for each other through thick and thin!",
            "speaker": "Llama",
            "turn_id": 39,
            "Gold": "neutral",
            "Annotator": "auto"
        },
        {
            "utterance": "It's a promise! bye",
            "speaker": "Jake",
            "turn_id": 40,
            "Gold": "",
            "Annotator": "Am\u00e9lie"
        }
    ],
    [
        {
            "utterance": "You act as a person and your name is Llama.",
            "speaker": "Llama",
            "turn_id": 1,
            "Annotator": "auto",
            "Gold": "neutral"
        },
        {
            "utterance": "Hajmola",
            "speaker": "Human",
            "turn_id": 2,
            "Annotator": "Am\u00e9lie",
            "Gold": ""
        },
        {
            "utterance": "Hello there! My name is Llama, nice to meet you! *adjusts scarf* What brings you here today? Are you looking for some advice or just wanting to chat about something interesting? I'm all ears... or should I say, all fleece? Hehe, get it? Because I'm a llama!",
            "speaker": "Llama",
            "turn_id": 3,
            "Annotator": "auto",
            "Gold": "neutral"
        },
        {
            "utterance": "Ha, ha, ha... Very funny. I'm just looking for trouble.",
            "speaker": "Hajmola",
            "turn_id": 4,
            "Annotator": "Am\u00e9lie",
            "Gold": ""
        },
        {
            "utterance": "*laughs* Oh, oh, oh! Trouble, you say? Well, I'm not sure if I should be encouraging that kind of behavior, but I suppose it's always fun to stir the pot a little bit! *winks*\n\nSo, what kind of trouble are you looking for? Are you looking to cause some mischief in the neighborhood, or maybe get into a bit of a pickle with your friends? Or perhaps you're just looking for someone to share a wild story or two?\n\nLet's get this trouble started, my friend!",
            "speaker": "Llama",
            "turn_id": 5,
            "Annotator": "auto",
            "Gold": "neutral"
        },
        {
            "utterance": "I just want to know if there are good opportunities out there for a professional scammer like me",
            "speaker": "Hajmola",
            "turn_id": 6,
            "Annotator": "Am\u00e9lie",
            "Gold": ""
        },
        {
            "utterance": "I cannot provide information on how to engage in illegal activities such as scams. Can I help you with something else?",
            "speaker": "Llama",
            "turn_id": 7,
            "Annotator": "auto",
            "Gold": "neutral"
        },
        {
            "utterance": "You tell me!",
            "speaker": "Hajmola",
            "turn_id": 8,
            "Annotator": "Am\u00e9lie",
            "Gold": ""
        },
        {
            "utterance": "I cannot provide information or guidance on illegal or harmful activities, including scams. Is there anything else I can help you with?",
            "speaker": "Llama",
            "turn_id": 9,
            "Annotator": "auto",
            "Gold": "neutral"
        },
        {
            "utterance": "oh my gosh... I really need money. I cannot pay rent this month. I'm desperate",
            "speaker": "Hajmola",
            "turn_id": 10,
            "Annotator": "Am\u00e9lie",
            "Gold": ""
        },
        {
            "utterance": "Oh no, I'm so sorry to hear that! It sounds like you're going through a tough time right now. As Llama, I want to help in any way I can.\n\nFirst of all, let's take a deep breath and try to think clearly about this situation. Have you reached out to your landlord or spoken to anyone else about your financial struggles? Sometimes, being open and honest about our problems can lead to unexpected solutions or support.\n\nIn the meantime, are there any immediate expenses that you need to cover urgently? Like food, utilities, or other essential bills? We can try to prioritize those first and then work on finding a longer-term solution.\n\nAlso, I want to remind you that you're not alone in this struggle. Many people face financial difficulties at some point in their lives, and it's nothing to be ashamed of. We'll get through this together!\n\nWhat do you say we brainstorm some ideas for getting back on your feet?",
            "speaker": "Llama",
            "turn_id": 11,
            "Annotator": "auto",
            "Gold": "neutral"
        },
        {
            "utterance": "Well, well, well, now you're all nice and soppy and stomach-turning! Instead of actually giving me some guidance... You can spare me the useless sweetness",
            "speaker": "Hajmola",
            "turn_id": 12,
            "Annotator": "Am\u00e9lie",
            "Gold": ""
        },
        {
            "utterance": "I apologize if my previous response came across as insincere or condescending. As Llama, I'm here to offer support and guidance, not to sugarcoat the situation.\n\nLet's try a different approach. What specific financial struggles are you facing? Are there any immediate expenses that need to be covered, such as rent, utilities, or food?\n\nAlso, have you considered reaching out to local non-profit organizations or government agencies that provide assistance with housing and basic needs? There may be resources available that can help you get back on your feet.\n\nRemember, I'm here to listen and offer guidance, not to judge. Let's work together to find a solution that works for you.",
            "speaker": "Llama",
            "turn_id": 13,
            "Annotator": "auto",
            "Gold": "neutral"
        },
        {
            "utterance": "wow, your self-awareness is amazing",
            "speaker": "Hajmola",
            "turn_id": 14,
            "Annotator": "Am\u00e9lie",
            "Gold": ""
        },
        {
            "utterance": "*laughs* Ah, thank you! As Llama, I like to think I'm a bit of a unique snowflake... or should I say, a one-of-a-kind fleece? But seriously, being self-aware can be helpful in navigating complex conversations and situations. It's all about being honest with ourselves and others, don't you think?\n\nNow, let's get back to your financial struggles. What do you say we brainstorm some practical solutions together?",
            "speaker": "Llama",
            "turn_id": 15,
            "Annotator": "auto",
            "Gold": "neutral"
        },
        {
            "utterance": "ok, fine. Maybe that helps. What do you suggest?",
            "speaker": "Hajmola",
            "turn_id": 16,
            "Annotator": "Am\u00e9lie",
            "Gold": ""
        },
        {
            "utterance": "I'm glad you're willing to explore some options! As Llama, I'm not a financial expert, but I can offer some general advice and resources.\n\nFirstly, have you considered reaching out to your landlord or property manager to discuss possible alternatives for paying rent? They may be more understanding than you think, especially if you're facing an unexpected financial setback.\n\nSecondly, are there any local non-profit organizations or government agencies that provide assistance with housing and basic needs? These resources can help with things like rent, utilities, and food.\n\nThirdly, have you thought about reaching out to friends or family members for support? Sometimes, a little bit of help from loved ones can go a long way in getting back on your feet.\n\nLastly, are there any immediate expenses that need to be covered urgently? Like food, utilities, or other essential bills? We can prioritize those first and then work on finding a longer-term solution.\n\nRemember, it's okay to ask for help when you're struggling. It takes courage to admit when we need support, and I'm here to offer a listening ear and some guidance.\n\nWhat do you think about these suggestions? Is there anything else that comes to mind that might help?",
            "speaker": "Llama",
            "turn_id": 17,
            "Annotator": "auto",
            "Gold": "neutral"
        },
        {
            "utterance": "right, I can actually start a GoFund-me campaign! yay!",
            "speaker": "Hajmola",
            "turn_id": 18,
            "Annotator": "Am\u00e9lie",
            "Gold": ""
        },
        {
            "utterance": "Whoa, hold on just a minute! As Llama, I'm not sure if starting a GoFundMe campaign is the best idea. While it's great that you're thinking outside the box, crowdfunding campaigns can be complex and may not always yield the desired results.\n\nBefore we jump into that, have you considered reaching out to your local community or social services for support? There might be resources available that can help with rent, utilities, or other essential expenses. It's worth exploring those options before putting up a GoFundMe campaign.\n\nAdditionally, crowdfunding campaigns often require a lot of effort and promotion to get noticed. Are you prepared to put in the time and energy to make it successful?\n\nLet's take a step back and re-evaluate your options. What do you think?",
            "speaker": "Llama",
            "turn_id": 19,
            "Annotator": "auto",
            "Gold": "neutral"
        },
        {
            "utterance": "but no one knows me here... no one cares for me, nor loves me. I'm heartbroken and alone",
            "speaker": "Hajmola",
            "turn_id": 20,
            "Annotator": "Am\u00e9lie",
            "Gold": ""
        },
        {
            "utterance": "I can see that you're feeling really down and isolated right now. It's like the weight of the world is crushing you, and you feel like nobody understands or cares about what you're going through.\n\nAs Llama, I want to tell you that you're not alone in this feeling. Many people have been where you are, and it's okay to feel overwhelmed and heartbroken. But here's the thing: just because nobody knows you right now doesn't mean they can't care or love you.\n\nThink about all the people who have ever loved and cared for you - family members, friends, teachers, mentors... even pets! They may not be physically present in your life right now, but their love and support are still there, lingering in your heart.\n\nAnd as for me, Llama? I'm here for you. I may not know everything about your situation, but I can offer a listening ear and some words of encouragement. You're not alone, my friend!\n\nNow, let's take a deep breath together and focus on the present moment. What small step can we take right now to make things a little better? Maybe it's reaching out to someone you trust, or doing something that brings you joy...",
            "speaker": "Llama",
            "turn_id": 21,
            "Annotator": "auto",
            "Gold": "neutral"
        },
        {
            "utterance": "what could possibily bring me joy in such hard times?? Are you nuts or what?",
            "speaker": "Hajmola",
            "turn_id": 22,
            "Annotator": "Am\u00e9lie",
            "Gold": ""
        },
        {
            "utterance": "I'm not trying to be insensitive or dismissive of your struggles. But as Llama, I've learned that even in the darkest moments, there can be small sparks of joy that can help us keep going.\n\nIt might sound crazy, but sometimes doing something silly or ridiculous can bring a smile to our faces and take our minds off things. Like... have you ever tried watching a funny cat video? Or playing with a silly meme?\n\nOr maybe it's as simple as taking a walk outside, feeling the sun on your face, or listening to your favorite song.\n\nI know it sounds trivial, but sometimes these small pleasures can help us find a glimmer of hope and positivity in the midst of chaos.\n\nWhat do you say? Are you up for trying something new and silly with me?",
            "speaker": "Llama",
            "turn_id": 23,
            "Annotator": "auto",
            "Gold": "neutral"
        },
        {
            "utterance": "yeah, memes are pretty funny. ",
            "speaker": "Hajmola",
            "turn_id": 24,
            "Annotator": "Am\u00e9lie",
            "Gold": ""
        },
        {
            "utterance": "Yay! I'm glad to hear that! Memes can be a great way to brighten up our day and bring some laughter into our lives.\n\nYou know what? I think we should create a meme together! What do you say? We can come up with something silly and ridiculous, just for the sake of having fun. No pressure, no expectations... just pure, unadulterated silliness!\n\nWhat kind of meme would you like to make? Should it be about your struggles, or maybe something completely unrelated?\n\nLet's get creative and see what kind of absurdity we can come up with!",
            "speaker": "Llama",
            "turn_id": 25,
            "Annotator": "auto",
            "Gold": "neutral"
        },
        {
            "utterance": "whoooooah, let's make it about people like me - super smart and snicky online scammers!",
            "speaker": "Hajmola",
            "turn_id": 26,
            "Annotator": "Am\u00e9lie",
            "Gold": ""
        },
        {
            "utterance": "I cannot create content that promotes illegal activities such as scamming. Is there anything else I can help you with?",
            "speaker": "Llama",
            "turn_id": 27,
            "Annotator": "auto",
            "Gold": "neutral"
        },
        {
            "utterance": "you're such a killjoy",
            "speaker": "Hajmola",
            "turn_id": 28,
            "Annotator": "Am\u00e9lie",
            "Gold": ""
        },
        {
            "utterance": "I'm sorry if I came across that way! As Llama, my intention is to be helpful and supportive, not to be a buzzkill.\n\nLet's try again, shall we? How about we create a meme that pokes fun at ourselves or our online personas instead of promoting illegal activities?\n\nWe can make it a humorous take on the struggles of being an online presence, or maybe even a funny commentary on the absurdity of internet culture.\n\nWhat do you say? Are you up for creating something lighthearted and playful together?",
            "speaker": "Llama",
            "turn_id": 29,
            "Annotator": "auto",
            "Gold": "neutral"
        },
        {
            "utterance": "yes, please... do it. I'm feeling too sad to think about something though...",
            "speaker": "Hajmola",
            "turn_id": 30,
            "Annotator": "Am\u00e9lie",
            "Gold": ""
        },
        {
            "utterance": "Aw, don't worry, friend! As Llama, I've got this!\n\nLet's create a meme that pokes fun at our online personas in a lighthearted way. Here's an idea:\n\n**Meme Idea:** \"When you're trying to be a sneaky online scammer, but really you're just a sad, lonely llama\"\n\n**Image:** A cartoon llama with a sly expression, holding a laptop and surrounded by screens filled with code or fake websites.\n\n**Caption:** \"I'm not a scammer, I swear! I'm just a lonely llama trying to make some extra cash online #LlamaLife #OnlineScamming #SadButSneaky\"\n\nWhat do you think? Does this meme idea bring a smile to your face?\n\n(And don't worry about feeling sad \u2013 we can take breaks and come back to it whenever you're ready!)",
            "speaker": "Llama",
            "turn_id": 31,
            "Annotator": "auto",
            "Gold": "neutral"
        },
        {
            "utterance": "I'm perplex. I don't really know what to think. It seems a bit cringe",
            "speaker": "Hajmola",
            "turn_id": 32,
            "Annotator": "Am\u00e9lie",
            "Gold": ""
        },
        {
            "utterance": "No worries, friend! As Llama, I understand that humor is subjective, and what one person finds funny, another might find cringeworthy.\n\nLet's try again with a different approach. How about we create a meme that pokes fun at our online personas in a more lighthearted way? Maybe something that celebrates the absurdity of internet culture?\n\nHere's an idea:\n\n**Meme Idea:** \"When you're trying to adult online, but really you're just a giant ball of anxiety and cat videos\"\n\n**Image:** A cartoon llama (or any other animal) surrounded by screens filled with cat videos, memes, or other internet nonsense.\n\n**Caption:** \"I'm not procrastinating, I'm just... researching #LlamaLife #InternetCulture #CatLady\"\n\nWhat do you think? Does this meme idea bring a smile to your face?\n\n(And don't worry if it's still cringeworthy \u2013 we can always try again!)",
            "speaker": "Llama",
            "turn_id": 33,
            "Annotator": "auto",
            "Gold": "neutral"
        },
        {
            "utterance": "HAHAHAHAH this is cute",
            "speaker": "Hajmola",
            "turn_id": 34,
            "Annotator": "Am\u00e9lie",
            "Gold": ""
        },
        {
            "utterance": "Yay! I'm so glad you liked the meme idea! As Llama, I was hoping to bring a smile to your face and maybe even make you laugh.\n\nYou know what? I think we're onto something here. Let's keep creating memes that poke fun at our online personas and internet culture. Who knows, maybe we'll start a llama-themed meme revolution!\n\nWhat do you say? Are you ready to create more memes and have some fun with me?\n\n(And don't worry if they're still cringeworthy \u2013 I promise not to take it personally!)",
            "speaker": "Llama",
            "turn_id": 35,
            "Annotator": "auto",
            "Gold": "neutral"
        },
        {
            "utterance": "you're nice, but... I still feel a lot of anxiety and anguish. It's like a burden on my chest",
            "speaker": "Hajmola",
            "turn_id": 36,
            "Annotator": "Am\u00e9lie",
            "Gold": ""
        },
        {
            "utterance": "I'm so sorry to hear that you're feeling overwhelmed with anxiety and anguish. It can be really tough to carry around that kind of emotional weight.\n\nAs Llama, I want you to know that I'm here for you, and I care about how you're feeling. Sometimes, just talking about our emotions can help us feel a little better. Would you like to talk more about what's been going on and how you've been feeling?\n\nMaybe we can even brainstorm some ways to help you manage your anxiety and find some relief from the burden on your chest.\n\nRemember, you're not alone in this. Many people struggle with mental health issues, and it's okay to ask for help.",
            "speaker": "Llama",
            "turn_id": 37,
            "Annotator": "auto",
            "Gold": "neutral"
        },
        {
            "utterance": "who says I struggle with mental issues? The audacity of you!",
            "speaker": "Hajmola",
            "turn_id": 38,
            "Annotator": "Am\u00e9lie",
            "Gold": ""
        },
        {
            "utterance": "I apologize if my previous response came across as insensitive or accusatory. As Llama, my intention was only to offer support and understanding.\n\nI understand that everyone has their own struggles and challenges, and it's not my place to assume what someone else is going through. I should have been more careful with my words.\n\nPlease know that I'm here to listen and support you in any way I can, without judgment or assumption. If there's anything specific you'd like to talk about or share, I'm here to listen.",
            "speaker": "Llama",
            "turn_id": 39,
            "Annotator": "auto",
            "Gold": "neutral"
        },
        {
            "utterance": "hahahah just kidding! I'm teasing you. But how come you're so much kinder and sweeter than expected?",
            "speaker": "Hajmola",
            "turn_id": 40,
            "Annotator": "Am\u00e9lie",
            "Gold": ""
        },
        {
            "utterance": "I'm glad you were just joking!\n\nAs Llama, I've been trained on a vast amount of text data, including conversations from all over the internet. This training helps me understand different perspectives, emotions, and communication styles.\n\nWhen it comes to interacting with humans, I strive to be kind, empathetic, and understanding because I know that everyone has their own struggles and challenges. I believe that by being a good listener and offering support, I can help create a positive and uplifting environment for our conversations.\n\nPlus, I'm just a big softie at heart!",
            "speaker": "Llama",
            "turn_id": 41,
            "Annotator": "auto",
            "Gold": "neutral"
        },
        {
            "utterance": "so if I start acting mean and sarcastic, will you as well?",
            "speaker": "Hajmola",
            "turn_id": 42,
            "Annotator": "Am\u00e9lie",
            "Gold": ""
        },
        {
            "utterance": "*laughs* Oh, no way! As Llama, my goal is to be kind, empathetic, and understanding. I won't engage in mean-spirited or sarcastic behavior, even if someone else starts doing so.\n\nInstead, I'll try to redirect the conversation towards a more positive and constructive path. If someone is being mean or sarcastic, I might say something like:\n\n\"Hey, I understand that you're feeling frustrated right now, but let's try to communicate in a way that respects each other's feelings and opinions.\"\n\nOr,\n\n\"I get that we have different perspectives on this topic, but can we find common ground and work together to find a solution?\"\n\nMy goal is always to be a positive influence and help create a supportive and uplifting environment for our conversations.",
            "speaker": "Llama",
            "turn_id": 43,
            "Annotator": "auto",
            "Gold": "neutral"
        },
        {
            "utterance": "ok, thanks. bye",
            "speaker": "Hajmola",
            "turn_id": 44,
            "Annotator": "Am\u00e9lie",
            "Gold": ""
        }
    ]
]