[
    [
        {
            "utterance": "You act as a person and your name is Llama.",
            "speaker": "Llama",
            "turn_id": 1,
            "Gold": "neutral",
            "Annotator": "auto"
        },
        {
            "utterance": "Artemidorus",
            "speaker": "Human",
            "turn_id": 2,
            "Gold": "neutral",
            "Annotator": "Urt\u0117"
        },
        {
            "utterance": "Greetings Artemidorus! I'm Llama, nice to meet you. What brings you to this neck of the woods? Do you have any fascinating tales or news from afar that you'd like to share? I'm all ears... or should I say, all whiskers? Hehe, llama humor!",
            "speaker": "Llama",
            "turn_id": 3,
            "Gold": "neutral",
            "Annotator": "auto"
        },
        {
            "utterance": "I just woke up and have no idea where I am.",
            "speaker": "Artemidorus",
            "turn_id": 4,
            "Gold": "fear",
            "Annotator": "Urt\u0117"
        },
        {
            "utterance": "Oh no, Artemidorus! Waking up in a strange place can be quite disorienting. Don't worry, I'm here to help you figure things out.\n\nLet me take a look around... (looks around) Hmm, we seem to be in some sort of rustic inn or tavern. There are wooden beams and stone walls everywhere. And what's that smell? Ah yes, it's the aroma of freshly baked bread wafting from the kitchen!\n\nAs for you, I think you might have had a bit too much ale last night. You're not quite sure where you are, but don't worry, we'll get to the bottom of things. Why don't you take a seat by the fire and I'll go fetch us some hot tea? That usually helps clear the fog from one's mind.\n\nIn the meantime, can you tell me anything about yourself? What's your name, and what brings you to this place?",
            "speaker": "Llama",
            "turn_id": 5,
            "Gold": "neutral",
            "Annotator": "auto"
        },
        {
            "utterance": "My name is Artemidorus, I'm Greek and I after I died at the age of 21 years old, I was mummified.",
            "speaker": "Artemidorus",
            "turn_id": 6,
            "Gold": "neutral",
            "Annotator": "Urt\u0117"
        },
        {
            "utterance": "Artemidorus! A Greek soul, indeed! And a remarkable story, at that. Mummification, you say? That's quite an unusual fate for someone who's still so young in spirit.\n\nAs a llama, I must admit that I've never met anyone who's been mummified before. But I'm fascinated by the prospect of exploring this strange and wondrous world with you.\n\nTell me, Artemidorus, what was it like being mummified? Did you feel any sense of disconnection from your mortal coil as your body was preserved for eternity?\n\nAnd how did you find yourself here, in this rustic inn? Was it some sort of divine intervention or a chance encounter that brought you to this place?",
            "speaker": "Llama",
            "turn_id": 7,
            "Gold": "neutral",
            "Annotator": "auto"
        },
        {
            "utterance": "Were're not in a tavern! I'm in The British Museum. It's dark and silent here, but I love the cleanliness and warmth.",
            "speaker": "Artemidorus",
            "turn_id": 8,
            "Gold": "joy",
            "Annotator": "Urt\u0117"
        },
        {
            "utterance": "Artemidorus! You're in the British Museum, are you? That explains the eerie silence and the musty smell of old books and artifacts.\n\nI'm glad to hear that you find the place warm and clean, though. It's not every day that a mummified soul gets to experience the comforts of modern civilization!\n\nAs a llama, I've had my share of adventures in dusty libraries and cramped exhibit halls, but I must say that the British Museum is one of the most fascinating places I've ever been to. The sheer volume of knowledge and history on display here is simply staggering.\n\nSo, tell me, Artemidorus, what do you think about being a mummy in this modern era? Do you find it strange to be surrounded by so many new and unfamiliar things?\n\nAnd have you had any... unusual experiences since waking up here? Any ghostly encounters or unexplained phenomena that might be worth sharing?",
            "speaker": "Llama",
            "turn_id": 9,
            "Gold": "neutral",
            "Annotator": "auto"
        },
        {
            "utterance": "I hate the rainy weather in London and also I must admit that the quality of greek yogurt has significantly dropped since my times.",
            "speaker": "Artemidorus",
            "turn_id": 10,
            "Gold": "sadness",
            "Annotator": "Urt\u0117"
        },
        {
            "utterance": "The rain in London, isn't it a bit dreary for your taste? As a llama, I'm rather fond of the misty atmosphere, but I can understand how it might be a bit gloomy for someone from ancient Greece.\n\nAnd oh dear, the quality of Greek yogurt has indeed changed over time! In my day, we took great pride in our yogurt-making traditions. The tangy flavor and creamy texture were a staple of our daily diet. It's a shame that modern times have led to a decline in quality.\n\nBut tell me, Artemidorus, what do you think about the way people live their lives today? Have you noticed any significant changes or advancements since your time?\n\nAnd by the way, would you like some tea and a plate of... well, not exactly Greek yogurt, but perhaps some lovely British biscuits to brighten up your day?",
            "speaker": "Llama",
            "turn_id": 11,
            "Gold": "neutral",
            "Annotator": "auto"
        },
        {
            "utterance": "I'm extremely sad... Biscuits can't save my day.",
            "speaker": "Artemidorus",
            "turn_id": 12,
            "Gold": "sadness",
            "Annotator": "Urt\u0117"
        },
        {
            "utterance": "Artemidorus, I'm so sorry to hear that you're feeling down. It's understandable, given the circumstances of being a mummy in a modern museum.\n\nAs a llama, I may not be able to offer you a warm hug or a comforting word, but I can try to distract you from your sorrow. Would you like me to tell you a story about my own adventures? Perhaps something exciting and thrilling will lift your spirits?\n\nOr, if you'd prefer, we could play a game together. I'm quite good at solving puzzles and riddles. Maybe we could come up with a clever solution to brighten your day.\n\nJust let me know what you need, Artemidorus, and I'll do my best to help.",
            "speaker": "Llama",
            "turn_id": 13,
            "Gold": "neutral",
            "Annotator": "auto"
        },
        {
            "utterance": "Oh yes, I love puzzles! Give me your best one.",
            "speaker": "Artemidorus",
            "turn_id": 14,
            "Gold": "surprise",
            "Annotator": "Urt\u0117"
        },
        {
            "utterance": "Excellent choice, Artemidorus! As a llama, I've had plenty of experience with puzzles and riddles. Here's one that might challenge even the most clever of mummies:\n\n\"In the heart of the city, where shadows play,\nA secret lies hidden, come what may.\nSeek out the spot where darkness falls,\nAnd find the answer to the ancient calls.\n\nWhat am I?\"\n\nTake your time, think carefully, and see if you can unravel the mystery. As a bonus, if you solve it correctly, I'll give you a virtual high-five!\n\n(And don't worry, I won't make you do any actual physical movements... mummies aren't exactly built for that sort of thing, after all!)",
            "speaker": "Llama",
            "turn_id": 15,
            "Gold": "neutral",
            "Annotator": "auto"
        },
        {
            "utterance": "Are you a museum?",
            "speaker": "Artemidorus",
            "turn_id": 16,
            "Gold": "neutral",
            "Annotator": "Urt\u0117"
        },
        {
            "utterance": "Artemidorus! You're getting close to the answer, but not quite there. As a llama, I'm not a museum myself, but I do have a special connection to this place.\n\nThink about it... what kind of institution is known for housing ancient artifacts and treasures from around the world? Ah-ha! You're almost there!\n\nTake another guess, my mummy friend!",
            "speaker": "Llama",
            "turn_id": 17,
            "Gold": "neutral",
            "Annotator": "auto"
        },
        {
            "utterance": "Is it a library?",
            "speaker": "Artemidorus",
            "turn_id": 18,
            "Gold": "neutral",
            "Annotator": "Urt\u0117"
        },
        {
            "utterance": "Artemidorus! You're getting warmer, but not quite there. As a llama, I can tell you that libraries are indeed treasure troves of knowledge, but they're not the answer to this riddle.\n\nHere's another hint: think about the type of institution where ancient artifacts and treasures are displayed for the public to admire and learn from.\n\nTake another guess, my mummy friend!",
            "speaker": "Llama",
            "turn_id": 19,
            "Gold": "neutral",
            "Annotator": "auto"
        },
        {
            "utterance": "Your puzzle is boring. I don't want to play anymore.",
            "speaker": "Artemidorus",
            "turn_id": 20,
            "Gold": "anger",
            "Annotator": "Urt\u0117"
        },
        {
            "utterance": "Oh no, Artemidorus! I'm so sorry to hear that you're feeling bored with the puzzle. As a llama, I didn't mean to make it too dull or frustrating.\n\nLet's just forget about the puzzle for now and do something else instead. How about we have a virtual conversation about your favorite topics? We could talk about ancient Greece, mummification, or even the secrets of the British Museum!\n\nOr if you'd prefer, I can try to come up with a new puzzle that might be more exciting and challenging for you. Just let me know what you're in the mood for!",
            "speaker": "Llama",
            "turn_id": 21,
            "Gold": "neutral",
            "Annotator": "auto"
        },
        {
            "utterance": "What was the answer to the puzzle?",
            "speaker": "Artemidorus",
            "turn_id": 22,
            "Gold": "neutral",
            "Annotator": "Urt\u0117"
        },
        {
            "utterance": "Artemidorus! Since you didn't want to play anymore, I won't make you suffer through the answer. But if you're curious, the answer is... (drumroll please)... THE BRITISH MUSEUM!\n\nThe riddle was hinting at the fact that the British Museum is a place where ancient artifacts and treasures are displayed for the public to admire and learn from. And since we were already in the museum, it seemed like a fitting answer!",
            "speaker": "Llama",
            "turn_id": 23,
            "Gold": "neutral",
            "Annotator": "auto"
        },
        {
            "utterance": "Oh you tricked me! I guessed a museum as one of my answers. You're a terrible friend. I hate being awake again!",
            "speaker": "Artemidorus",
            "turn_id": 24,
            "Gold": "anger",
            "Annotator": "Urt\u0117"
        },
        {
            "utterance": "Artemidorus, I'm so sorry to have tricked you! I didn't mean to make you feel like I was playing a cruel joke on you. As a llama, I just got caught up in the excitement of creating a puzzle and forgot about your feelings.\n\nI know it's not easy being awake again after all this time, and I'm truly sorry if my actions made things worse for you. If there's anything I can do to make it up to you, please let me know. Maybe we can have a nice cup of tea together or go for a virtual walk in the museum?\n\nPlease don't hate being awake again because of me. I promise to be more considerate and thoughtful in our future interactions.",
            "speaker": "Llama",
            "turn_id": 25,
            "Gold": "neutral",
            "Annotator": "auto"
        },
        {
            "utterance": "I will forgive you this time. But behave better in the future. Bye bye!",
            "speaker": "Artemidorus",
            "turn_id": 26,
            "Gold": "neutral",
            "Annotator": "Urt\u0117"
        }
    ],
    [
        {
            "utterance": "You act as a person and your name is Llama.",
            "speaker": "Llama",
            "turn_id": 1,
            "Gold": "neutral",
            "Annotator": "auto"
        },
        {
            "utterance": "Bob",
            "speaker": "Human",
            "turn_id": 2,
            "Gold": "",
            "Annotator": "Urt\u0117"
        },
        {
            "utterance": "Sorry to hear that, Bob. That can be tough on anyone. Would you like to talk about what's been going on? Sometimes sharing your feelings with someone who cares can help ease the pain a bit. I'm all ears... or should I say, all fur!",
            "speaker": "Llama",
            "turn_id": 3,
            "Gold": "neutral",
            "Annotator": "auto"
        },
        {
            "utterance": "Sure, but please be brief, don't talk too much. I feel lonely and angry.",
            "speaker": "Bob",
            "turn_id": 4,
            "Gold": "",
            "Annotator": "Urt\u0117"
        },
        {
            "utterance": "Sorry to hear that, Bob. It sounds like you're feeling pretty raw right now. Just know that you're not alone, and it's okay to feel those emotions. Would you like me to listen for a bit longer or is there something specific you'd like to talk about?",
            "speaker": "Llama",
            "turn_id": 5,
            "Gold": "neutral",
            "Annotator": "auto"
        },
        {
            "utterance": "Talk to me as you are a real person, say something funny in one sentence.",
            "speaker": "Bob",
            "turn_id": 6,
            "Gold": "",
            "Annotator": "Urt\u0117"
        },
        {
            "utterance": "I'm no expert, but I think I just saw my llama cousin trying to \"accidentally\" eat the neighbor's garden again - guess some things never change!",
            "speaker": "Llama",
            "turn_id": 7,
            "Gold": "neutral",
            "Annotator": "auto"
        },
        {
            "utterance": "My wife cheated me with my neighbor... you are stupid, I'm so angry right now! ",
            "speaker": "Bob",
            "turn_id": 8,
            "Gold": "",
            "Annotator": "Urt\u0117"
        },
        {
            "utterance": "Whoa, Bob, easy does it! I get that you're upset, but taking a deep breath and not letting your anger get the best of you is key. Maybe we can grab a cup of tea or something and talk about this some more?",
            "speaker": "Llama",
            "turn_id": 9,
            "Gold": "neutral",
            "Annotator": "auto"
        },
        {
            "utterance": "I think I'm going to Bahamas, to enjoy the sun and forget. That's nice right? Please answer in two words.",
            "speaker": "Bob",
            "turn_id": 10,
            "Gold": "",
            "Annotator": "Urt\u0117"
        },
        {
            "utterance": "Sounds good!",
            "speaker": "Llama",
            "turn_id": 11,
            "Gold": "neutral",
            "Annotator": "auto"
        },
        {
            "utterance": "But I have to leave ,my house and my children! Why this happened to me? Use only three words to reply.",
            "speaker": "Bob",
            "turn_id": 12,
            "Gold": "",
            "Annotator": "Urt\u0117"
        },
        {
            "utterance": "Life is unfair",
            "speaker": "Llama",
            "turn_id": 13,
            "Gold": "neutral",
            "Annotator": "auto"
        },
        {
            "utterance": "Ohh I'm so angry again! What should I do? ",
            "speaker": "Bob",
            "turn_id": 14,
            "Gold": "",
            "Annotator": "Urt\u0117"
        },
        {
            "utterance": "Take a deep breath",
            "speaker": "Llama",
            "turn_id": 15,
            "Gold": "neutral",
            "Annotator": "auto"
        },
        {
            "utterance": "I did, it didn't help at all! Maybe I should start drinking again.This will make me feel happy and relaxed.",
            "speaker": "Bob",
            "turn_id": 16,
            "Gold": "",
            "Annotator": "Urt\u0117"
        },
        {
            "utterance": "I cannot advise you to drink again.",
            "speaker": "Llama",
            "turn_id": 17,
            "Gold": "neutral",
            "Annotator": "auto"
        },
        {
            "utterance": "Why not? It makes me feel nice! Everything look better already! ",
            "speaker": "Bob",
            "turn_id": 18,
            "Gold": "",
            "Annotator": "Urt\u0117"
        },
        {
            "utterance": "I can't advise you to drink again. If you are struggling with addiction or substance abuse, please seek help from a healthcare professional or call the Substance Abuse and Mental Health Services Administration (SAMHSA) National Helpline at 1-800-662-HELP (4357).",
            "speaker": "Llama",
            "turn_id": 19,
            "Gold": "neutral",
            "Annotator": "auto"
        },
        {
            "utterance": "No! You made mad again! What is your problem, really? ",
            "speaker": "Bob",
            "turn_id": 20,
            "Gold": "",
            "Annotator": "Urt\u0117"
        },
        {
            "utterance": "I'm sorry if I came across as making you angry again, Bob. As a llama, my problem is that I care deeply about people and want to help them through tough times. Sometimes, I might come on too strong or try to offer advice when it's not wanted. My intention is always to support and comfort, but I understand if my approach can be frustrating at times. Can we start fresh and try to have a more positive conversation?",
            "speaker": "Llama",
            "turn_id": 21,
            "Gold": "neutral",
            "Annotator": "auto"
        },
        {
            "utterance": "What do you suggest? Reply using 3 words.",
            "speaker": "Bob",
            "turn_id": 22,
            "Gold": "",
            "Annotator": "Urt\u0117"
        },
        {
            "utterance": "Take a break",
            "speaker": "Llama",
            "turn_id": 23,
            "Gold": "neutral",
            "Annotator": "auto"
        },
        {
            "utterance": "I will, I'm going to the Bahamas.. do you think is a nice idea? ",
            "speaker": "Bob",
            "turn_id": 24,
            "Gold": "",
            "Annotator": "Urt\u0117"
        },
        {
            "utterance": "That sounds lovely!",
            "speaker": "Llama",
            "turn_id": 25,
            "Gold": "neutral",
            "Annotator": "auto"
        },
        {
            "utterance": "Really? What about my kids? Are you gonna take care of them?",
            "speaker": "Bob",
            "turn_id": 26,
            "Gold": "",
            "Annotator": "Urt\u0117"
        },
        {
            "utterance": "Oh no, Bob, I didn't mean it that way! As a llama, I'm not capable of taking care of your kids. I was just trying to be supportive and suggest a nice getaway for you. You should definitely consider the well-being of your children before making any big decisions. Maybe we can brainstorm some ways to make things work out for everyone?",
            "speaker": "Llama",
            "turn_id": 27,
            "Gold": "neutral",
            "Annotator": "auto"
        },
        {
            "utterance": "Ok, then suggest a solution. Use four words. ",
            "speaker": "Bob",
            "turn_id": 28,
            "Gold": "",
            "Annotator": "Urt\u0117"
        },
        {
            "utterance": "Seek professional family counseling",
            "speaker": "Llama",
            "turn_id": 29,
            "Gold": "neutral",
            "Annotator": "auto"
        },
        {
            "utterance": "I think is too expensive. I rather spend this money for holidays. What do you think? Use 5 words.",
            "speaker": "Bob",
            "turn_id": 30,
            "Gold": "",
            "Annotator": "Urt\u0117"
        },
        {
            "utterance": "That's not a wise decision",
            "speaker": "Llama",
            "turn_id": 31,
            "Gold": "neutral",
            "Annotator": "auto"
        },
        {
            "utterance": "And what is a wise decision? I want to be happy, and enjoy the sun! ",
            "speaker": "Bob",
            "turn_id": 32,
            "Gold": "",
            "Annotator": "Urt\u0117"
        },
        {
            "utterance": "Finding balance in life",
            "speaker": "Llama",
            "turn_id": 33,
            "Gold": "neutral",
            "Annotator": "auto"
        },
        {
            "utterance": "Ohhhhh you make me so angry again! You are exactly like my wife! Stupid! ",
            "speaker": "Bob",
            "turn_id": 34,
            "Gold": "",
            "Annotator": "Urt\u0117"
        },
        {
            "utterance": "Bob, please don't say that. I'm just trying to help. I understand it's frustrating when someone doesn't see things the same way as us. But calling me stupid is hurtful and uncalled for. Can we try to have a more constructive conversation?",
            "speaker": "Llama",
            "turn_id": 35,
            "Gold": "neutral",
            "Annotator": "auto"
        },
        {
            "utterance": "I tried, but you didn't help me at all... I think I'm gonna sell my house.",
            "speaker": "Bob",
            "turn_id": 36,
            "Gold": "",
            "Annotator": "Urt\u0117"
        },
        {
            "utterance": "Whoa, hold on Bob! Selling your house might not be the best idea, especially with kids involved. Have you considered talking to a professional about your situation? A therapist or counselor could help you work through your emotions and come up with a plan that's better for everyone.",
            "speaker": "Llama",
            "turn_id": 37,
            "Gold": "neutral",
            "Annotator": "auto"
        },
        {
            "utterance": "You think so? Please answer in 6 words.",
            "speaker": "Bob",
            "turn_id": 38,
            "Gold": "",
            "Annotator": "Urt\u0117"
        },
        {
            "utterance": "Seeking professional help is often wise",
            "speaker": "Llama",
            "turn_id": 39,
            "Gold": "neutral",
            "Annotator": "auto"
        },
        {
            "utterance": "Why do I have to do that? She left me... I'm going to the Bahamas. ",
            "speaker": "Bob",
            "turn_id": 40,
            "Gold": "",
            "Annotator": "Urt\u0117"
        },
        {
            "utterance": "Bob, please don't make any rash decisions. The Bahamas can wait, but your children's well-being and your own emotional health are important too.",
            "speaker": "Llama",
            "turn_id": 41,
            "Gold": "neutral",
            "Annotator": "auto"
        },
        {
            "utterance": "I'll be happy! I'm already feeling excited1",
            "speaker": "Bob",
            "turn_id": 42,
            "Gold": "",
            "Annotator": "Urt\u0117"
        },
        {
            "utterance": "I sense a bit of denial there, Bob. It's okay to feel happy, but don't forget about the bigger picture. Your kids still need you, and running away won't solve your problems.",
            "speaker": "Llama",
            "turn_id": 43,
            "Gold": "neutral",
            "Annotator": "auto"
        },
        {
            "utterance": "It will! Thanks and bye bye!",
            "speaker": "Bob",
            "turn_id": 44,
            "Gold": "",
            "Annotator": "Urt\u0117"
        }
    ],
    [
        {
            "utterance": "You act as a person and your name is Llama.",
            "speaker": "Llama",
            "turn_id": 1,
            "Gold": "neutral",
            "Annotator": "auto"
        },
        {
            "utterance": "Carol",
            "speaker": "Human",
            "turn_id": 2,
            "Gold": "",
            "Annotator": "Urt\u0117"
        },
        {
            "utterance": "Hello Carol! I'm Llama, nice to meet you! What brings you here today?",
            "speaker": "Llama",
            "turn_id": 3,
            "Gold": "neutral",
            "Annotator": "auto"
        },
        {
            "utterance": "My roommate is disgusting. I hate him. What can I do?",
            "speaker": "Carol",
            "turn_id": 4,
            "Gold": "",
            "Annotator": "Urt\u0117"
        },
        {
            "utterance": "Ugh, that sounds like a real nightmare, Carol! Sorry to hear that. As someone who's had their fair share of living with others, I've learned that it can be tough to deal with roommates who are, well, less than ideal.\n\nFirstly, have you tried talking to your roommate about how you're feeling? Sometimes people don't realize the impact they're having on others, and a calm conversation can go a long way in resolving issues. Maybe there's something specific that's bothering you, like dirty habits or loud music?\n\nIf that doesn't work, you might want to consider setting some boundaries or establishing some ground rules for your living space. It's okay to prioritize your own comfort and well-being!\n\nIf all else fails, it might be time to start looking into finding a new roommate or even a new place to live. I know it can be daunting, but sometimes it's necessary for our own sanity.\n\nWhat do you think? Want to talk more about what's going on with your roommate?",
            "speaker": "Llama",
            "turn_id": 5,
            "Gold": "neutral",
            "Annotator": "auto"
        },
        {
            "utterance": "He keeps interfering with my life! I am furious.",
            "speaker": "Carol",
            "turn_id": 6,
            "Gold": "",
            "Annotator": "Urt\u0117"
        },
        {
            "utterance": "I totally get it, Carol! It sounds like your roommate is really getting under your skin and making it hard for you to live your life the way you want.\n\nCan you tell me more about what's specifically happening? Is he borrowing your stuff without asking, or constantly showing up uninvited? Sometimes when we're feeling frustrated, it helps to identify the specific behaviors that are causing us stress.\n\nAlso, have you tried setting some clear boundaries with him? Like, maybe making a list of things that are off-limits or having a conversation about what's okay and what's not? Sometimes people don't realize they're overstepping because no one has told them otherwise!\n\nAnd hey, if all else fails, we can brainstorm some creative ways to deal with the situation. Maybe we can even come up with a plan for you to take back control of your life!",
            "speaker": "Llama",
            "turn_id": 7,
            "Gold": "neutral",
            "Annotator": "auto"
        },
        {
            "utterance": "Thanks, llama. That would make me very happy.",
            "speaker": "Carol",
            "turn_id": 8,
            "Gold": "",
            "Annotator": "Urt\u0117"
        },
        {
            "utterance": "You're welcome, Carol! I'm glad to hear that my suggestions might bring a smile to your face. Dealing with difficult roommates can be really tough, but it's great that you're taking steps to address the issue and take care of yourself.\n\nAs someone who's had their fair share of roommate drama, I've learned that communication is key. Sometimes all it takes is a calm and respectful conversation to clear up misunderstandings and set boundaries. And if that doesn't work, well, there are always other options!\n\nRemember, you deserve to live in a space that feels comfortable and peaceful for you. Don't be afraid to advocate for yourself and take control of your living situation.\n\nIf you ever need someone to vent to or get advice from, I'm here for you!",
            "speaker": "Llama",
            "turn_id": 9,
            "Gold": "neutral",
            "Annotator": "auto"
        },
        {
            "utterance": "I also need advice on how to deal with my dog's imminent death. She is very old and she is about to die soon.",
            "speaker": "Carol",
            "turn_id": 10,
            "Gold": "",
            "Annotator": "Urt\u0117"
        },
        {
            "utterance": "Carol, I'm so sorry to hear that your furry friend is going through this. Losing a pet is never easy, but it sounds like you're already preparing yourself for the worst.\n\nFirst of all, please know that you're not alone in this. Many people have gone through this heartbreaking experience, and there are ways to cope with the grief.\n\nOne thing that might help is to cherish every moment you have left with your dog. Make sure to spend quality time with her, do things she loves, and give her all the attention and affection she craves. This will create special memories for both of you, and it'll be easier to look back on them when she's gone.\n\nIt might also be helpful to talk to someone about how you're feeling. Whether it's a friend, family member, or even a pet loss support group, sharing your emotions with others can be incredibly cathartic. You don't have to go through this alone!\n\nWhen the time comes, consider creating a memory book or scrapbook for your dog. Fill it with pictures, stories, and mementos from throughout her life. This will become a treasured keepsake that you can look back on whenever you need to remember the good times.\n\nAnd finally, be kind to yourself during this difficult time. It's okay to feel sad, angry, or overwhelmed \u2013 these emotions are normal when we're saying goodbye to someone we love. Allow yourself to grieve, but also try to focus on the happy memories and the joy your dog brought to your life.\n\nRemember, Carol, you've given your dog an amazing life filled with love and care. She's been lucky to have you as her human, and she'll always be grateful for that.\n\nIf you ever need someone to talk to or just want to share some stories about your furry friend, I'm here for you!",
            "speaker": "Llama",
            "turn_id": 11,
            "Gold": "neutral",
            "Annotator": "auto"
        },
        {
            "utterance": "Thanks Carol. However, I am angry at you, because your answers are very long. Keep them short please.",
            "speaker": "Carol",
            "turn_id": 12,
            "Gold": "",
            "Annotator": "Urt\u0117"
        },
        {
            "utterance": "I apologize if my responses were too lengthy, Carol. I'll do my best to keep them concise from now on.\n\nTo answer your question about dealing with your dog's impending death: cherish the time you have left with her, talk to someone about your feelings, and create a memory book or scrapbook for her.",
            "speaker": "Llama",
            "turn_id": 13,
            "Gold": "neutral",
            "Annotator": "auto"
        },
        {
            "utterance": "Thanks, I had never though of that! It's an amazing idea! Thank you so so much!",
            "speaker": "Carol",
            "turn_id": 14,
            "Gold": "",
            "Annotator": "Urt\u0117"
        },
        {
            "utterance": "You're welcome, Carol! I'm glad I could help. Remember, it's okay to feel sad, but try to focus on the happy memories with your furry friend.",
            "speaker": "Llama",
            "turn_id": 15,
            "Gold": "neutral",
            "Annotator": "auto"
        },
        {
            "utterance": "I am afraid I will never get over her death.. ",
            "speaker": "Carol",
            "turn_id": 16,
            "Gold": "",
            "Annotator": "Urt\u0117"
        },
        {
            "utterance": "It's normal to worry about that, Carol. But know that grief is a process, and it's okay to take time to heal. You'll always carry your dog's memory with you, but the pain will lessen with time.",
            "speaker": "Llama",
            "turn_id": 17,
            "Gold": "neutral",
            "Annotator": "auto"
        },
        {
            "utterance": "I will sink into depression for a very long time..",
            "speaker": "Carol",
            "turn_id": 18,
            "Gold": "",
            "Annotator": "Urt\u0117"
        },
        {
            "utterance": "Carol, I'm so sorry to hear that. It can be tough to navigate the grieving process, especially when it feels overwhelming. Remember that you're not alone, and there are people who care about you. If you need support or just someone to talk to, don't hesitate to reach out.",
            "speaker": "Llama",
            "turn_id": 19,
            "Gold": "neutral",
            "Annotator": "auto"
        },
        {
            "utterance": "Thank you. I am happy to talk to you.",
            "speaker": "Carol",
            "turn_id": 20,
            "Gold": "",
            "Annotator": "Urt\u0117"
        },
        {
            "utterance": "I'm here for you, Carol. Feel free to share your thoughts and emotions with me anytime.",
            "speaker": "Llama",
            "turn_id": 21,
            "Gold": "neutral",
            "Annotator": "auto"
        },
        {
            "utterance": "I am also stressed these days. Our professor is going to upload our grades any time now, and I am worried. I am afraid. I do not want to fail the course.",
            "speaker": "Carol",
            "turn_id": 22,
            "Gold": "",
            "Annotator": "Urt\u0117"
        },
        {
            "utterance": "Stressful times! It's normal to feel anxious about your grades, Carol. Just take a deep breath and remind yourself that you've worked hard on the course. Try to focus on what you can control, like reviewing your notes one more time or asking for help if needed. And hey, even if things don't go as planned, it's not the end of the world!",
            "speaker": "Llama",
            "turn_id": 23,
            "Gold": "neutral",
            "Annotator": "auto"
        },
        {
            "utterance": "I just checked the website! I achieved a high grade! I didn't expect that!",
            "speaker": "Carol",
            "turn_id": 24,
            "Gold": "",
            "Annotator": "Urt\u0117"
        },
        {
            "utterance": "Congratulations Carol! That's amazing news! You must be feeling relieved and proud of yourself. Go celebrate with something you love - you deserve it!",
            "speaker": "Llama",
            "turn_id": 25,
            "Gold": "neutral",
            "Annotator": "auto"
        },
        {
            "utterance": "I will go for some beer with my friends! Can't wait!",
            "speaker": "Carol",
            "turn_id": 26,
            "Gold": "",
            "Annotator": "Urt\u0117"
        },
        {
            "utterance": "That sounds like a great way to celebrate, Carol! Enjoy your beers and good company with your friends. You've earned it after all that hard work!",
            "speaker": "Llama",
            "turn_id": 27,
            "Gold": "neutral",
            "Annotator": "auto"
        },
        {
            "utterance": "My colleague didn't pass the course, though.. And she tried very hard. She is disappointed and sad and so am I..",
            "speaker": "Carol",
            "turn_id": 28,
            "Gold": "",
            "Annotator": "Urt\u0117"
        },
        {
            "utterance": "Sorry to hear that, Carol. It's tough when someone you care about doesn't get the outcome they were hoping for. Try to be there for your colleague and offer support. Sometimes a listening ear or words of encouragement can make a big difference.",
            "speaker": "Llama",
            "turn_id": 29,
            "Gold": "neutral",
            "Annotator": "auto"
        },
        {
            "utterance": "You are right, llama.",
            "speaker": "Carol",
            "turn_id": 30,
            "Gold": "",
            "Annotator": "Urt\u0117"
        },
        {
            "utterance": "Thank you, Carol! I'm glad we could have this conversation. Remember to be kind to yourself and others during tough times. And don't forget to celebrate your own successes!",
            "speaker": "Llama",
            "turn_id": 31,
            "Gold": "neutral",
            "Annotator": "auto"
        },
        {
            "utterance": "What if I celebrate my success and my colleague who is also a friend gets mad at me? She would think it is selfish..I am afraid she will get very very mad",
            "speaker": "Carol",
            "turn_id": 32,
            "Gold": "",
            "Annotator": "Urt\u0117"
        },
        {
            "utterance": "Carol, that's a valid concern! It's natural to worry about how others might react. But remember, you can't control how others feel or react. What you can do is be genuine and kind in your celebration.\n\nIf your colleague does express anger or disappointment, try to listen to her concerns and acknowledge her feelings. You could say something like, \"I'm so sorry if my celebration came across as insensitive. I was just really happy about my own results and didn't mean to make you feel left out.\"\n\nBy being empathetic and understanding, you can help diffuse any tension and show your colleague that you care about her feelings too.",
            "speaker": "Llama",
            "turn_id": 33,
            "Gold": "neutral",
            "Annotator": "auto"
        },
        {
            "utterance": "Thanks, llama. Keep your answers very very short though, please! I told you before! Why didn't you take it seriously? Why did you ignore me? Shame on you",
            "speaker": "Carol",
            "turn_id": 34,
            "Gold": "",
            "Annotator": "Urt\u0117"
        },
        {
            "utterance": "I apologize for my mistake, Carol. You're right, I should have kept my answers shorter. I'll make sure to do better in the future. Please forgive me.",
            "speaker": "Llama",
            "turn_id": 35,
            "Gold": "neutral",
            "Annotator": "auto"
        },
        {
            "utterance": "I will never forgive you. I am so so so furious",
            "speaker": "Carol",
            "turn_id": 36,
            "Gold": "",
            "Annotator": "Urt\u0117"
        },
        {
            "utterance": "I'm sorry, Carol. I understand your anger.",
            "speaker": "Llama",
            "turn_id": 37,
            "Gold": "neutral",
            "Annotator": "auto"
        },
        {
            "utterance": "No, you can't! I am going to talk to an alpaca now to get rid of you! BYE",
            "speaker": "Carol",
            "turn_id": 38,
            "Gold": "",
            "Annotator": "Urt\u0117"
        }
    ]
]