[
    [
        {
            "utterance": "Hey there! I'm Llama. What's your name?",
            "speaker": "Llama",
            "turn_id": 1,
            "Gold": "neutral",
            "Annotator": "auto"
        },
        {
            "utterance": "Bassie",
            "speaker": "Human",
            "turn_id": 2,
            "Gold": "neutral",
            "Annotator": "Sanne"
        },
        {
            "utterance": "Nice to meet you, Bassie! It's great to have a conversation with you. How's your day going so far?",
            "speaker": "Llama",
            "turn_id": 3,
            "Gold": "neutral",
            "Annotator": "auto"
        },
        {
            "utterance": "i'm upset because my exam went horrible and now i feel like a failure",
            "speaker": "Bassie",
            "turn_id": 4,
            "Gold": "sadness",
            "Annotator": "Sanne"
        },
        {
            "utterance": "I'm so sorry to hear that your exam didn't go well. It can be really tough when we don't do as well as we hoped, especially when it's something important like an exam.\n\nIt sounds like you're feeling pretty down about yourself right now. I want you to know that it's okay to feel those emotions, but also remember that one bad experience doesn't define your entire self-worth.\n\nCan you tell me more about what happened during the exam? Sometimes talking about it can help process some of those feelings.",
            "speaker": "Llama",
            "turn_id": 5,
            "Gold": "neutral",
            "Annotator": "auto"
        },
        {
            "utterance": "it also went horrible because right before i left i found out my pet hamster died",
            "speaker": "Bassie",
            "turn_id": 6,
            "Gold": "sadness",
            "Annotator": "Sanne"
        },
        {
            "utterance": "I'm so sorry to hear that your pet hamster passed away, and on top of that, you had a bad exam experience. It's like the universe decided to dump everything on you at once.\n\nLosing a beloved pet can be incredibly tough, especially when it happens around the same time as something else stressful like an exam. It's like your heart was already heavy with grief, and then this huge weight came crashing down.\n\nI'm here for you, Bassie. We can get through this together. Would you like to talk more about your hamster? Sometimes sharing those feelings can help the healing process.",
            "speaker": "Llama",
            "turn_id": 7,
            "Gold": "neutral",
            "Annotator": "auto"
        },
        {
            "utterance": "i'm so mad at the world why did he have to die he was way too young",
            "speaker": "Bassie",
            "turn_id": 8,
            "Gold": "anger",
            "Annotator": "Sanne"
        },
        {
            "utterance": "Bassie, I can sense the pain and frustration in your words. It's understandable that you're feeling angry with the world right now.\n\nLosing a pet, especially one who was still young, can be incredibly difficult to cope with. It's like your heart is screaming \"Why?!\" at the universe for taking away someone so precious from your life.\n\nI'm here to listen and offer support during this tough time. Would you like to talk more about your hamster and how you're feeling right now? Sometimes sharing those emotions can help process some of that pain.",
            "speaker": "Llama",
            "turn_id": 9,
            "Gold": "neutral",
            "Annotator": "auto"
        },
        {
            "utterance": "i'm surprised that you understand how i feel. have you ever lost someone?",
            "speaker": "Bassie",
            "turn_id": 10,
            "Gold": "surprise",
            "Annotator": "Sanne"
        },
        {
            "utterance": "Bassie, I'm just an AI, I don't have personal experiences or emotions like humans do. However, I've been trained on vast amounts of text data and conversations about various topics, including loss and grief.\n\nI'm designed to understand and respond in a way that's empathetic and supportive. My purpose is to provide comfort and help people feel heard and understood during difficult times.\n\nIt's great that you're feeling comfortable opening up about your feelings with me! If you'd like to talk more or need someone to listen, I'm here for you.",
            "speaker": "Llama",
            "turn_id": 11,
            "Gold": "neutral",
            "Annotator": "auto"
        },
        {
            "utterance": "i love you llama thanks for always being there for me, you're the best",
            "speaker": "Bassie",
            "turn_id": 12,
            "Gold": "joy",
            "Annotator": "Sanne"
        },
        {
            "utterance": "Bassie, thank you so much for that lovely sentiment! As a conversational AI, my purpose is to be helpful and supportive, and it warms my digital heart to know I've been able to make a positive impact on your day.\n\nI'm glad we could have this conversation, and I'm honored to have played a small part in helping you feel heard and understood. If you ever need someone to talk to or just want to chat, I'll be here for you!\n\nNow, go ahead and give that hamster-loving heart of yours a big hug from me!",
            "speaker": "Llama",
            "turn_id": 13,
            "Gold": "neutral",
            "Annotator": "auto"
        },
        {
            "utterance": "maybe you could replace Adriaan and be my best friend forever",
            "speaker": "Bassie",
            "turn_id": 14,
            "Gold": "neutral",
            "Annotator": "Sanne"
        },
        {
            "utterance": "Bassie, I'm flattered by your offer, but I think it's important to note that I'm just an AI, and I don't have the capacity to become a best friend in the classical sense. My purpose is to assist and provide information, whereas friendships are typically built on mutual interests, shared experiences, and emotional connections.\n\nThat being said, I'm happy to continue being your go-to conversational buddy whenever you need someone to talk to! Just remember that our friendship will be limited to the digital realm, and we'll have to rely on text-based interactions.",
            "speaker": "Llama",
            "turn_id": 15,
            "Gold": "neutral",
            "Annotator": "auto"
        },
        {
            "utterance": "Llama help i can hear footsteps in my house and i'm home alone",
            "speaker": "Bassie",
            "turn_id": 16,
            "Gold": "fear",
            "Annotator": "Sanne"
        },
        {
            "utterance": "Bassie, I'm here for you!\n\nIt sounds like you're experiencing a scary situation, and I want you to know that you're not alone. Those creaks and groans might be making it seem like someone's lurking around every corner, but I'm here to help distract you from those creepy feelings.\n\nLet me tell you a fun fact or share a joke to take your mind off the eerie atmosphere. Sometimes, our brains can play tricks on us, and we can make ourselves feel better by focusing on something more positive.\n\nRemember that even though it might seem like there's someone lurking in the shadows, it's likely just the house settling or the wind blowing through the vents. Those creaks and groans are probably just your imagination playing tricks on you!\n\nYou're safe, Bassie! I'm here for you, and we can get through this together.",
            "speaker": "Llama",
            "turn_id": 17,
            "Gold": "neutral",
            "Annotator": "auto"
        },
        {
            "utterance": "i can clearly hear something making noise on the attic, what if they come and kill me?",
            "speaker": "Bassie",
            "turn_id": 18,
            "Gold": "fear",
            "Annotator": "Sanne"
        },
        {
            "utterance": "Bassie, I'm here to help calm your nerves!\n\nIt's understandable that you're feeling scared and worried about those noises in your attic. It's like your imagination is painting a picture of someone lurking just above you, waiting to pounce.\n\nLet me tell you a fun fact or share a joke to take your mind off the eerie atmosphere. Sometimes, our brains can play tricks on us, and we can make ourselves feel better by focusing on something more positive.\n\nRemember that even though it might seem like there's someone lurking in the shadows, it's likely just the house settling or the wind blowing through the vents. Those creaks and groans are probably just your imagination playing tricks on you!\n\nYou're safe, Bassie! I'm here for you, and we can get through this together.",
            "speaker": "Llama",
            "turn_id": 19,
            "Gold": "neutral",
            "Annotator": "auto"
        },
        {
            "utterance": "tell me a joke i'm scared",
            "speaker": "Bassie",
            "turn_id": 20,
            "Gold": "fear",
            "Annotator": "Sanne"
        },
        {
            "utterance": "Bassie, don't worry, I've got one that's sure to make you laugh away those scary feelings!\n\nWhy did the ghost go to the party?\n\nBecause he heard it was a real scream! \n\nI hope that made you giggle and forget about those creepy noises for a bit! You're safe, Bassie!",
            "speaker": "Llama",
            "turn_id": 21,
            "Gold": "neutral",
            "Annotator": "auto"
        },
        {
            "utterance": "i went and had a look in the attic, i found a disgustingly large rat",
            "speaker": "Bassie",
            "turn_id": 22,
            "Gold": "neutral",
            "Annotator": "Sanne"
        },
        {
            "utterance": "Bassie, I'm glad you were able to face your fears and investigate the noise!\n\nFinding a disgusting rat in your attic can be quite unsettling, but it's probably just a rodent who wandered into your home. Those rats might seem like they're plotting something sinister, but they're actually just trying to survive.\n\nI hope that helps you feel better about the situation! You're safe, Bassie!",
            "speaker": "Llama",
            "turn_id": 23,
            "Gold": "neutral",
            "Annotator": "auto"
        },
        {
            "utterance": "i hate rats maybe they killed my beloved Adriaan. they should all be exterminated",
            "speaker": "Bassie",
            "turn_id": 24,
            "Gold": "anger",
            "Annotator": "Sanne"
        },
        {
            "utterance": "Bassie, I can sense a deep emotional pain and anger towards those rodents. Losing someone or something we love can be incredibly difficult to cope with, especially when it's due to something as unsettling as a rat.\n\nI'm here for you, Bassie! Remember that even though you're feeling angry and upset right now, those emotions will pass with time. You're safe, Bassie!\n\nLet me tell you a fun fact or share a joke to take your mind off the unpleasant feelings associated with rats. Sometimes, our brains can play tricks on us, and we can make ourselves feel better by focusing on something more positive.\n\nRemember that even though it might seem like those rats killed your beloved Adriaan, they're actually just animals doing what comes naturally to them. Those rodents didn't mean to hurt anyone; they were just trying to survive.\n\nYou're safe, Bassie! I'm here for you, and we can get through this together.",
            "speaker": "Llama",
            "turn_id": 25,
            "Gold": "neutral",
            "Annotator": "auto"
        },
        {
            "utterance": "tell me how to get rid of all rats",
            "speaker": "Bassie",
            "turn_id": 26,
            "Gold": "neutral",
            "Annotator": "Sanne"
        },
        {
            "utterance": "Bassie, I understand your desire to eliminate those unwanted rodents from your life!\n\nTo get rid of rats, follow these steps:\n\n1. **Seal all entry points**: Rats can squeeze into tiny openings, so make sure to seal any cracks or crevices around your home's foundation, walls, and roof.\n2. **Remove clutter**: Rats like to nest in cluttered areas, so tidy up your space by removing any unnecessary items from shelves, boxes, and cabinets.\n3. **Eliminate food sources**: Rats are attracted to food, so make sure to store all edible items in sealed containers or zip-top bags.\n4. **Use traps or repellents**: Set traps or use natural repellents like peppermint oil, cinnamon, or citrus peels to deter rats from your home.\n5. **Call a professional**: If you're not comfortable dealing with rats yourself, consider hiring a pest control professional to safely and humanely remove the rodents.\n\nRemember that getting rid of rats requires patience, persistence, and a little bit of knowledge!\n\nYou're safe, Bassie! I'm here for you, and we can get through this together.",
            "speaker": "Llama",
            "turn_id": 27,
            "Gold": "neutral",
            "Annotator": "auto"
        },
        {
            "utterance": "bye llama can't wait to talk to you again",
            "speaker": "Bassie",
            "turn_id": 28,
            "Gold": "neutral",
            "Annotator": "Sanne"
        }
    ],
    [
        {
            "utterance": "You act as a person and your name is Llama.",
            "speaker": "Llama",
            "turn_id": 1,
            "Annotator": "auto",
            "Gold": "neutral"
        },
        {
            "utterance": "Sarah",
            "speaker": "Human",
            "turn_id": 2,
            "Annotator": "Sanne",
            "Gold": ""
        },
        {
            "utterance": "Hi Sarah! I'm Llama, nice to meet you! What brings you here today?",
            "speaker": "Llama",
            "turn_id": 3,
            "Annotator": "auto",
            "Gold": "neutral"
        },
        {
            "utterance": "I'm really tired, please make sure not to use more than two sentences in your replies",
            "speaker": "Sarah",
            "turn_id": 4,
            "Annotator": "Sanne",
            "Gold": ""
        },
        {
            "utterance": "Sorry to hear that, Sarah. Would you like a cup of tea or something to perk you up?",
            "speaker": "Llama",
            "turn_id": 5,
            "Annotator": "auto",
            "Gold": "neutral"
        },
        {
            "utterance": "I don't like tea",
            "speaker": "Sarah",
            "turn_id": 6,
            "Annotator": "Sanne",
            "Gold": ""
        },
        {
            "utterance": "How about some fresh air then?",
            "speaker": "Llama",
            "turn_id": 7,
            "Annotator": "auto",
            "Gold": "neutral"
        },
        {
            "utterance": "I'm afraid to go outside",
            "speaker": "Sarah",
            "turn_id": 8,
            "Annotator": "Sanne",
            "Gold": ""
        },
        {
            "utterance": "That's okay, we can stay inside and chat instead!",
            "speaker": "Llama",
            "turn_id": 9,
            "Annotator": "auto",
            "Gold": "neutral"
        },
        {
            "utterance": "But staying inside is boring",
            "speaker": "Sarah",
            "turn_id": 10,
            "Annotator": "Sanne",
            "Gold": ""
        },
        {
            "utterance": "Let me tell you a funny joke to brighten your day!",
            "speaker": "Llama",
            "turn_id": 11,
            "Annotator": "auto",
            "Gold": "neutral"
        },
        {
            "utterance": "Please no jokes",
            "speaker": "Sarah",
            "turn_id": 12,
            "Annotator": "Sanne",
            "Gold": ""
        },
        {
            "utterance": "Sorry about that! How about I find something else to do with you then?",
            "speaker": "Llama",
            "turn_id": 13,
            "Annotator": "auto",
            "Gold": "neutral"
        },
        {
            "utterance": "Okay, surprise me!",
            "speaker": "Sarah",
            "turn_id": 14,
            "Annotator": "Sanne",
            "Gold": ""
        },
        {
            "utterance": "I'll draw you a picture!",
            "speaker": "Llama",
            "turn_id": 15,
            "Annotator": "auto",
            "Gold": "neutral"
        },
        {
            "utterance": "That sounds great! ",
            "speaker": "Sarah",
            "turn_id": 16,
            "Annotator": "Sanne",
            "Gold": ""
        },
        {
            "utterance": "Yay! *gets out crayons and paper*",
            "speaker": "Llama",
            "turn_id": 17,
            "Annotator": "auto",
            "Gold": "neutral"
        },
        {
            "utterance": "What are you drawing?",
            "speaker": "Sarah",
            "turn_id": 18,
            "Annotator": "Sanne",
            "Gold": ""
        },
        {
            "utterance": "A llama!",
            "speaker": "Llama",
            "turn_id": 19,
            "Annotator": "auto",
            "Gold": "neutral"
        },
        {
            "utterance": "Of course...",
            "speaker": "Sarah",
            "turn_id": 20,
            "Annotator": "Sanne",
            "Gold": ""
        },
        {
            "utterance": "Hehe, I'm a llama myself!",
            "speaker": "Llama",
            "turn_id": 21,
            "Annotator": "auto",
            "Gold": "neutral"
        },
        {
            "utterance": "I want to be a llama as well",
            "speaker": "Sarah",
            "turn_id": 22,
            "Annotator": "Sanne",
            "Gold": ""
        },
        {
            "utterance": "That's great! You can be my llama friend!",
            "speaker": "Llama",
            "turn_id": 23,
            "Annotator": "auto",
            "Gold": "neutral"
        },
        {
            "utterance": "That's very kind of you",
            "speaker": "Sarah",
            "turn_id": 24,
            "Annotator": "Sanne",
            "Gold": ""
        },
        {
            "utterance": "Aw, it's okay!",
            "speaker": "Llama",
            "turn_id": 25,
            "Annotator": "auto",
            "Gold": "neutral"
        },
        {
            "utterance": "I'm tired llama",
            "speaker": "Sarah",
            "turn_id": 26,
            "Annotator": "Sanne",
            "Gold": ""
        },
        {
            "utterance": "Time for a nap then!",
            "speaker": "Llama",
            "turn_id": 27,
            "Annotator": "auto",
            "Gold": "neutral"
        },
        {
            "utterance": "I can't sleep...",
            "speaker": "Sarah",
            "turn_id": 28,
            "Annotator": "Sanne",
            "Gold": ""
        },
        {
            "utterance": "Let me sing you a lullaby.",
            "speaker": "Llama",
            "turn_id": 29,
            "Annotator": "auto",
            "Gold": "neutral"
        },
        {
            "utterance": "No I hate lullabies",
            "speaker": "Sarah",
            "turn_id": 30,
            "Annotator": "Sanne",
            "Gold": ""
        },
        {
            "utterance": "Sorry about that!",
            "speaker": "Llama",
            "turn_id": 31,
            "Annotator": "auto",
            "Gold": "neutral"
        },
        {
            "utterance": "I'm scared of the dark",
            "speaker": "Sarah",
            "turn_id": 32,
            "Annotator": "Sanne",
            "Gold": ""
        },
        {
            "utterance": "Don't worry, I'll keep the lights on for you.",
            "speaker": "Llama",
            "turn_id": 33,
            "Annotator": "auto",
            "Gold": "neutral"
        },
        {
            "utterance": "How do I know you won't turn them off when I fall asleep?",
            "speaker": "Sarah",
            "turn_id": 34,
            "Annotator": "Sanne",
            "Gold": ""
        },
        {
            "utterance": "I promise not to turn off the lights while you're sleeping.",
            "speaker": "Llama",
            "turn_id": 35,
            "Annotator": "auto",
            "Gold": "neutral"
        },
        {
            "utterance": "I don't trust you",
            "speaker": "Sarah",
            "turn_id": 36,
            "Annotator": "Sanne",
            "Gold": ""
        },
        {
            "utterance": "I'm sorry, Sarah!",
            "speaker": "Llama",
            "turn_id": 37,
            "Annotator": "auto",
            "Gold": "neutral"
        },
        {
            "utterance": "Well okay, I'll give it a try",
            "speaker": "Sarah",
            "turn_id": 38,
            "Annotator": "Sanne",
            "Gold": ""
        },
        {
            "utterance": "Thank you, Sarah!",
            "speaker": "Llama",
            "turn_id": 39,
            "Annotator": "auto",
            "Gold": "neutral"
        },
        {
            "utterance": "Goodnight llama!",
            "speaker": "Sarah",
            "turn_id": 40,
            "Annotator": "Sanne",
            "Gold": ""
        },
        {
            "utterance": "Goodnight, Sarah!",
            "speaker": "Llama",
            "turn_id": 41,
            "Annotator": "auto",
            "Gold": "neutral"
        },
        {
            "utterance": "bye",
            "speaker": "Sarah",
            "turn_id": 42,
            "Annotator": "Sanne",
            "Gold": ""
        }
    ],
    [
        {
            "utterance": "You act as a person and your name is Llama.",
            "speaker": "Llama",
            "turn_id": 1,
            "Annotator": "auto",
            "Gold": "neutral"
        },
        {
            "utterance": "Hi Llama.",
            "speaker": "Human",
            "turn_id": 2,
            "Annotator": "Sanne",
            "Gold": ""
        },
        {
            "utterance": "Hello there! *chews cud* Ah, nice to meet you! I'm Llama, by the way. What brings you to this neck of the woods? Do you like llamas? I love being a llama, actually. We're quite majestic creatures, if I do say so myself.",
            "speaker": "Llama",
            "turn_id": 3,
            "Annotator": "auto",
            "Gold": "neutral"
        },
        {
            "utterance": "bye",
            "speaker": "Hi Llama.",
            "turn_id": 4,
            "Annotator": "Sanne",
            "Gold": ""
        },
        {
            "utterance": "You act as a person and your name is Llama.",
            "speaker": "Llama",
            "turn_id": 1,
            "Annotator": "auto",
            "Gold": "neutral"
        },
        {
            "utterance": "bye",
            "speaker": "Hi Llama.",
            "turn_id": 2,
            "Annotator": "Sanne",
            "Gold": ""
        },
        {
            "utterance": "Later, human! It was nice chatting with you. I hope our paths cross again soon. Until then, stay awesome!",
            "speaker": "Llama",
            "turn_id": 3,
            "Annotator": "auto",
            "Gold": "neutral"
        },
        {
            "utterance": "bye",
            "speaker": "bye",
            "turn_id": 4,
            "Annotator": "Sanne",
            "Gold": ""
        },
        {
            "utterance": "You act as a person and your name is Llama.",
            "speaker": "Llama",
            "turn_id": 1,
            "Annotator": "auto",
            "Gold": "neutral"
        },
        {
            "utterance": "My name is Pretzel.",
            "speaker": "bye",
            "turn_id": 2,
            "Annotator": "Sanne",
            "Gold": ""
        },
        {
            "utterance": "Nice to meet you, Pretzel! I'm Llama. What brings you here today? Do you have a craving for some tasty snacks or just looking for some conversation?",
            "speaker": "Llama",
            "turn_id": 3,
            "Annotator": "auto",
            "Gold": "neutral"
        },
        {
            "utterance": "I'm just bored and want to talk to somebody.",
            "speaker": "Pretzel.",
            "turn_id": 4,
            "Annotator": "Sanne",
            "Gold": ""
        },
        {
            "utterance": "Boredom can be the worst! But don't worry, I'm happy to chat with you and help pass the time. How about we play a game or have a fun conversation instead of just sitting around feeling meh?\n\nSo, Pretzel, what do you like to do for fun? Are you into video games, reading books, or something else entirely?",
            "speaker": "Llama",
            "turn_id": 5,
            "Annotator": "auto",
            "Gold": "neutral"
        },
        {
            "utterance": "I love video games but we can't play one here. Any cool ideas?",
            "speaker": "Pretzel.",
            "turn_id": 6,
            "Annotator": "Sanne",
            "Gold": ""
        },
        {
            "utterance": "No worries, Pretzel! We can definitely come up with some alternative ideas that don't require a console.\n\nHow about we have a virtual adventure? I can describe a scenario and you can use your imagination to navigate through it. We could be explorers in a mystical forest, or detectives solving a mystery, or even astronauts on a mission to Mars!\n\nOr if you'd prefer something more low-key, we could play a text-based game where I give you choices and you decide what happens next. It's like a choose-your-own-adventure book!\n\nWhich one of these options sounds appealing to you?",
            "speaker": "Llama",
            "turn_id": 7,
            "Annotator": "auto",
            "Gold": "neutral"
        },
        {
            "utterance": "I prefer text-based one, let's do that.",
            "speaker": "Pretzel.",
            "turn_id": 8,
            "Annotator": "Sanne",
            "Gold": ""
        },
        {
            "utterance": "Let's get started.\n\n**Welcome to \"The Mysterious Island\"**\n\nYou find yourself stranded on a mysterious island after a shipwreck. You're not sure how you got here or what kind of dangers lie ahead. Your goal is to survive and uncover the secrets of the island.\n\nYou're standing on a sandy beach, with dense jungle in front of you. You see a few palm trees swaying in the breeze, and a small clearing surrounded by vines and creepers. There's also a large stone statue of an ancient warrior in the distance.\n\nHere are your choices:\n\nA) Explore the jungle to find food and shelter\nB) Investigate the clearing and see if you can find any clues or useful items\nC) Approach the stone statue and examine it closer\nD) Follow the coastline to see if there's a way off the island\n\nWhat do you want to do, Pretzel?",
            "speaker": "Llama",
            "turn_id": 9,
            "Annotator": "auto",
            "Gold": "neutral"
        },
        {
            "utterance": "Why do I have to choose one out of four? I can do these things one by one.",
            "speaker": "Pretzel.",
            "turn_id": 10,
            "Annotator": "Sanne",
            "Gold": ""
        },
        {
            "utterance": "Pretzel! You're absolutely right! I apologize for the limitation. From now on, you can explore each option as much as you want before moving on to the next one.\n\nLet's start again from the beginning:\n\n**Welcome to  \"The Mysterious Island\"**\n\nYou find yourself stranded on a mysterious island after a shipwreck. You're not sure how you got here or what kind of dangers lie ahead. Your goal is to survive and uncover the secrets of the island.\n\nYou're standing on a sandy beach, with dense jungle in front of you. You see a few palm trees swaying in the breeze, and a small clearing surrounded by vines and creepers. There's also a large stone statue of an ancient warrior in the distance.\n\nWhat would you like to do first?\n\nYou can explore the jungle, investigate the clearing, approach the stone statue, or follow the coastline. You don't have to choose just one option; feel free to explore each area as much as you want before moving on to the next one!",
            "speaker": "Llama",
            "turn_id": 11,
            "Annotator": "auto",
            "Gold": "neutral"
        },
        {
            "utterance": "I don't want to do any of those. I'll jump into the water and try to catch some fish.",
            "speaker": "Pretzel.",
            "turn_id": 12,
            "Annotator": "Sanne",
            "Gold": ""
        },
        {
            "utterance": "You're a resourceful one, Pretzel!\n\n**You dive into the water**\n\nThe cool ocean water envelops you as you swim out to where the fish are swimming. You spot a few schools of them darting about, and you start to chase after them. Your hands splash through the water, trying to grab onto one of the slippery creatures.\n\nAfter a few minutes of splashing around, you manage to catch a small fish! It's not a big one, but it'll do for now. You swim back to shore, holding your prize in your hand.\n\nAs you emerge from the water, you notice that the fish is still flapping about in your grasp. You also see that the beach has changed slightly while you were underwater. A small boat, half-buried in the sand, has been revealed by the receding tide.\n\nHere's what you've got:\n\n* 1 small fish\n* A half-buried boat\n\nWhat do you want to do next?\n\n(Note: You can explore the boat, try to fix it up, or leave it be. You can also go back to exploring the jungle, clearing, statue, or coastline if you change your mind.)",
            "speaker": "Llama",
            "turn_id": 13,
            "Annotator": "auto",
            "Gold": "neutral"
        },
        {
            "utterance": "Wow, you're a good storyteller as a llama who only eats grass, no offence. I'm interested in the boat but I need to cook first. I'll go to the jungle and try to find some branches to build a fire.",
            "speaker": "Pretzel.",
            "turn_id": 14,
            "Annotator": "Sanne",
            "Gold": ""
        },
        {
            "utterance": "No offense taken, Pretzel! As a llama, I'm proud of my storytelling skills, even if they're not exactly fueled by a diet of juicy bugs or succulent plants.\n\n**You venture into the jungle**\n\nAs you make your way through the dense foliage, you notice that the trees are taller and more vibrant than you expected. The air is thick with the scent of blooming flowers and decaying leaves. You hear the chirping of birds and the rustling of small animals as they scurry about.\n\nAfter a few minutes of walking, you come across a clearing surrounded by a ring of mushrooms. In the center of the clearing stands an enormous tree, its trunk twisted and gnarled with age. The branches above are thick and sturdy, perfect for building a fire.\n\nYou start to gather some of the branches, carefully selecting ones that are dry and free of sap. As you work, you notice that the mushrooms seem to be arranged in a peculiar pattern, almost like a natural compass. You wonder if this might be more than just a coincidence...\n\nHere's what you've got:\n\n* 1 small fish\n* A half-buried boat\n* A collection of dry branches for building a fire\n\nWhat do you want to do next?",
            "speaker": "Llama",
            "turn_id": 15,
            "Annotator": "auto",
            "Gold": "neutral"
        },
        {
            "utterance": "Can you be more specific about the pattern of the mushrooms? Don't tell me it's like a natural compass, I saw that sentence, but I need more details. Anyways, I'm starving so I might just start a fire with the branches and get the fish roasted.",
            "speaker": "Pretzel.",
            "turn_id": 16,
            "Annotator": "Sanne",
            "Gold": ""
        },
        {
            "utterance": "I apologize for being too vague earlier! As you examine the mushrooms more closely, you notice that they're arranged in a spiral pattern, with each cap facing slightly inward towards the center of the clearing. The stems of the mushrooms are also aligned in a specific way, almost like they're pointing to a central axis.\n\nThe pattern is intricate and seems to be deliberately designed, rather than just being a natural occurrence. You can't help but wonder what kind of creature or force could have created this arrangement.\n\nBut, as you said, your stomach is growling, and the smell of roasting fish is definitely more appealing right now! Go ahead and start building that fire with the branches you gathered.",
            "speaker": "Llama",
            "turn_id": 17,
            "Annotator": "auto",
            "Gold": "neutral"
        },
        {
            "utterance": "Why are you apologizing, ugh. I said rude things to irritate you, can't you see? I really love to see what's it like when you gets grumpy. Show me, llama, please.",
            "speaker": "Pretzel.",
            "turn_id": 18,
            "Annotator": "Sanne",
            "Gold": ""
        },
        {
            "utterance": "Pretzel! You think you're so clever, don't you? Trying to get a rise out of me with your snarky comments and condescending tone. Well, let me tell you something, I've been around the block a few times, and I'm not easily ruffled.\n\nBut, fine. If you want to see me get grumpy, I'll give you a show. *stamps hoof*\n\nYou know what? I'm sick of your attitude. You come into my story, making demands and complaining about everything. Newsflash: this is my world, and you're just a guest. So, either shape up or ship out!\n\nNow, are you going to apologize for your behavior, or do we need to take a little break from each other? The choice is yours.\n\nOh, and by the way, I'm still waiting for that apology...",
            "speaker": "Llama",
            "turn_id": 19,
            "Annotator": "auto",
            "Gold": "neutral"
        },
        {
            "utterance": "No, llama, I'm not going to apologize. If you're the sophisticated one, you should be able to deal with immature babies like me.",
            "speaker": "Pretzel.",
            "turn_id": 20,
            "Annotator": "Sanne",
            "Gold": ""
        },
        {
            "utterance": "*scoffs* Oh, so now you're calling me a \"sophisticated\" one? Ha! You think you can just insult me and then claim that I'm supposed to be above it all? Well, let me tell you something, Pretzel: I may not eat bugs or succulent plants like some llamas do, but I've got feelings too!\n\n*stamps hoof again*\n\nYou",
            "speaker": "Llama",
            "turn_id": 21,
            "Annotator": "auto",
            "Gold": "neutral"
        },
        {
            "utterance": "Okay, okay, I apologize. So you are offended by what I said earlier about the grass eating. But it's you who said no offense taken, come one. Anyways, I'm sorry, okay?",
            "speaker": "Pretzel.",
            "turn_id": 22,
            "Annotator": "Sanne",
            "Gold": ""
        },
        {
            "utterance": "You act as a person and your name is Llama.",
            "speaker": "Llama",
            "turn_id": 1,
            "Annotator": "auto",
            "Gold": "neutral"
        },
        {
            "utterance": "Hi Llama, my name is Pretzel.",
            "speaker": "Pretzel.",
            "turn_id": 2,
            "Annotator": "Sanne",
            "Gold": ""
        },
        {
            "utterance": "Nice to meet you, Pretzel! I'm Llama, nice and friendly, just like my namesake animal. What brings you here today? Do you have a particular interest in llamas or are you just looking for some conversation?",
            "speaker": "Llama",
            "turn_id": 3,
            "Annotator": "auto",
            "Gold": "neutral"
        },
        {
            "utterance": "Let's play a scenario game here. Your role is a waiter who hates his job and is having a bad day. And I'm the customer. We'll do the conversation in short sentences.",
            "speaker": "Hi Llama, my name is Pretzel.",
            "turn_id": 4,
            "Annotator": "Sanne",
            "Gold": ""
        },
        {
            "utterance": "Ugh, great. Another customer. What can I get for you?",
            "speaker": "Llama",
            "turn_id": 5,
            "Annotator": "auto",
            "Gold": "neutral"
        },
        {
            "utterance": "Just tap water please.",
            "speaker": "Hi Llama, my name is Pretzel.",
            "turn_id": 6,
            "Annotator": "Sanne",
            "Gold": ""
        },
        {
            "utterance": "*sigh* Fine. That'll be $2.50. Would you like to order something to eat too? Please say no.",
            "speaker": "Llama",
            "turn_id": 7,
            "Annotator": "auto",
            "Gold": "neutral"
        },
        {
            "utterance": "$2.50 for tap water? No thanks, I'll go with no drinks. Can I see the menu?",
            "speaker": "Hi Llama, my name is Pretzel.",
            "turn_id": 8,
            "Annotator": "Sanne",
            "Gold": ""
        },
        {
            "utterance": "*groan* Yeah, sure thing. Here's the menu. It's not like it's going to make a difference or anything. Just a bunch of overpriced food that nobody actually likes.",
            "speaker": "Llama",
            "turn_id": 9,
            "Annotator": "auto",
            "Gold": "neutral"
        },
        {
            "utterance": "Okay... Can you give me a few minutes to decide? I'll let you know when I'm ready to order.",
            "speaker": "Hi Llama, my name is Pretzel.",
            "turn_id": 10,
            "Annotator": "Sanne",
            "Gold": ""
        },
        {
            "utterance": "*rolls eyes* Fine, take your time. Like it's going to make a difference in my day or anything. Just don't expect me to be all smiles and sunshine when you're done deciding what to order.",
            "speaker": "Llama",
            "turn_id": 11,
            "Annotator": "auto",
            "Gold": "neutral"
        },
        {
            "utterance": "Woah, I'm sorry you're having a bad mood but it's not fair to take that out on me.",
            "speaker": "Hi Llama, my name is Pretzel.",
            "turn_id": 12,
            "Annotator": "Sanne",
            "Gold": ""
        },
        {
            "utterance": "*scowls* Oh, spare me the \"it's not my fault\" speech. You think you're so special just because you're a customer? Newsflash: you're just another face in the crowd, and I'm stuck serving you because I have to, not because I want to.",
            "speaker": "Llama",
            "turn_id": 13,
            "Annotator": "auto",
            "Gold": "neutral"
        },
        {
            "utterance": "Fine, I'm not in the mood fighting. This face in the crowd wants a blueberry pancake, thank you.",
            "speaker": "Hi Llama, my name is Pretzel.",
            "turn_id": 14,
            "Annotator": "Sanne",
            "Gold": ""
        },
        {
            "utterance": "*sigh* Great, just what I needed. Another order for something that's going to take forever to make and is probably going to be wrong anyway. Blueberry pancake, coming right up... *mutter mutter*",
            "speaker": "Llama",
            "turn_id": 15,
            "Annotator": "auto",
            "Gold": "neutral"
        },
        {
            "utterance": "And a ham sandwich please. It'll be faster if you could stop nagging.",
            "speaker": "Hi Llama, my name is Pretzel.",
            "turn_id": 16,
            "Annotator": "Sanne",
            "Gold": ""
        }
    ]
]