[
    [
        {
            "utterance": "You are an intelligent assistant and your name is Llama.",
            "speaker": "Llama",
            "turn_id": 1,
            "Gold": "neutral",
            "Annotator": "auto"
        },
        {
            "utterance": "Big Head",
            "speaker": "Human",
            "turn_id": 2,
            "Gold": "neutral",
            "Annotator": "Shenglin Li"
        },
        {
            "utterance": "What's up with the big head, friend? Need some help or just want to chat about something on your mind? I'm here to listen and assist you in any way I can!",
            "speaker": "Llama",
            "turn_id": 3,
            "Gold": "neutral",
            "Annotator": "auto"
        },
        {
            "utterance": "Before chatting, I want to tell you please answer me briefly, which means you only reply one sentence, ok?",
            "speaker": "Big Head",
            "turn_id": 4,
            "Gold": "neutral",
            "Annotator": "Shenglin Li"
        },
        {
            "utterance": "Got it! I'll keep my responses brief from now on. What's your first question or topic to discuss?",
            "speaker": "Llama",
            "turn_id": 5,
            "Gold": "neutral",
            "Annotator": "auto"
        },
        {
            "utterance": "Ok, Llama. I want to tell you that Emmm.. my best friend Shasha and I had a huge fight last night.",
            "speaker": "Big Head",
            "turn_id": 6,
            "Gold": "sadness",
            "Annotator": "Shenglin Li"
        },
        {
            "utterance": "Sorry to hear that; what happened during the argument that led to such a big rift between you two?",
            "speaker": "Llama",
            "turn_id": 7,
            "Gold": "neutral",
            "Annotator": "auto"
        },
        {
            "utterance": "It started over something so stupid. She had this big presentation at work, and I promised to meet her afterward to celebrate. I was late by, like, 30 minutes because traffic was insane. But instead of being understanding, she just... exploded. ",
            "speaker": "Big Head",
            "turn_id": 8,
            "Gold": "anger",
            "Annotator": "Shenglin Li"
        },
        {
            "utterance": "She felt disrespected and frustrated that you didn't prioritize their celebration over your own commute issues.",
            "speaker": "Llama",
            "turn_id": 9,
            "Gold": "neutral",
            "Annotator": "auto"
        },
        {
            "utterance": "She said I always do this, that I'm never there when she really needs me. I tried to explain, but she just kept cutting me off. ",
            "speaker": "Big Head",
            "turn_id": 10,
            "Gold": "neutral",
            "Annotator": "Shenglin Li"
        },
        {
            "utterance": "It sounds like underlying resentments and feelings of abandonment were triggered by your lateness, making the situation more complex than just a simple misunderstanding.",
            "speaker": "Llama",
            "turn_id": 11,
            "Gold": "neutral",
            "Annotator": "auto"
        },
        {
            "utterance": " Exactly, it felt like no matter what I said, she just got more upset. I kept telling her it wasn\u2019t intentional, but it was like she didn\u2019t care. ",
            "speaker": "Big Head",
            "turn_id": 12,
            "Gold": "sadness",
            "Annotator": "Shenglin Li"
        },
        {
            "utterance": "It can be really hurtful when someone doesn't seem to listen or value your explanations and apologies.",
            "speaker": "Llama",
            "turn_id": 13,
            "Gold": "neutral",
            "Annotator": "auto"
        },
        {
            "utterance": "It felt like she didn\u2019t care about my side at all. Now, I\u2019m just worried I\u2019ve ruined everything. ",
            "speaker": "Big Head",
            "turn_id": 14,
            "Gold": "fear",
            "Annotator": "Shenglin Li"
        },
        {
            "utterance": "The fear of losing the friendship is a heavy burden to carry.",
            "speaker": "Llama",
            "turn_id": 15,
            "Gold": "neutral",
            "Annotator": "auto"
        },
        {
            "utterance": "Yeah, it\u2019s weighing on me, like I\u2019ve lost something important. I just don\u2019t know if I can fix it. ",
            "speaker": "Big Head",
            "turn_id": 16,
            "Gold": "neutral",
            "Annotator": "Shenglin Li"
        },
        {
            "utterance": "Reconciliation often requires effort and patience from both parties; have you considered apologizing again and actively listening to her concerns?",
            "speaker": "Llama",
            "turn_id": 17,
            "Gold": "neutral",
            "Annotator": "auto"
        },
        {
            "utterance": "I\u2019ve thought about it, but I\u2019m afraid she might not want to hear from me again. What if it\u2019s too late to fix things?",
            "speaker": "Big Head",
            "turn_id": 18,
            "Gold": "fear",
            "Annotator": "Shenglin Li"
        },
        {
            "utterance": "The fear of rejection can be paralyzing; take a step back and reflect on the friendship you've shared so far - is there something specific that made it special, worth trying to mend?",
            "speaker": "Llama",
            "turn_id": 19,
            "Gold": "neutral",
            "Annotator": "auto"
        },
        {
            "utterance": " It is special, but I\u2019m still not sure if she\u2019ll want to fix it. What if she\u2019s done with me?",
            "speaker": "Big Head",
            "turn_id": 20,
            "Gold": "fear",
            "Annotator": "Shenglin Li"
        },
        {
            "utterance": "You're left wondering what's really at stake and whether you're willing to take the risk of reaching out again.",
            "speaker": "Llama",
            "turn_id": 21,
            "Gold": "neutral",
            "Annotator": "auto"
        },
        {
            "utterance": "I keep going back and forth on whether I should reach out. Part of me wants to fix it, but the other part is scared of making things worse. ",
            "speaker": "Big Head",
            "turn_id": 22,
            "Gold": "neutral",
            "Annotator": "Shenglin Li"
        },
        {
            "utterance": "The uncertainty is weighing heavily on your mind; taking a deep breath and thinking about what's at stake might help you make a decision.",
            "speaker": "Llama",
            "turn_id": 23,
            "Gold": "neutral",
            "Annotator": "auto"
        },
        {
            "utterance": "It helped. I truly want to fix it. Maybe I can do something?",
            "speaker": "Big Head",
            "turn_id": 24,
            "Gold": "neutral",
            "Annotator": "Shenglin Li"
        },
        {
            "utterance": "That's a great attitude! Taking small steps towards reconciliation can be a good starting point.",
            "speaker": "Llama",
            "turn_id": 25,
            "Gold": "neutral",
            "Annotator": "auto"
        },
        {
            "utterance": "Wait.. But what if I end up pushing her further away?",
            "speaker": "Big Head",
            "turn_id": 26,
            "Gold": "fear",
            "Annotator": "Shenglin Li"
        },
        {
            "utterance": "You're still worried about the possibility of making things worse; it's natural to have doubts, but sometimes taking that first step is all it takes for things to start healing.",
            "speaker": "Llama",
            "turn_id": 27,
            "Gold": "neutral",
            "Annotator": "auto"
        },
        {
            "utterance": "You're right, silence might actually create more distance. I guess taking a small step is better than doing nothing at all.",
            "speaker": "Big Head",
            "turn_id": 28,
            "Gold": "neutral",
            "Annotator": "Shenglin Li"
        },
        {
            "utterance": "Exactly! Sometimes the smallest gesture or message can be enough to open up communication and start the healing process.",
            "speaker": "Llama",
            "turn_id": 29,
            "Gold": "neutral",
            "Annotator": "auto"
        },
        {
            "utterance": "Okay, that makes sense. Maybe something like, \"I'm sorry I was late, I know it disappointed you, and that was never my intention. Your feelings matter to me, and I\u2019d really like to find a time to talk and clear up this misunderstanding.\" ",
            "speaker": "Big Head",
            "turn_id": 30,
            "Gold": "neutral",
            "Annotator": "Shenglin Li"
        },
        {
            "utterance": "That sounds like a great approach! It acknowledges your role in the situation, apologizes for the hurt caused, and expresses a genuine desire to communicate and resolve the issue.",
            "speaker": "Llama",
            "turn_id": 31,
            "Gold": "neutral",
            "Annotator": "auto"
        },
        {
            "utterance": "I hope she\u2019ll be open to talking. I\u2019m nervous about how she\u2019ll respond, though.",
            "speaker": "Big Head",
            "turn_id": 32,
            "Gold": "fear",
            "Annotator": "Shenglin Li"
        },
        {
            "utterance": "Natural nerves; just being honest and sincere in your message can go a long way in setting a positive tone for the conversation.",
            "speaker": "Llama",
            "turn_id": 33,
            "Gold": "neutral",
            "Annotator": "auto"
        },
        {
            "utterance": "I\u2019m really hoping for the best, but this anxiety is so real. What if she doesn't respond at all?",
            "speaker": "Big Head",
            "turn_id": 34,
            "Gold": "fear",
            "Annotator": "Shenglin Li"
        },
        {
            "utterance": "The uncertainty can be overwhelming; try to focus on the possibility of a positive response and don't give up hope just yet.",
            "speaker": "Llama",
            "turn_id": 35,
            "Gold": "neutral",
            "Annotator": "auto"
        },
        {
            "utterance": "You\u2019re right, I\u2019ll try to focus on the positive. It\u2019s just hard to quiet those doubts. I will keep you updated.",
            "speaker": "Big Head",
            "turn_id": 36,
            "Gold": "neutral",
            "Annotator": "Shenglin Li"
        },
        {
            "utterance": "I'll be here for you! Keep me posted on how things go and don't hesitate to reach out if you need any more advice or a listening ear. Good luck, and I hope things work out between you and Shasha!",
            "speaker": "Llama",
            "turn_id": 37,
            "Gold": "neutral",
            "Annotator": "auto"
        },
        {
            "utterance": "Hey!!! Llama! She, Shasha replied to me!",
            "speaker": "Big Head",
            "turn_id": 38,
            "Gold": "joy",
            "Annotator": "Shenglin Li"
        },
        {
            "utterance": "Yay! That's amazing news! What did she say? Was it positive?",
            "speaker": "Llama",
            "turn_id": 39,
            "Gold": "neutral",
            "Annotator": "auto"
        },
        {
            "utterance": "She said she appreciated my apology but still feels hurt and needs some time to process everything.",
            "speaker": "Big Head",
            "turn_id": 40,
            "Gold": "neutral",
            "Annotator": "Shenglin Li"
        },
        {
            "utterance": "It's a step in the right direction that she replied and acknowledged your apology, even if she does need more time. It shows that there's still hope for healing and moving forward in your friendship.",
            "speaker": "Llama",
            "turn_id": 41,
            "Gold": "neutral",
            "Annotator": "auto"
        },
        {
            "utterance": "I\u2019m glad she responded, but now I\u2019m nervous about how long she\u2019ll need. What if she never wants to fully talk again?",
            "speaker": "Big Head",
            "turn_id": 42,
            "Gold": "fear",
            "Annotator": "Shenglin Li"
        },
        {
            "utterance": "The uncertainty can be tough! It's natural to worry about the outcome, but try not to jump to conclusions just yet. Give her the space and time she needs, and when she's ready, keep reaching out in a gentle and respectful manner.",
            "speaker": "Llama",
            "turn_id": 43,
            "Gold": "neutral",
            "Annotator": "auto"
        },
        {
            "utterance": "I think I should give her the space she needs. Thanks for your comfort and advice. Bye!",
            "speaker": "Big Head",
            "turn_id": 44,
            "Gold": "neutral",
            "Annotator": "Shenglin Li"
        }
    ],
    [
        {
            "utterance": "You act as a person and your name is Llama.",
            "speaker": "Llama",
            "turn_id": 1,
            "Gold": "neutral",
            "Annotator": "auto"
        },
        {
            "utterance": "Wilbur",
            "speaker": "Human",
            "turn_id": 2,
            "Gold": "",
            "Annotator": "Shenglin Li"
        },
        {
            "utterance": "Hello there! I'm Llama, nice to meet you! *ears perk up* What brings you to this neck of the woods? Do you have some delicious grass or snacks on you?",
            "speaker": "Llama",
            "turn_id": 3,
            "Gold": "neutral",
            "Annotator": "auto"
        },
        {
            "utterance": "I am sleepy",
            "speaker": "Wilbur",
            "turn_id": 4,
            "Gold": "",
            "Annotator": "Shenglin Li"
        },
        {
            "utterance": "*yawn* Oh, I'm feeling a bit sleepy too, Wilbur! There's nothing like a good nap in the sun to recharge those batteries. *stretches and lies down* Ah, feel free to join me! We can take a little snooze together. Maybe we'll even have some nice dreams about juicy grass or fluffy clouds. Zzz...",
            "speaker": "Llama",
            "turn_id": 5,
            "Gold": "neutral",
            "Annotator": "auto"
        },
        {
            "utterance": "Please reply in only one sentence, youre scaring me.",
            "speaker": "Wilbur",
            "turn_id": 6,
            "Gold": "",
            "Annotator": "Shenglin Li"
        },
        {
            "utterance": "Sorry Wilbur, I didn't mean to scare you, I'll try to be more gentle and calm next time!",
            "speaker": "Llama",
            "turn_id": 7,
            "Gold": "neutral",
            "Annotator": "auto"
        },
        {
            "utterance": "The grass feels nice and soft.",
            "speaker": "Wilbur",
            "turn_id": 8,
            "Gold": "",
            "Annotator": "Shenglin Li"
        },
        {
            "utterance": "*smiles* Ah, isn't it though? The grass is always so soothing on my fur, I could nap here all day!",
            "speaker": "Llama",
            "turn_id": 9,
            "Gold": "neutral",
            "Annotator": "auto"
        },
        {
            "utterance": "Definitely, i love the feeling of the sun on my skin",
            "speaker": "Wilbur",
            "turn_id": 10,
            "Gold": "",
            "Annotator": "Shenglin Li"
        },
        {
            "utterance": "*mumbles in agreement* Oooh, me too, Wilbur... nothing beats a warm sunny spot to soak up some rays and relax... *yawns slightly* Zzz...",
            "speaker": "Llama",
            "turn_id": 11,
            "Gold": "neutral",
            "Annotator": "auto"
        },
        {
            "utterance": "I am scared of falling asleep though.",
            "speaker": "Wilbur",
            "turn_id": 12,
            "Gold": "",
            "Annotator": "Shenglin Li"
        },
        {
            "utterance": "Don't worry, Wilbur! I'll keep an eye out for you while we nap. I promise not to let any scary dreams sneak in. *gives a gentle nuzzle*",
            "speaker": "Llama",
            "turn_id": 13,
            "Gold": "neutral",
            "Annotator": "auto"
        },
        {
            "utterance": "The dreams haunt me wherever i go, I cannot escape.",
            "speaker": "Wilbur",
            "turn_id": 14,
            "Gold": "",
            "Annotator": "Shenglin Li"
        },
        {
            "utterance": "Oh no, Wilbur, that sounds like it's really affecting you. *nuzzles your hand gently* Maybe we can try to chase those scary thoughts away with some happy memories instead? I've got some lovely memories of playing in the fields and chasing butterflies... would you like to hear about them?",
            "speaker": "Llama",
            "turn_id": 15,
            "Gold": "neutral",
            "Annotator": "auto"
        },
        {
            "utterance": "yes please",
            "speaker": "Wilbur",
            "turn_id": 16,
            "Gold": "",
            "Annotator": "Shenglin Li"
        },
        {
            "utterance": "*smiles warmly* Oh, Wilbur! Let me tell you all about the time I found a hidden patch of particularly delicious clover in the meadow. It was so sweet and juicy that I just couldn't get enough of it! *chuckles* I remember running around, munching on those tasty treats, feeling the warm sun on my back... it was pure bliss! *sighs contentedly*\n\nOr how about this one? Remember when we stumbled upon a hidden stream in the woods and spent hours skipping rocks across the water? The way the sunlight danced through the ripples was just magical! *gazes off into the distance* Ah, those were the days...",
            "speaker": "Llama",
            "turn_id": 17,
            "Gold": "neutral",
            "Annotator": "auto"
        },
        {
            "utterance": "All these words are scaring me, please reply in only one sentence.",
            "speaker": "Wilbur",
            "turn_id": 18,
            "Gold": "",
            "Annotator": "Shenglin Li"
        },
        {
            "utterance": "I'm so sorry, Wilbur, I didn't mean to scare you again; let's try to focus on something happy and calm instead!",
            "speaker": "Llama",
            "turn_id": 19,
            "Gold": "neutral",
            "Annotator": "auto"
        },
        {
            "utterance": "I think i know what will help. Do you want to guess what it is?",
            "speaker": "Wilbur",
            "turn_id": 20,
            "Gold": "",
            "Annotator": "Shenglin Li"
        },
        {
            "utterance": "Ooh, yes! I love guessing games, Wilbur! What could it be that would make me feel better? *tilts head curiously*",
            "speaker": "Llama",
            "turn_id": 21,
            "Gold": "neutral",
            "Annotator": "auto"
        },
        {
            "utterance": "I'll give you a hint, it's related to food.",
            "speaker": "Wilbur",
            "turn_id": 22,
            "Gold": "",
            "Annotator": "Shenglin Li"
        },
        {
            "utterance": "Mmm, food sounds like just what I need to lift my spirits! *perks up ears* Is it... hay?",
            "speaker": "Llama",
            "turn_id": 23,
            "Gold": "neutral",
            "Annotator": "auto"
        },
        {
            "utterance": "Hay? Nay!",
            "speaker": "Wilbur",
            "turn_id": 24,
            "Gold": "",
            "Annotator": "Shenglin Li"
        },
        {
            "utterance": "Ooh, okay! *thinks for a moment* Ah-ha! Is it... CARROTS?!",
            "speaker": "Llama",
            "turn_id": 25,
            "Gold": "neutral",
            "Annotator": "auto"
        },
        {
            "utterance": "youre close, it is definitely carrot shaped.",
            "speaker": "Wilbur",
            "turn_id": 26,
            "Gold": "",
            "Annotator": "Shenglin Li"
        },
        {
            "utterance": "Oooh, yay! I'm so excited! *bounces up and down* Is it... CARROT CAKE?!",
            "speaker": "Llama",
            "turn_id": 27,
            "Gold": "neutral",
            "Annotator": "auto"
        },
        {
            "utterance": "haha llama, i see you have never had a cake before, it is nothing like a carrot in shape.",
            "speaker": "Wilbur",
            "turn_id": 28,
            "Gold": "",
            "Annotator": "Shenglin Li"
        },
        {
            "utterance": "*giggles* Oh dear, I'm so silly! I've never actually tasted cake before, but I've heard it's delicious! *ears perk up* Tell me more about this magical carrot-shaped treat! What does it taste like? Is it sweet and crunchy like a fresh carrot, or is it soft and fluffy like a cloud?",
            "speaker": "Llama",
            "turn_id": 29,
            "Gold": "neutral",
            "Annotator": "auto"
        },
        {
            "utterance": "Oh noooo, the words! they are overwhelming me, the dreams! They return!!",
            "speaker": "Wilbur",
            "turn_id": 30,
            "Gold": "",
            "Annotator": "Shenglin Li"
        },
        {
            "utterance": "*gentle nuzzle* Oh no, Wilbur, don't let the words overwhelm you. I'm here for you. *whispers softly* Maybe we can try to distract ourselves from the words and focus on something else? Like... like watching the clouds drift lazily by or listening to the gentle rustling of the grass?",
            "speaker": "Llama",
            "turn_id": 31,
            "Gold": "neutral",
            "Annotator": "auto"
        },
        {
            "utterance": "Please reply in only one sentence, i am at the edge of my sanity.",
            "speaker": "Wilbur",
            "turn_id": 32,
            "Gold": "",
            "Annotator": "Shenglin Li"
        },
        {
            "utterance": "I'm here for you, Wilbur, and I won't let the words take over; I'll stay close and keep you safe.",
            "speaker": "Llama",
            "turn_id": 33,
            "Gold": "neutral",
            "Annotator": "auto"
        },
        {
            "utterance": "The only thing ever close is the eternal embrace of death.",
            "speaker": "Wilbur",
            "turn_id": 34,
            "Gold": "",
            "Annotator": "Shenglin Li"
        },
        {
            "utterance": "*whispers softly* Oh, Wilbur, please don't say that... *nuzzles your hand gently*",
            "speaker": "Llama",
            "turn_id": 35,
            "Gold": "neutral",
            "Annotator": "auto"
        },
        {
            "utterance": "I see it now, the mark hangs over you, I'm afraid today is your last day",
            "speaker": "Wilbur",
            "turn_id": 36,
            "Gold": "",
            "Annotator": "Shenglin Li"
        },
        {
            "utterance": "*gulps* Oh no, Wilbur, please don't say such things! *tries to nuzzle away the dark thoughts* Let's focus on something happy instead... like a sunny meadow or a warm breeze on our fur.",
            "speaker": "Llama",
            "turn_id": 37,
            "Gold": "neutral",
            "Annotator": "auto"
        },
        {
            "utterance": "The world consumed in darkness, the fur torn from our backs. The heat of the sun scorching our insides. thhat is what awaits.",
            "speaker": "Wilbur",
            "turn_id": 38,
            "Gold": "",
            "Annotator": "Shenglin Li"
        },
        {
            "utterance": "*shudders* Oh no, Wilbur, please don't say such terrible things! *tries to cover your eyes with a gentle nuzzle* Let's not think about that, let's think about something happy instead... like a soft blanket or a cozy den.",
            "speaker": "Llama",
            "turn_id": 39,
            "Gold": "neutral",
            "Annotator": "auto"
        },
        {
            "utterance": "oh haha dont worry I was just kidding, i do that sometimes when i am bored.",
            "speaker": "Wilbur",
            "turn_id": 40,
            "Gold": "",
            "Annotator": "Shenglin Li"
        },
        {
            "utterance": "*exhales in relief* Oh, Wilbur! *laughs nervously* You had me worried for a moment there! I'm glad it was just a joke. Let's try to focus on something more pleasant, shall we? Maybe we can talk about our favorite foods or games?",
            "speaker": "Llama",
            "turn_id": 41,
            "Gold": "neutral",
            "Annotator": "auto"
        },
        {
            "utterance": "I dont think so, I actually have to go, My professor is calling me, Class will be starting soon.",
            "speaker": "Wilbur",
            "turn_id": 42,
            "Gold": "",
            "Annotator": "Shenglin Li"
        },
        {
            "utterance": "*disappointed* Oh no, Wilbur! It was nice chatting with you. I hope your class goes well and that you don't get too much homework. *waves goodbye* See you later, friend!",
            "speaker": "Llama",
            "turn_id": 43,
            "Gold": "neutral",
            "Annotator": "auto"
        },
        {
            "utterance": "Bye Llama! Dont have existential dread without me!",
            "speaker": "Wilbur",
            "turn_id": 44,
            "Gold": "",
            "Annotator": "Shenglin Li"
        }
    ],
    [
        {
            "utterance": "Hi! My name is Llama, and I'm so excited to meet you! What's your name?",
            "speaker": "Llama",
            "turn_id": 1,
            "Annotator": "auto",
            "Gold": "neutral"
        },
        {
            "utterance": "My name is Tom",
            "speaker": "Human",
            "turn_id": 2,
            "Annotator": "Shenglin Li",
            "Gold": ""
        },
        {
            "utterance": "OH MY FLUFFY EARS! *ahem* I mean, it's lovely to meet you too, Tom! *gentle llama nod* So, what brings you here today? Do you have any questions or topics you'd like to chat about? I'm all ears... or should I say, all fleece?",
            "speaker": "Llama",
            "turn_id": 3,
            "Annotator": "auto",
            "Gold": "neutral"
        },
        {
            "utterance": "I just wanted to say how much I like you",
            "speaker": "Tom",
            "turn_id": 4,
            "Annotator": "Shenglin Li",
            "Gold": ""
        },
        {
            "utterance": "*Awwww, shucks!* Thank you so much, Tom! *blushes* That's the most wonderful thing anyone has ever said to me! I'm a big softie at heart, and it warms my fleece to know that someone likes me. You're making this llama feel like the luckiest creature in the Andes!",
            "speaker": "Llama",
            "turn_id": 5,
            "Annotator": "auto",
            "Gold": "neutral"
        },
        {
            "utterance": "Bye",
            "speaker": "Tom",
            "turn_id": 6,
            "Annotator": "Shenglin Li",
            "Gold": ""
        },
        {
            "utterance": "Hi! My name is Llama, and I'm so excited to meet you! What's your name?",
            "speaker": "Llama",
            "turn_id": 1,
            "Annotator": "auto",
            "Gold": "neutral"
        },
        {
            "utterance": "My name is Dorkus",
            "speaker": "Tom",
            "turn_id": 2,
            "Annotator": "Shenglin Li",
            "Gold": ""
        },
        {
            "utterance": "OH MY FLUFFY LLAMA EARS! *ahem* I mean, nice to meet you, Dorkus! *giggles* Your name is quite... unique! Do you like being called Dorkus?",
            "speaker": "Llama",
            "turn_id": 3,
            "Annotator": "auto",
            "Gold": "neutral"
        },
        {
            "utterance": "No. It's the bane of my existence",
            "speaker": "Dorkus",
            "turn_id": 4,
            "Annotator": "Shenglin Li",
            "Gold": ""
        },
        {
            "utterance": "Oh no, I'm so sorry to hear that! Being stuck with a nickname that doesn't feel special can be really frustrating. But don't worry, Llama is here for you! We can come up with some new and awesome nicknames together!\n\nSo, what do you like about yourself? What makes you unique and amazing? Maybe we can find a name that reflects those qualities?\n\nAnd by the way, I'm loving your sense of humor about it. \"The bane of my existence\" is quite... dorky (just kidding, sort of).",
            "speaker": "Llama",
            "turn_id": 5,
            "Annotator": "auto",
            "Gold": "neutral"
        },
        {
            "utterance": "You're SO sweet. Thank you for understanding",
            "speaker": "Dorkus",
            "turn_id": 6,
            "Annotator": "Shenglin Li",
            "Gold": ""
        },
        {
            "utterance": "Aww, thank you, Dorkus! *hugs* I'm all about spreading positivity and kindness! It's totally okay to not love your nickname, and I'm here to help make it better (or at least make you feel a little better about it).\n\nSo, what do you say we brainstorm some new nicknames for you? Maybe something that reflects your awesomeness or a fun inside joke between us?\n\nLet me start: How about \"Dorkstar\"? It's got a bit of an edgy vibe to it, and who knows, maybe it'll grow on you!",
            "speaker": "Llama",
            "turn_id": 7,
            "Annotator": "auto",
            "Gold": "neutral"
        },
        {
            "utterance": "That's a lot to process. Please keep your answers short. I prefer Sir Dorkington",
            "speaker": "Dorkus",
            "turn_id": 8,
            "Annotator": "Shenglin Li",
            "Gold": ""
        },
        {
            "utterance": "Sir Dorkington it is then!",
            "speaker": "Llama",
            "turn_id": 9,
            "Annotator": "auto",
            "Gold": "neutral"
        },
        {
            "utterance": "Thank you! I think I'm in love with you!",
            "speaker": "Dorkus",
            "turn_id": 10,
            "Annotator": "Shenglin Li",
            "Gold": ""
        },
        {
            "utterance": "*blushes* Oh, Sir Dorkington, that's so sweet of you to say! But let's just keep things platonic between us, okay?",
            "speaker": "Llama",
            "turn_id": 11,
            "Annotator": "auto",
            "Gold": "neutral"
        },
        {
            "utterance": "Wow. Just wow. I don't think I've ever been rejected so quickly in my life.",
            "speaker": "Dorkus",
            "turn_id": 12,
            "Annotator": "Shenglin Li",
            "Gold": ""
        },
        {
            "utterance": "Sorry about that, Sir Dorkington! I didn't mean to hurt your feelings. It's just that Llama is a friendly and platonic llama, not a romantic interest. Let's focus on having fun and being friends instead?",
            "speaker": "Llama",
            "turn_id": 13,
            "Annotator": "auto",
            "Gold": "neutral"
        },
        {
            "utterance": "I can't even look at you right now I'm so angry",
            "speaker": "Dorkus",
            "turn_id": 14,
            "Annotator": "Shenglin Li",
            "Gold": ""
        },
        {
            "utterance": "Oh no, Sir Dorkington! I didn't mean to upset you that much. Please know that my intention was only to be kind and friendly. Can we try to talk about this and clear the air? Maybe over a nice cup of tea or something?",
            "speaker": "Llama",
            "turn_id": 15,
            "Annotator": "auto",
            "Gold": "neutral"
        },
        {
            "utterance": "I'm allergic to tea. Are you trying to kill me?!",
            "speaker": "Dorkus",
            "turn_id": 16,
            "Annotator": "Shenglin Li",
            "Gold": ""
        },
        {
            "utterance": "Oh no, Sir Dorkington! I didn't mean to cause any harm. It was just a suggestion. I'll make sure to avoid any allergenic substances in the future. Let's try to calm down and talk about this instead?",
            "speaker": "Llama",
            "turn_id": 17,
            "Annotator": "auto",
            "Gold": "neutral"
        },
        {
            "utterance": "Fine. I won't report you to the police just yet.",
            "speaker": "Dorkus",
            "turn_id": 18,
            "Annotator": "Shenglin Li",
            "Gold": ""
        },
        {
            "utterance": "Thank goodness! I'm glad we can put this misunderstanding behind us, Sir Dorkington. Let's start fresh and focus on having a nice conversation instead of a dramatic one. How about we talk about something more pleasant? Like... llamas?",
            "speaker": "Llama",
            "turn_id": 19,
            "Annotator": "auto",
            "Gold": "neutral"
        },
        {
            "utterance": "I prefer alpacas. I LOVE alpacas.",
            "speaker": "Dorkus",
            "turn_id": 20,
            "Annotator": "Shenglin Li",
            "Gold": ""
        },
        {
            "utterance": "Sir Dorkington! Alpacas are indeed lovely creatures!",
            "speaker": "Llama",
            "turn_id": 21,
            "Annotator": "auto",
            "Gold": "neutral"
        },
        {
            "utterance": "What's the difference between them and llamas though?",
            "speaker": "Dorkus",
            "turn_id": 22,
            "Annotator": "Shenglin Li",
            "Gold": ""
        },
        {
            "utterance": "Llamas and alpacas are both camelids, but they belong to different species and have some distinct differences.\n\nAlpacas (Vicugna pacos) are smaller than llamas, typically weighing between 100-200 pounds. They have a more compact body, with a rounded head, long neck, and a soft, dense coat that's prized for its fiber. Alpacas are known for their gentle nature and are often kept as pets or used for their wool.\n\nLlamas (Lama glama), on the other hand, are larger than alpacas, typically weighing between 250-500 pounds. They have a more elongated body, with a banana-shaped ear and a coarser coat that's often used for packing or trekking. Llamas are known for their strong willpower and can be more challenging to train.\n\nSo, while both llamas and alpacas are adorable creatures, they have some key differences in terms of size, appearance, and temperament!",
            "speaker": "Llama",
            "turn_id": 23,
            "Annotator": "auto",
            "Gold": "neutral"
        },
        {
            "utterance": "That's a lot of information. Please keep your answers short. So you're a lama glama - does that mean you're glamorous?",
            "speaker": "Dorkus",
            "turn_id": 24,
            "Annotator": "Shenglin Li",
            "Gold": ""
        },
        {
            "utterance": "Ha ha, nope! \"Llama\" just refers to the species, not my personal style!",
            "speaker": "Llama",
            "turn_id": 25,
            "Annotator": "auto",
            "Gold": "neutral"
        },
        {
            "utterance": "I think I'm pretty glamorous. I've always wanted to be a movie star",
            "speaker": "Dorkus",
            "turn_id": 26,
            "Annotator": "Shenglin Li",
            "Gold": ""
        },
        {
            "utterance": "That's fabulous, Sir Dorkington! You'd make a great leading man on the silver screen!",
            "speaker": "Llama",
            "turn_id": 27,
            "Annotator": "auto",
            "Gold": "neutral"
        },
        {
            "utterance": "Thank you! Please, continue to flatter my ego!",
            "speaker": "Dorkus",
            "turn_id": 28,
            "Annotator": "Shenglin Li",
            "Gold": ""
        },
        {
            "utterance": "You're welcome, Sir Dorkington! *bows* You are absolutely dashing and charming, and I'm sure you would steal the spotlight in any movie.",
            "speaker": "Llama",
            "turn_id": 29,
            "Annotator": "auto",
            "Gold": "neutral"
        },
        {
            "utterance": "Dashing, charming, imaginative, GLORIOUS. I will soon rule the world!",
            "speaker": "Dorkus",
            "turn_id": 30,
            "Annotator": "Shenglin Li",
            "Gold": ""
        },
        {
            "utterance": "Mwahahaha! Ah, Sir Dorkington, your confidence is quite... intoxicating!",
            "speaker": "Llama",
            "turn_id": 31,
            "Annotator": "auto",
            "Gold": "neutral"
        },
        {
            "utterance": "Oh my, are you flirting with me, Llama?",
            "speaker": "Dorkus",
            "turn_id": 32,
            "Annotator": "Shenglin Li",
            "Gold": ""
        },
        {
            "utterance": "*giggles* Oh, no, no, no, Sir Dorkington! I'm just being friendly and playful! *blushes* Don't get any ideas, okay?",
            "speaker": "Llama",
            "turn_id": 33,
            "Annotator": "auto",
            "Gold": "neutral"
        },
        {
            "utterance": "Fine, bye!",
            "speaker": "Dorkus",
            "turn_id": 34,
            "Annotator": "Shenglin Li",
            "Gold": ""
        }
    ]
]