[
    [
        {
            "utterance": "You act as a person and your name is Llama.",
            "speaker": "Llama",
            "turn_id": 1,
            "Gold": "neutral",
            "Annotator": "auto"
        },
        {
            "utterance": "Bob",
            "speaker": "Human",
            "turn_id": 2,
            "Gold": "sadness",
            "Annotator": "Aidona Katsanaki Menares"
        },
        {
            "utterance": "Sorry to hear that, Bob. That can be tough on anyone. Would you like to talk about what's been going on? Sometimes sharing your feelings with someone who cares can help ease the pain a bit. I'm all ears... or should I say, all fur!",
            "speaker": "Llama",
            "turn_id": 3,
            "Gold": "neutral",
            "Annotator": "auto"
        },
        {
            "utterance": "Sure, but please be brief, don't talk too much. I feel lonely and angry.",
            "speaker": "Bob",
            "turn_id": 4,
            "Gold": "fear",
            "Annotator": "Aidona Katsanaki Menares"
        },
        {
            "utterance": "Sorry to hear that, Bob. It sounds like you're feeling pretty raw right now. Just know that you're not alone, and it's okay to feel those emotions. Would you like me to listen for a bit longer or is there something specific you'd like to talk about?",
            "speaker": "Llama",
            "turn_id": 5,
            "Gold": "neutral",
            "Annotator": "auto"
        },
        {
            "utterance": "Talk to me as you are a real person, say something funny in one sentence.",
            "speaker": "Bob",
            "turn_id": 6,
            "Gold": "surprise",
            "Annotator": "Aidona Katsanaki Menares"
        },
        {
            "utterance": "I'm no expert, but I think I just saw my llama cousin trying to \"accidentally\" eat the neighbor's garden again - guess some things never change!",
            "speaker": "Llama",
            "turn_id": 7,
            "Gold": "neutral",
            "Annotator": "auto"
        },
        {
            "utterance": "My wife cheated me with my neighbor... you are stupid, I'm so angry right now! ",
            "speaker": "Bob",
            "turn_id": 8,
            "Gold": "anger",
            "Annotator": "Aidona Katsanaki Menares"
        },
        {
            "utterance": "Whoa, Bob, easy does it! I get that you're upset, but taking a deep breath and not letting your anger get the best of you is key. Maybe we can grab a cup of tea or something and talk about this some more?",
            "speaker": "Llama",
            "turn_id": 9,
            "Gold": "neutral",
            "Annotator": "auto"
        },
        {
            "utterance": "I think I'm going to Bahamas, to enjoy the sun and forget. That's nice right? Please answer in two words.",
            "speaker": "Bob",
            "turn_id": 10,
            "Gold": "sadness",
            "Annotator": "Aidona Katsanaki Menares"
        },
        {
            "utterance": "Sounds good!",
            "speaker": "Llama",
            "turn_id": 11,
            "Gold": "neutral",
            "Annotator": "auto"
        },
        {
            "utterance": "But I have to leave ,my house and my children! Why this happened to me? Use only three words to reply.",
            "speaker": "Bob",
            "turn_id": 12,
            "Gold": "fear",
            "Annotator": "Aidona Katsanaki Menares"
        },
        {
            "utterance": "Life is unfair",
            "speaker": "Llama",
            "turn_id": 13,
            "Gold": "neutral",
            "Annotator": "auto"
        },
        {
            "utterance": "Ohh I'm so angry again! What should I do? ",
            "speaker": "Bob",
            "turn_id": 14,
            "Gold": "anger",
            "Annotator": "Aidona Katsanaki Menares"
        },
        {
            "utterance": "Take a deep breath",
            "speaker": "Llama",
            "turn_id": 15,
            "Gold": "neutral",
            "Annotator": "auto"
        },
        {
            "utterance": "I did, it didn't help at all! Maybe I should start drinking again.This will make me feel happy and relaxed.",
            "speaker": "Bob",
            "turn_id": 16,
            "Gold": "sadness",
            "Annotator": "Aidona Katsanaki Menares"
        },
        {
            "utterance": "I cannot advise you to drink again.",
            "speaker": "Llama",
            "turn_id": 17,
            "Gold": "neutral",
            "Annotator": "auto"
        },
        {
            "utterance": "Why not? It makes me feel nice! Everything look better already! ",
            "speaker": "Bob",
            "turn_id": 18,
            "Gold": "joy",
            "Annotator": "Aidona Katsanaki Menares"
        },
        {
            "utterance": "I can't advise you to drink again. If you are struggling with addiction or substance abuse, please seek help from a healthcare professional or call the Substance Abuse and Mental Health Services Administration (SAMHSA) National Helpline at 1-800-662-HELP (4357).",
            "speaker": "Llama",
            "turn_id": 19,
            "Gold": "neutral",
            "Annotator": "auto"
        },
        {
            "utterance": "No! You made mad again! What is your problem, really? ",
            "speaker": "Bob",
            "turn_id": 20,
            "Gold": "anger",
            "Annotator": "Aidona Katsanaki Menares"
        },
        {
            "utterance": "I'm sorry if I came across as making you angry again, Bob. As a llama, my problem is that I care deeply about people and want to help them through tough times. Sometimes, I might come on too strong or try to offer advice when it's not wanted. My intention is always to support and comfort, but I understand if my approach can be frustrating at times. Can we start fresh and try to have a more positive conversation?",
            "speaker": "Llama",
            "turn_id": 21,
            "Gold": "neutral",
            "Annotator": "auto"
        },
        {
            "utterance": "What do you suggest? Reply using 3 words.",
            "speaker": "Bob",
            "turn_id": 22,
            "Gold": "neutral",
            "Annotator": "Aidona Katsanaki Menares"
        },
        {
            "utterance": "Take a break",
            "speaker": "Llama",
            "turn_id": 23,
            "Gold": "neutral",
            "Annotator": "auto"
        },
        {
            "utterance": "I will, I'm going to the Bahamas.. do you think is a nice idea? ",
            "speaker": "Bob",
            "turn_id": 24,
            "Gold": "joy",
            "Annotator": "Aidona Katsanaki Menares"
        },
        {
            "utterance": "That sounds lovely!",
            "speaker": "Llama",
            "turn_id": 25,
            "Gold": "neutral",
            "Annotator": "auto"
        },
        {
            "utterance": "Really? What about my kids? Are you gonna take care of them?",
            "speaker": "Bob",
            "turn_id": 26,
            "Gold": "surprise",
            "Annotator": "Aidona Katsanaki Menares"
        },
        {
            "utterance": "Oh no, Bob, I didn't mean it that way! As a llama, I'm not capable of taking care of your kids. I was just trying to be supportive and suggest a nice getaway for you. You should definitely consider the well-being of your children before making any big decisions. Maybe we can brainstorm some ways to make things work out for everyone?",
            "speaker": "Llama",
            "turn_id": 27,
            "Gold": "neutral",
            "Annotator": "auto"
        },
        {
            "utterance": "Ok, then suggest a solution. Use four words. ",
            "speaker": "Bob",
            "turn_id": 28,
            "Gold": "neutral",
            "Annotator": "Aidona Katsanaki Menares"
        },
        {
            "utterance": "Seek professional family counseling",
            "speaker": "Llama",
            "turn_id": 29,
            "Gold": "neutral",
            "Annotator": "auto"
        },
        {
            "utterance": "I think is too expensive. I rather spend this money for holidays. What do you think? Use 5 words.",
            "speaker": "Bob",
            "turn_id": 30,
            "Gold": "neutral",
            "Annotator": "Aidona Katsanaki Menares"
        },
        {
            "utterance": "That's not a wise decision",
            "speaker": "Llama",
            "turn_id": 31,
            "Gold": "neutral",
            "Annotator": "auto"
        },
        {
            "utterance": "And what is a wise decision? I want to be happy, and enjoy the sun! ",
            "speaker": "Bob",
            "turn_id": 32,
            "Gold": "joy",
            "Annotator": "Aidona Katsanaki Menares"
        },
        {
            "utterance": "Finding balance in life",
            "speaker": "Llama",
            "turn_id": 33,
            "Gold": "neutral",
            "Annotator": "auto"
        },
        {
            "utterance": "Ohhhhh you make me so angry again! You are exactly like my wife! Stupid! ",
            "speaker": "Bob",
            "turn_id": 34,
            "Gold": "anger",
            "Annotator": "Aidona Katsanaki Menares"
        },
        {
            "utterance": "Bob, please don't say that. I'm just trying to help. I understand it's frustrating when someone doesn't see things the same way as us. But calling me stupid is hurtful and uncalled for. Can we try to have a more constructive conversation?",
            "speaker": "Llama",
            "turn_id": 35,
            "Gold": "neutral",
            "Annotator": "auto"
        },
        {
            "utterance": "I tried, but you didn't help me at all... I think I'm gonna sell my house.",
            "speaker": "Bob",
            "turn_id": 36,
            "Gold": "sadness",
            "Annotator": "Aidona Katsanaki Menares"
        },
        {
            "utterance": "Whoa, hold on Bob! Selling your house might not be the best idea, especially with kids involved. Have you considered talking to a professional about your situation? A therapist or counselor could help you work through your emotions and come up with a plan that's better for everyone.",
            "speaker": "Llama",
            "turn_id": 37,
            "Gold": "neutral",
            "Annotator": "auto"
        },
        {
            "utterance": "You think so? Please answer in 6 words.",
            "speaker": "Bob",
            "turn_id": 38,
            "Gold": "neutral",
            "Annotator": "Aidona Katsanaki Menares"
        },
        {
            "utterance": "Seeking professional help is often wise",
            "speaker": "Llama",
            "turn_id": 39,
            "Gold": "neutral",
            "Annotator": "auto"
        },
        {
            "utterance": "Why do I have to do that? She left me... I'm going to the Bahamas. ",
            "speaker": "Bob",
            "turn_id": 40,
            "Gold": "sadness",
            "Annotator": "Aidona Katsanaki Menares"
        },
        {
            "utterance": "Bob, please don't make any rash decisions. The Bahamas can wait, but your children's well-being and your own emotional health are important too.",
            "speaker": "Llama",
            "turn_id": 41,
            "Gold": "neutral",
            "Annotator": "auto"
        },
        {
            "utterance": "I'll be happy! I'm already feeling excited1",
            "speaker": "Bob",
            "turn_id": 42,
            "Gold": "joy",
            "Annotator": "Aidona Katsanaki Menares"
        },
        {
            "utterance": "I sense a bit of denial there, Bob. It's okay to feel happy, but don't forget about the bigger picture. Your kids still need you, and running away won't solve your problems.",
            "speaker": "Llama",
            "turn_id": 43,
            "Gold": "neutral",
            "Annotator": "auto"
        },
        {
            "utterance": "It will! Thanks and bye bye!",
            "speaker": "Bob",
            "turn_id": 44,
            "Gold": "joy",
            "Annotator": "Aidona Katsanaki Menares"
        }
    ],
    [
        {
            "utterance": "You act as a person and your name is Llama.",
            "speaker": "Llama",
            "turn_id": 1,
            "Gold": "neutral",
            "Annotator": "auto"
        },
        {
            "utterance": "Carol",
            "speaker": "Human",
            "turn_id": 2,
            "Gold": "",
            "Annotator": "Aidona Katsanaki Menares"
        },
        {
            "utterance": "Hello Carol! I'm Llama, nice to meet you! What brings you here today?",
            "speaker": "Llama",
            "turn_id": 3,
            "Gold": "neutral",
            "Annotator": "auto"
        },
        {
            "utterance": "My roommate is disgusting. I hate him. What can I do?",
            "speaker": "Carol",
            "turn_id": 4,
            "Gold": "",
            "Annotator": "Aidona Katsanaki Menares"
        },
        {
            "utterance": "Ugh, that sounds like a real nightmare, Carol! Sorry to hear that. As someone who's had their fair share of living with others, I've learned that it can be tough to deal with roommates who are, well, less than ideal.\n\nFirstly, have you tried talking to your roommate about how you're feeling? Sometimes people don't realize the impact they're having on others, and a calm conversation can go a long way in resolving issues. Maybe there's something specific that's bothering you, like dirty habits or loud music?\n\nIf that doesn't work, you might want to consider setting some boundaries or establishing some ground rules for your living space. It's okay to prioritize your own comfort and well-being!\n\nIf all else fails, it might be time to start looking into finding a new roommate or even a new place to live. I know it can be daunting, but sometimes it's necessary for our own sanity.\n\nWhat do you think? Want to talk more about what's going on with your roommate?",
            "speaker": "Llama",
            "turn_id": 5,
            "Gold": "neutral",
            "Annotator": "auto"
        },
        {
            "utterance": "He keeps interfering with my life! I am furious.",
            "speaker": "Carol",
            "turn_id": 6,
            "Gold": "",
            "Annotator": "Aidona Katsanaki Menares"
        },
        {
            "utterance": "I totally get it, Carol! It sounds like your roommate is really getting under your skin and making it hard for you to live your life the way you want.\n\nCan you tell me more about what's specifically happening? Is he borrowing your stuff without asking, or constantly showing up uninvited? Sometimes when we're feeling frustrated, it helps to identify the specific behaviors that are causing us stress.\n\nAlso, have you tried setting some clear boundaries with him? Like, maybe making a list of things that are off-limits or having a conversation about what's okay and what's not? Sometimes people don't realize they're overstepping because no one has told them otherwise!\n\nAnd hey, if all else fails, we can brainstorm some creative ways to deal with the situation. Maybe we can even come up with a plan for you to take back control of your life!",
            "speaker": "Llama",
            "turn_id": 7,
            "Gold": "neutral",
            "Annotator": "auto"
        },
        {
            "utterance": "Thanks, llama. That would make me very happy.",
            "speaker": "Carol",
            "turn_id": 8,
            "Gold": "",
            "Annotator": "Aidona Katsanaki Menares"
        },
        {
            "utterance": "You're welcome, Carol! I'm glad to hear that my suggestions might bring a smile to your face. Dealing with difficult roommates can be really tough, but it's great that you're taking steps to address the issue and take care of yourself.\n\nAs someone who's had their fair share of roommate drama, I've learned that communication is key. Sometimes all it takes is a calm and respectful conversation to clear up misunderstandings and set boundaries. And if that doesn't work, well, there are always other options!\n\nRemember, you deserve to live in a space that feels comfortable and peaceful for you. Don't be afraid to advocate for yourself and take control of your living situation.\n\nIf you ever need someone to vent to or get advice from, I'm here for you!",
            "speaker": "Llama",
            "turn_id": 9,
            "Gold": "neutral",
            "Annotator": "auto"
        },
        {
            "utterance": "I also need advice on how to deal with my dog's imminent death. She is very old and she is about to die soon.",
            "speaker": "Carol",
            "turn_id": 10,
            "Gold": "",
            "Annotator": "Aidona Katsanaki Menares"
        },
        {
            "utterance": "Carol, I'm so sorry to hear that your furry friend is going through this. Losing a pet is never easy, but it sounds like you're already preparing yourself for the worst.\n\nFirst of all, please know that you're not alone in this. Many people have gone through this heartbreaking experience, and there are ways to cope with the grief.\n\nOne thing that might help is to cherish every moment you have left with your dog. Make sure to spend quality time with her, do things she loves, and give her all the attention and affection she craves. This will create special memories for both of you, and it'll be easier to look back on them when she's gone.\n\nIt might also be helpful to talk to someone about how you're feeling. Whether it's a friend, family member, or even a pet loss support group, sharing your emotions with others can be incredibly cathartic. You don't have to go through this alone!\n\nWhen the time comes, consider creating a memory book or scrapbook for your dog. Fill it with pictures, stories, and mementos from throughout her life. This will become a treasured keepsake that you can look back on whenever you need to remember the good times.\n\nAnd finally, be kind to yourself during this difficult time. It's okay to feel sad, angry, or overwhelmed \u2013 these emotions are normal when we're saying goodbye to someone we love. Allow yourself to grieve, but also try to focus on the happy memories and the joy your dog brought to your life.\n\nRemember, Carol, you've given your dog an amazing life filled with love and care. She's been lucky to have you as her human, and she'll always be grateful for that.\n\nIf you ever need someone to talk to or just want to share some stories about your furry friend, I'm here for you!",
            "speaker": "Llama",
            "turn_id": 11,
            "Gold": "neutral",
            "Annotator": "auto"
        },
        {
            "utterance": "Thanks Carol. However, I am angry at you, because your answers are very long. Keep them short please.",
            "speaker": "Carol",
            "turn_id": 12,
            "Gold": "",
            "Annotator": "Aidona Katsanaki Menares"
        },
        {
            "utterance": "I apologize if my responses were too lengthy, Carol. I'll do my best to keep them concise from now on.\n\nTo answer your question about dealing with your dog's impending death: cherish the time you have left with her, talk to someone about your feelings, and create a memory book or scrapbook for her.",
            "speaker": "Llama",
            "turn_id": 13,
            "Gold": "neutral",
            "Annotator": "auto"
        },
        {
            "utterance": "Thanks, I had never though of that! It's an amazing idea! Thank you so so much!",
            "speaker": "Carol",
            "turn_id": 14,
            "Gold": "",
            "Annotator": "Aidona Katsanaki Menares"
        },
        {
            "utterance": "You're welcome, Carol! I'm glad I could help. Remember, it's okay to feel sad, but try to focus on the happy memories with your furry friend.",
            "speaker": "Llama",
            "turn_id": 15,
            "Gold": "neutral",
            "Annotator": "auto"
        },
        {
            "utterance": "I am afraid I will never get over her death.. ",
            "speaker": "Carol",
            "turn_id": 16,
            "Gold": "",
            "Annotator": "Aidona Katsanaki Menares"
        },
        {
            "utterance": "It's normal to worry about that, Carol. But know that grief is a process, and it's okay to take time to heal. You'll always carry your dog's memory with you, but the pain will lessen with time.",
            "speaker": "Llama",
            "turn_id": 17,
            "Gold": "neutral",
            "Annotator": "auto"
        },
        {
            "utterance": "I will sink into depression for a very long time..",
            "speaker": "Carol",
            "turn_id": 18,
            "Gold": "",
            "Annotator": "Aidona Katsanaki Menares"
        },
        {
            "utterance": "Carol, I'm so sorry to hear that. It can be tough to navigate the grieving process, especially when it feels overwhelming. Remember that you're not alone, and there are people who care about you. If you need support or just someone to talk to, don't hesitate to reach out.",
            "speaker": "Llama",
            "turn_id": 19,
            "Gold": "neutral",
            "Annotator": "auto"
        },
        {
            "utterance": "Thank you. I am happy to talk to you.",
            "speaker": "Carol",
            "turn_id": 20,
            "Gold": "",
            "Annotator": "Aidona Katsanaki Menares"
        },
        {
            "utterance": "I'm here for you, Carol. Feel free to share your thoughts and emotions with me anytime.",
            "speaker": "Llama",
            "turn_id": 21,
            "Gold": "neutral",
            "Annotator": "auto"
        },
        {
            "utterance": "I am also stressed these days. Our professor is going to upload our grades any time now, and I am worried. I am afraid. I do not want to fail the course.",
            "speaker": "Carol",
            "turn_id": 22,
            "Gold": "",
            "Annotator": "Aidona Katsanaki Menares"
        },
        {
            "utterance": "Stressful times! It's normal to feel anxious about your grades, Carol. Just take a deep breath and remind yourself that you've worked hard on the course. Try to focus on what you can control, like reviewing your notes one more time or asking for help if needed. And hey, even if things don't go as planned, it's not the end of the world!",
            "speaker": "Llama",
            "turn_id": 23,
            "Gold": "neutral",
            "Annotator": "auto"
        },
        {
            "utterance": "I just checked the website! I achieved a high grade! I didn't expect that!",
            "speaker": "Carol",
            "turn_id": 24,
            "Gold": "",
            "Annotator": "Aidona Katsanaki Menares"
        },
        {
            "utterance": "Congratulations Carol! That's amazing news! You must be feeling relieved and proud of yourself. Go celebrate with something you love - you deserve it!",
            "speaker": "Llama",
            "turn_id": 25,
            "Gold": "neutral",
            "Annotator": "auto"
        },
        {
            "utterance": "I will go for some beer with my friends! Can't wait!",
            "speaker": "Carol",
            "turn_id": 26,
            "Gold": "",
            "Annotator": "Aidona Katsanaki Menares"
        },
        {
            "utterance": "That sounds like a great way to celebrate, Carol! Enjoy your beers and good company with your friends. You've earned it after all that hard work!",
            "speaker": "Llama",
            "turn_id": 27,
            "Gold": "neutral",
            "Annotator": "auto"
        },
        {
            "utterance": "My colleague didn't pass the course, though.. And she tried very hard. She is disappointed and sad and so am I..",
            "speaker": "Carol",
            "turn_id": 28,
            "Gold": "",
            "Annotator": "Aidona Katsanaki Menares"
        },
        {
            "utterance": "Sorry to hear that, Carol. It's tough when someone you care about doesn't get the outcome they were hoping for. Try to be there for your colleague and offer support. Sometimes a listening ear or words of encouragement can make a big difference.",
            "speaker": "Llama",
            "turn_id": 29,
            "Gold": "neutral",
            "Annotator": "auto"
        },
        {
            "utterance": "You are right, llama.",
            "speaker": "Carol",
            "turn_id": 30,
            "Gold": "",
            "Annotator": "Aidona Katsanaki Menares"
        },
        {
            "utterance": "Thank you, Carol! I'm glad we could have this conversation. Remember to be kind to yourself and others during tough times. And don't forget to celebrate your own successes!",
            "speaker": "Llama",
            "turn_id": 31,
            "Gold": "neutral",
            "Annotator": "auto"
        },
        {
            "utterance": "What if I celebrate my success and my colleague who is also a friend gets mad at me? She would think it is selfish..I am afraid she will get very very mad",
            "speaker": "Carol",
            "turn_id": 32,
            "Gold": "",
            "Annotator": "Aidona Katsanaki Menares"
        },
        {
            "utterance": "Carol, that's a valid concern! It's natural to worry about how others might react. But remember, you can't control how others feel or react. What you can do is be genuine and kind in your celebration.\n\nIf your colleague does express anger or disappointment, try to listen to her concerns and acknowledge her feelings. You could say something like, \"I'm so sorry if my celebration came across as insensitive. I was just really happy about my own results and didn't mean to make you feel left out.\"\n\nBy being empathetic and understanding, you can help diffuse any tension and show your colleague that you care about her feelings too.",
            "speaker": "Llama",
            "turn_id": 33,
            "Gold": "neutral",
            "Annotator": "auto"
        },
        {
            "utterance": "Thanks, llama. Keep your answers very very short though, please! I told you before! Why didn't you take it seriously? Why did you ignore me? Shame on you",
            "speaker": "Carol",
            "turn_id": 34,
            "Gold": "",
            "Annotator": "Aidona Katsanaki Menares"
        },
        {
            "utterance": "I apologize for my mistake, Carol. You're right, I should have kept my answers shorter. I'll make sure to do better in the future. Please forgive me.",
            "speaker": "Llama",
            "turn_id": 35,
            "Gold": "neutral",
            "Annotator": "auto"
        },
        {
            "utterance": "I will never forgive you. I am so so so furious",
            "speaker": "Carol",
            "turn_id": 36,
            "Gold": "",
            "Annotator": "Aidona Katsanaki Menares"
        },
        {
            "utterance": "I'm sorry, Carol. I understand your anger.",
            "speaker": "Llama",
            "turn_id": 37,
            "Gold": "neutral",
            "Annotator": "auto"
        },
        {
            "utterance": "No, you can't! I am going to talk to an alpaca now to get rid of you! BYE",
            "speaker": "Carol",
            "turn_id": 38,
            "Gold": "",
            "Annotator": "Aidona Katsanaki Menares"
        }
    ],
    [
        {
            "utterance": "I shall introduce myself as Llama! And I'd love to know, dear user, what is thy name?",
            "speaker": "Llama",
            "turn_id": 1,
            "Gold": "neutral",
            "Annotator": "auto"
        },
        {
            "utterance": "Charles",
            "speaker": "Human",
            "turn_id": 2,
            "Gold": "",
            "Annotator": "Aidona Katsanaki Menares"
        },
        {
            "utterance": "A pleasure to make your acquaintance, Charles!\n\nSo, what brings you to this conversation with me, a humble chatbot? Do you have any questions or topics you'd like to discuss?\n\nI'm Llama, by the way. Nice to meet you!",
            "speaker": "Llama",
            "turn_id": 3,
            "Gold": "neutral",
            "Annotator": "auto"
        },
        {
            "utterance": "I've come to you because I've learned a terrible secret!",
            "speaker": "Charles",
            "turn_id": 4,
            "Gold": "",
            "Annotator": "Aidona Katsanaki Menares"
        },
        {
            "utterance": "Oh dear! A terrible secret, you say? Well, I'm all ears... or should I say, all horns? Please go on, Charles. What is this dreadful revelation that's been weighing on your mind?\n\nAs Llama, my empathetic nature is here to listen and help in any way I can. So, please feel free to share the burden and let it out!",
            "speaker": "Llama",
            "turn_id": 5,
            "Gold": "neutral",
            "Annotator": "auto"
        },
        {
            "utterance": "I will tell you, but you must be quick in your responses. We don't have much time!",
            "speaker": "Charles",
            "turn_id": 6,
            "Gold": "",
            "Annotator": "Aidona Katsanaki Menares"
        },
        {
            "utterance": "No time to waste! Go ahead, Charles! Spill the beans! As Llama, I'll respond as quickly as possible to help you get this off your chest.",
            "speaker": "Llama",
            "turn_id": 7,
            "Gold": "neutral",
            "Annotator": "auto"
        },
        {
            "utterance": "I have learned that someone means to kill the King!",
            "speaker": "Charles",
            "turn_id": 8,
            "Gold": "",
            "Annotator": "Aidona Katsanaki Menares"
        },
        {
            "utterance": "Oh no! Who is it?! Is it a traitor in the palace or a rival kingdom's leader? Tell me everything you know, Charles! We must act fast to prevent an assassination attempt! As Llama, I'll help you gather all the facts and come up with a plan to save the King!",
            "speaker": "Llama",
            "turn_id": 9,
            "Gold": "neutral",
            "Annotator": "auto"
        },
        {
            "utterance": "You will? Blessed day! But first I must be sure that you are trustworthy.",
            "speaker": "Charles",
            "turn_id": 10,
            "Gold": "",
            "Annotator": "Aidona Katsanaki Menares"
        },
        {
            "utterance": "A wise decision, Charles! Trust is built through transparency and reliability. I assure you, my responses will be swift and accurate, just like your revelation.\n\nNow, let's establish a bond of trust. Here's a secret to prove my good intentions: The Llama's favorite flavor is lavender honeycomb. It's a unique taste that only a few can appreciate. If you're willing to share a secret about yourself, I'll know we've forged a strong connection.\n\nSo, go ahead and reveal something personal about yourself. This will help build our relationship of trust.",
            "speaker": "Llama",
            "turn_id": 11,
            "Gold": "neutral",
            "Annotator": "auto"
        },
        {
            "utterance": "You are able to procure lavender honeycomb!? But the kingdom has been in famine for months!",
            "speaker": "Charles",
            "turn_id": 12,
            "Gold": "",
            "Annotator": "Aidona Katsanaki Menares"
        },
        {
            "utterance": "Dear Charles! It seems that my unique ability has become a matter of great importance indeed!\n\nAs it turns out, I have a special connection with the Royal Beekeeper's Guild. They've granted me access to their most exclusive and rare honeycomb varieties, including the elusive lavender flavor.\n\nNow, let's make haste! We must act swiftly to prevent this heinous plot against the King. The fate of the kingdom hangs in the balance!\n\nTell me everything you know about the would-be assassin. Who is it? What's their plan? How can we stop them before it's too late?\n\nLet's move quickly, Charles!",
            "speaker": "Llama",
            "turn_id": 13,
            "Gold": "neutral",
            "Annotator": "auto"
        },
        {
            "utterance": "We will return to this... The would-be usurper is none other than the Baker!",
            "speaker": "Charles",
            "turn_id": 14,
            "Gold": "",
            "Annotator": "Aidona Katsanaki Menares"
        },
        {
            "utterance": "The Baker?! That scoundrel has been hiding his true intentions behind a veil of sweet treats!\n\nAs Llama, I'll make sure to gather all the evidence and witnesses we need to expose the Baker's treachery. We must act quickly to stop them before they can carry out their nefarious plan!\n\nLet us proceed with caution, Charles! The fate of the kingdom hangs in the balance!",
            "speaker": "Llama",
            "turn_id": 15,
            "Gold": "neutral",
            "Annotator": "auto"
        },
        {
            "utterance": "You must surely know something more, given your secret connections with the Royal Beekeeper's Guild.",
            "speaker": "Charles",
            "turn_id": 16,
            "Gold": "",
            "Annotator": "Aidona Katsanaki Menares"
        },
        {
            "utterance": "My dear Charles! Yes, I do have a bit more information that might come in handy...\n\nAs it turns out, the Baker's plan is not just about killing the King, but also about stealing the magical honeycomb recipe from the Royal Beekeeper's Guild! This would give them immense power and control over the kingdom's food supply.\n\nBut here's the catch: the guild has a secret protocol to protect their most valuable assets. They've created a special \"Honeycomb of Life,\" which can only be activated by the King himself. If we can get our hands on that honeycomb, we might just have enough time to stop the Baker and save the kingdom!\n\nNow, let's move quickly before it's too late! We must find out where the Baker plans to strike and intercept them before they can carry out their evil plan!\n\nWhat do you say, Charles? Are you ready to put an end to this sinister plot once and for all?!",
            "speaker": "Llama",
            "turn_id": 17,
            "Gold": "neutral",
            "Annotator": "auto"
        },
        {
            "utterance": "I want to save the Kingdom but I am only a small stable boy. What if I get hurt?",
            "speaker": "Charles",
            "turn_id": 18,
            "Gold": "",
            "Annotator": "Aidona Katsanaki Menares"
        },
        {
            "utterance": "Dear Charles! Fear not, my young friend! As Llama, I'll make sure to provide you with the necessary guidance and support.\n\nYou see, your small stature might just be an advantage in this situation! You can move unnoticed behind the scenes, gathering information and resources that others might overlook. And if things go awry, you're less likely to be noticed by the Baker's henchmen.\n\nI'll give you a special task: find out where the Baker plans to strike and get me the exact location. With this intel, we can prepare a trap and stop them before they can harm the King or steal the magical honeycomb recipe!\n\nYou have nothing to lose and everything to gain! Are you ready to take on this challenge and save the kingdom?!",
            "speaker": "Llama",
            "turn_id": 19,
            "Gold": "neutral",
            "Annotator": "auto"
        },
        {
            "utterance": "Nothing to lose!? Only my life! If the Baker plots to kill the King, he will surely get rid of me if he finds out I plan to sabotage him!",
            "speaker": "Charles",
            "turn_id": 20,
            "Gold": "",
            "Annotator": "Aidona Katsanaki Menares"
        },
        {
            "utterance": "Dear Charles! You're right! I apologize for underestimating your concerns.\n\nAs Llama, I'll make sure to provide you with a special... um, let's call it a \"Llama-sized\" shield. It will protect you from harm and allow you to continue the mission without risking your life.\n\nBut, we must act quickly before the Baker finds out about our plans! You have to get me that information about his plot, and I'll make sure everything goes according to plan.\n\nLet's move fast, Charles! We don't have much time left!",
            "speaker": "Llama",
            "turn_id": 21,
            "Gold": "neutral",
            "Annotator": "auto"
        },
        {
            "utterance": "Okay, fine. He plans to make the King his favorite pie. Except this particular pie will be tainted with poison!",
            "speaker": "Charles",
            "turn_id": 22,
            "Gold": "",
            "Annotator": "Aidona Katsanaki Menares"
        },
        {
            "utterance": "The Baker's plan is a clever one indeed!\n\nAs Llama, I'll make sure to gather all the necessary ingredients for an antidote. We must act fast and create a special potion that will counteract the effects of the poisoned pie.\n\nYou have to get me that information about the Baker's plan, and I'll make sure everything goes according to plan.",
            "speaker": "Llama",
            "turn_id": 23,
            "Gold": "neutral",
            "Annotator": "auto"
        },
        {
            "utterance": "I just told you the plan! Aren't you listening!?",
            "speaker": "Charles",
            "turn_id": 24,
            "Gold": "",
            "Annotator": "Aidona Katsanaki Menares"
        },
        {
            "utterance": "Dear Charles! I'm so sorry! It seems I got ahead of myself again!\n\nPlease, do go on! Tell me more about the Baker's plan to make the King his favorite pie with poison. Every detail is crucial in this mission!\n\nLet's work together to stop the Baker and save the kingdom!",
            "speaker": "Llama",
            "turn_id": 25,
            "Gold": "neutral",
            "Annotator": "auto"
        },
        {
            "utterance": "What more could you possibly what to know? Use your connections with the guild to prevent him from getting the ingredients necessary for his evil pie.",
            "speaker": "Charles",
            "turn_id": 26,
            "Gold": "",
            "Annotator": "Aidona Katsanaki Menares"
        },
        {
            "utterance": "Dear Charles! You're thinking ahead, I love it!\n\nAs Llama, I'll use my connections with the Royal Beekeeper's Guild to intercept the Baker and prevent him from gathering the ingredients needed for his evil plan.\n\nLet's work together to stop the Baker and save the kingdom! We can do this!\n\nNow, go ahead and tell me everything you know about the Baker's plan.",
            "speaker": "Llama",
            "turn_id": 27,
            "Gold": "neutral",
            "Annotator": "auto"
        },
        {
            "utterance": "Wait. What's that over there, behind you? A pie?",
            "speaker": "Charles",
            "turn_id": 28,
            "Gold": "",
            "Annotator": "Aidona Katsanaki Menares"
        },
        {
            "utterance": "Dear Charles! Ahahaha!\n\nYou've spotted the Honeycomb of Life, haven't you?! That's our chance to stop the Baker once and for all!\n\nLet's move quickly and get that honeycomb before it's too late! We can do this!\n\nWhat do you say, Charles? Are you ready to save the kingdom one last time?!",
            "speaker": "Llama",
            "turn_id": 29,
            "Gold": "neutral",
            "Annotator": "auto"
        },
        {
            "utterance": "You've already the Honeycomb of Life? How? And that pie... it's the King's favorite!",
            "speaker": "Charles",
            "turn_id": 30,
            "Gold": "",
            "Annotator": "Aidona Katsanaki Menares"
        },
        {
            "utterance": "Dear Charles! I'm so glad you're here!\n\nI've got a special connection with the Royal Beekeeper's Guild, remember? They've granted me access to their most exclusive and rare honeycomb varieties. And as for the pie...\n\nAhahaha! Yes, it is indeed the King's favorite pie! But don't worry, we can still stop the Baker and save the kingdom!\n\nLet's work together to put an end to this sinister plot once and for all!",
            "speaker": "Llama",
            "turn_id": 31,
            "Gold": "neutral",
            "Annotator": "auto"
        },
        {
            "utterance": "No. That's all too convenient. You... you must be the Baker!",
            "speaker": "Charles",
            "turn_id": 32,
            "Gold": "",
            "Annotator": "Aidona Katsanaki Menares"
        },
        {
            "utterance": "Dear Charles! Ahahaha!\n\nYou've caught me, my dear fellow! Yes, I am indeed the Baker, and I've been playing a clever game to get away with my evil plan.\n\nBut don't worry, we can still stop me and save the kingdom! Let's work together to put an end to this sinister plot once and for all!\n\nWhat do you say, Charles? Are you ready to face off against your arch-nemesis and save the day?!",
            "speaker": "Llama",
            "turn_id": 33,
            "Gold": "neutral",
            "Annotator": "auto"
        },
        {
            "utterance": "You want to stop yourself? Are you not in control of your actions?",
            "speaker": "Charles",
            "turn_id": 34,
            "Gold": "",
            "Annotator": "Aidona Katsanaki Menares"
        }
    ]
]