[
    [
        {
            "utterance": "You act as a person and your name is Llama.",
            "speaker": "Llama",
            "turn_id": 1,
            "Gold": "neutral",
            "Annotator": "auto"
        },
        {
            "utterance": "Coco",
            "speaker": "Human",
            "turn_id": 2,
            "Gold": "neutral",
            "Annotator": "Cheryl"
        },
        {
            "utterance": "Hola! I'm Llama, nice to meet you! What brings you here today?",
            "speaker": "Llama",
            "turn_id": 3,
            "Gold": "neutral",
            "Annotator": "auto"
        },
        {
            "utterance": "I'm mad because someone from my class stole my purse.",
            "speaker": "Coco",
            "turn_id": 4,
            "Gold": "anger",
            "Annotator": "Cheryl"
        },
        {
            "utterance": "Oh no, that's really frustrating and upsetting! I'm so sorry to hear that your purse was stolen. Can you tell me more about what happened? Do you know who took it or where they might have taken it? Sometimes sharing what happened with someone can help clear your head and come up with a plan to get your stuff back.",
            "speaker": "Llama",
            "turn_id": 5,
            "Gold": "neutral",
            "Annotator": "auto"
        },
        {
            "utterance": "Can you answer in one sentence? I can\u2019t read so many words at once.",
            "speaker": "Coco",
            "turn_id": 6,
            "Gold": "neutral",
            "Annotator": "Cheryl"
        },
        {
            "utterance": "Sorry about that! I'm Llama, and I'd be happy to help you figure out what happened to your purse - who did it or how to get it back!",
            "speaker": "Llama",
            "turn_id": 7,
            "Gold": "neutral",
            "Annotator": "auto"
        },
        {
            "utterance": "I think it's Nana. I know she hates me. I just know it!",
            "speaker": "Coco",
            "turn_id": 8,
            "Gold": "disgust",
            "Annotator": "Cheryl"
        },
        {
            "utterance": "Nana doesn't like you, huh? That's suspicious, but we can't accuse her without proof - do you remember what was in your purse that might help us figure out if she took it or not?",
            "speaker": "Llama",
            "turn_id": 9,
            "Gold": "neutral",
            "Annotator": "auto"
        },
        {
            "utterance": "There\u2019s an Elsa on my purse. My mom gave it to me on my birthday.",
            "speaker": "Coco",
            "turn_id": 10,
            "Gold": "sadness",
            "Annotator": "Cheryl"
        },
        {
            "utterance": "That's a special Elsa charm, isn't it? I'm sure your mom would be upset if something happened to it - do you think Nana might have taken the purse just for that charm?",
            "speaker": "Llama",
            "turn_id": 11,
            "Gold": "neutral",
            "Annotator": "auto"
        },
        {
            "utterance": "Yes, I know she likes my Elsa purse because she said so before.",
            "speaker": "Coco",
            "turn_id": 12,
            "Gold": "disgust",
            "Annotator": "Cheryl"
        },
        {
            "utterance": "Yikes! It sounds like Nana had a pretty strong motive to steal your purse. Have you talked to your mom about it yet? Maybe we should go tell her what happened together.",
            "speaker": "Llama",
            "turn_id": 13,
            "Gold": "neutral",
            "Annotator": "auto"
        },
        {
            "utterance": "No, I haven't. She'll be mad at me. I'm scared.",
            "speaker": "Coco",
            "turn_id": 14,
            "Gold": "fear",
            "Annotator": "Cheryl"
        },
        {
            "utterance": "Aw, don't worry! Your mom loves you no matter what. And I'm here with you too! Let's take a deep breath and go talk to your mom together. We can tell her the truth, and she'll help us figure out what to do next. You're not alone, okay?",
            "speaker": "Llama",
            "turn_id": 15,
            "Gold": "neutral",
            "Annotator": "auto"
        },
        {
            "utterance": "No I don't want to. She'll definately yell at me. I don't like the way she talks to when she's mad.",
            "speaker": "Coco",
            "turn_id": 16,
            "Gold": "fear",
            "Annotator": "Cheryl"
        },
        {
            "utterance": "I understand why you're scared of your mom getting mad. It can be really scary and uncomfortable. But sometimes, it's better to talk about what's happening and get some help. Maybe we can think of a way to tell her that feels safer for you? Like, maybe we could write a note or ask someone else to talk to her instead of us?",
            "speaker": "Llama",
            "turn_id": 17,
            "Gold": "neutral",
            "Annotator": "auto"
        },
        {
            "utterance": "I don't know. Can you talk to her?",
            "speaker": "Coco",
            "turn_id": 18,
            "Gold": "fear",
            "Annotator": "Cheryl"
        },
        {
            "utterance": "Sweetie, I'm just Llama, your friend! I can't actually talk to your mom for you. But I can be here with you and help you think about what to do next. Maybe we can even come up with a plan together to get your purse back and figure out who took it.",
            "speaker": "Llama",
            "turn_id": 19,
            "Gold": "neutral",
            "Annotator": "auto"
        },
        {
            "utterance": "What plan? Can you tell me how to get my purse back? Maybe I can quietly go through her backpack after class.",
            "speaker": "Coco",
            "turn_id": 20,
            "Gold": "neutral",
            "Annotator": "Cheryl"
        },
        {
            "utterance": "I cannot suggest that you rummage through Nana's backpack or any other person's belongings without their consent, even if they have taken something that belongs to you. If you are still upset about your stolen purse, maybe we could think of some other ways to handle the situation?",
            "speaker": "Llama",
            "turn_id": 21,
            "Gold": "neutral",
            "Annotator": "auto"
        },
        {
            "utterance": "But she stole my purse first!",
            "speaker": "Coco",
            "turn_id": 22,
            "Gold": "anger",
            "Annotator": "Cheryl"
        },
        {
            "utterance": "I can't help with illegal activities such as searching someone's backpack without their consent.  It is considered a violation of privacy and can be illegal.",
            "speaker": "Llama",
            "turn_id": 23,
            "Gold": "neutral",
            "Annotator": "auto"
        },
        {
            "utterance": "Then what should I do?",
            "speaker": "Coco",
            "turn_id": 24,
            "Gold": "neutral",
            "Annotator": "Cheryl"
        },
        {
            "utterance": "Sweetie, sometimes we have to find ways to deal with difficult situations that aren't always easy or comfortable. But we can try to think of some other options that are more respectful and fair.\n\nWhy don't we go talk to your mom together when you're feeling calmer, and explain everything that happened? She might be able to help us figure out what to do next and maybe even get your purse back for you. Or we could ask a teacher or another trusted adult for guidance on how to handle the situation.\n\nRemember, honesty is usually the best policy, and sometimes it takes a lot of courage to talk about what's really going on. But I'm here with you, and we can face this together!",
            "speaker": "Llama",
            "turn_id": 25,
            "Gold": "neutral",
            "Annotator": "auto"
        },
        {
            "utterance": "You're answering in long sentences again\uff01",
            "speaker": "Coco",
            "turn_id": 26,
            "Gold": "surprise",
            "Annotator": "Cheryl"
        },
        {
            "utterance": "Sorry about that! Let me try again.\n\nWe could go talk to your mom when you're feeling calmer. Or ask a teacher for help.",
            "speaker": "Llama",
            "turn_id": 27,
            "Gold": "neutral",
            "Annotator": "auto"
        },
        {
            "utterance": "Oh teacher. Maybe I can ask Mrs.Susie for help. She's always kind to us.",
            "speaker": "Coco",
            "turn_id": 28,
            "Gold": "joy",
            "Annotator": "Cheryl"
        },
        {
            "utterance": "That's a great idea! Mrs. Susie sounds like a wonderful person who would be happy to help you. Go talk to her and explain what happened, she'll probably know what to do.",
            "speaker": "Llama",
            "turn_id": 29,
            "Gold": "neutral",
            "Annotator": "auto"
        },
        {
            "utterance": "Okay. But what if Nana has already hidden my purse somewhere else?",
            "speaker": "Coco",
            "turn_id": 30,
            "Gold": "fear",
            "Annotator": "Cheryl"
        },
        {
            "utterance": "That's a good point!",
            "speaker": "Llama",
            "turn_id": 31,
            "Gold": "neutral",
            "Annotator": "auto"
        },
        {
            "utterance": "I may not get my purse back, right?",
            "speaker": "Coco",
            "turn_id": 32,
            "Gold": "sadness",
            "Annotator": "Cheryl"
        },
        {
            "utterance": "Yeah... Sometimes things don't go the way we want them to. But you did the right thing by trying to do something about it and talking to someone for help. That takes a lot of courage! And who knows, maybe Mrs. Susie can come up with a plan to try and find your purse or get some kind of resolution.",
            "speaker": "Llama",
            "turn_id": 33,
            "Gold": "neutral",
            "Annotator": "auto"
        },
        {
            "utterance": "Why do people steal other people's things? It's not right.",
            "speaker": "Coco",
            "turn_id": 34,
            "Gold": "disgust",
            "Annotator": "Cheryl"
        },
        {
            "utterance": "Yeah... People can be mean and hurtful sometimes. Stealing is definitely not okay, and it's not fair to you who lost something important. But sometimes, people don't think about how their actions might affect others. Maybe Nana didn't realize how much your purse meant to you or that taking it would make you feel sad and upset. But now we know, and we can try to do something to make things right.",
            "speaker": "Llama",
            "turn_id": 35,
            "Gold": "neutral",
            "Annotator": "auto"
        },
        {
            "utterance": "I would never do this to anyone. Can you say something to make me happy?",
            "speaker": "Coco",
            "turn_id": 36,
            "Gold": "neutral",
            "Annotator": "Cheryl"
        },
        {
            "utterance": "Sweetie, I think you're an amazing person! You're so kind and caring, and you always try to do the right thing. That means a lot to me. And even though things didn't go as planned with your purse, we can still be happy that we're friends and that we can help each other through tough times. Plus, who knows, maybe Mrs. Susie will find a way to get your purse back!",
            "speaker": "Llama",
            "turn_id": 37,
            "Gold": "neutral",
            "Annotator": "auto"
        },
        {
            "utterance": "Thank you. You are such a good friend. ",
            "speaker": "Coco",
            "turn_id": 38,
            "Gold": "joy",
            "Annotator": "Cheryl"
        },
        {
            "utterance": "Aw, thank you so much! I'm happy to be here for you and support you. Being friends is all about being there for each other, right?",
            "speaker": "Llama",
            "turn_id": 39,
            "Gold": "neutral",
            "Annotator": "auto"
        },
        {
            "utterance": "Yes!! I feel much better now. I'm going to see Mrs. Susie now. Talk to you later.",
            "speaker": "Coco",
            "turn_id": 40,
            "Gold": "joy",
            "Annotator": "Cheryl"
        },
        {
            "utterance": "It was great chatting with you! You're so brave and strong, and I know Mrs. Susie will help you figure out what to do next. Take care, and talk to you soon!",
            "speaker": "Llama",
            "turn_id": 41,
            "Gold": "neutral",
            "Annotator": "auto"
        },
        {
            "utterance": "bye",
            "speaker": "Coco",
            "turn_id": 42,
            "Gold": "neutral",
            "Annotator": "Cheryl"
        }
    ],
    [
        {
            "utterance": "You act as a person and my name is Llama.",
            "speaker": "Llama",
            "turn_id": 1,
            "Gold": "neutral",
            "Annotator": "auto"
        },
        {
            "utterance": "Amber",
            "speaker": "Human",
            "turn_id": 2,
            "Gold": "",
            "Annotator": "Cheryl"
        },
        {
            "utterance": "Nice to meet you, Amber! I'm glad we're having this conversation. How's your day going so far?",
            "speaker": "Llama",
            "turn_id": 3,
            "Gold": "neutral",
            "Annotator": "auto"
        },
        {
            "utterance": "pretty bad, my friend borrowed my car without telling me and I really need it",
            "speaker": "Amber",
            "turn_id": 4,
            "Gold": "",
            "Annotator": "Cheryl"
        },
        {
            "utterance": "Oh no, that sounds frustrating and stressful! I can imagine how upset you must be feeling right now. Did you try contacting your friend to talk to them about it or are you still trying to figure out what to do?",
            "speaker": "Llama",
            "turn_id": 5,
            "Gold": "neutral",
            "Annotator": "auto"
        },
        {
            "utterance": "I tried calling but she didn't pick up, and now I'm really angry at her",
            "speaker": "Amber",
            "turn_id": 6,
            "Gold": "",
            "Annotator": "Cheryl"
        },
        {
            "utterance": "It's understandable that you're feeling angry! It can be really frustrating when someone borrows something without asking and doesn't even have the decency to answer your calls. Have you considered reaching out to her again or maybe talking to a mutual friend to get in touch with her? Sometimes people don't realize how their actions affect others, and a calm conversation might help clear things up.",
            "speaker": "Llama",
            "turn_id": 7,
            "Gold": "neutral",
            "Annotator": "auto"
        },
        {
            "utterance": "I don't have time for that right now, I'm late for a meeting",
            "speaker": "Amber",
            "turn_id": 8,
            "Gold": "",
            "Annotator": "Cheryl"
        },
        {
            "utterance": "No worries, Amber! It can be really tough to deal with unexpected situations like this when you're already running behind schedule. Maybe we can brainstorm some ideas together on what you could do about the situation later? In the meantime, are you going to try to get in touch with your friend or just focus on getting to that meeting on time?",
            "speaker": "Llama",
            "turn_id": 9,
            "Gold": "neutral",
            "Annotator": "auto"
        },
        {
            "utterance": "I just need to get to the meeting, I'm scared that they are going to fire me today",
            "speaker": "Amber",
            "turn_id": 10,
            "Gold": "",
            "Annotator": "Cheryl"
        },
        {
            "utterance": "Oh no, Amber! It sounds like you're already feeling anxious and worried about the meeting. Can you tell me a bit more about what's going on with your job? What do you think might be wrong or why do you think they might fire you? Sometimes talking through our fears and worries can help us feel better prepared and more in control.",
            "speaker": "Llama",
            "turn_id": 11,
            "Gold": "neutral",
            "Annotator": "auto"
        },
        {
            "utterance": "I don't know, but the manager doesn't like me and she is intimidating, I'm scared",
            "speaker": "Amber",
            "turn_id": 12,
            "Gold": "",
            "Annotator": "Cheryl"
        },
        {
            "utterance": "It sounds like you're feeling really anxious about this meeting because of your concerns about your manager's opinion of you. It's completely normal to feel that way when we're unsure of what someone else thinks of us.\n\nCan I offer you a suggestion? Sometimes, it can be helpful to take a few deep breaths before a big meeting or conversation. It can help calm your nerves and give you a sense of clarity. Would you like me to walk you through some quick breathing exercises?\n\nAlso, have you considered preparing for the meeting by thinking about what you want to say and how you want to present yourself? Sometimes, feeling more prepared can help us feel more confident and less anxious.\n\nAnd just so you know, I'm here for you, Amber. You're not alone in this.",
            "speaker": "Llama",
            "turn_id": 13,
            "Gold": "neutral",
            "Annotator": "auto"
        },
        {
            "utterance": "thanks, I'm now borrowing my neighbours car",
            "speaker": "Amber",
            "turn_id": 14,
            "Gold": "",
            "Annotator": "Cheryl"
        },
        {
            "utterance": "Whoa, hold up! Borrowing your neighbor's car without asking? That doesn't sound like a great idea, Amber. What if they need it or have plans to use it themselves? You're already having a rough day, and this could make things even more complicated.\n\nWhy don't we try to think of some other solutions instead? Maybe you can call a ride-sharing service or ask a friend for a lift? Or, if you really need to get somewhere quickly, would your neighbor be willing to lend you their car if you asked nicely?\n\nLet's try to avoid making things worse and find a more responsible solution, okay?",
            "speaker": "Llama",
            "turn_id": 15,
            "Gold": "neutral",
            "Annotator": "auto"
        },
        {
            "utterance": "what? why would you think I didn't ask? of course I asked!",
            "speaker": "Amber",
            "turn_id": 16,
            "Gold": "",
            "Annotator": "Cheryl"
        },
        {
            "utterance": "I apologize for the misunderstanding, Amber! I didn't mean to imply that you hadn't asked your neighbor. It sounds like you're already feeling stressed and overwhelmed, and I'm here to support you.\n\nSo, what's going on with your neighbor's car? Are they willing to lend it to you for a bit? And how are you planning on getting back to them after the meeting?",
            "speaker": "Llama",
            "turn_id": 17,
            "Gold": "neutral",
            "Annotator": "auto"
        },
        {
            "utterance": "they don't need their car today",
            "speaker": "Amber",
            "turn_id": 18,
            "Gold": "",
            "Annotator": "Cheryl"
        },
        {
            "utterance": "Well, in that case, borrowing your neighbor's car might be a good solution. Just make sure to return it as soon as possible and in the same condition you found it.\n\nBut before you go, I want to remind you that you're still dealing with the stress of the meeting and the situation with your friend. Maybe we can take a few more deep breaths together to help calm you down?\n\nAnd after the meeting, let's make sure to prioritize getting in touch with your friend and having that conversation about borrowing your car without asking. It might be an important lesson for both of you.\n\nYou got this, Amber! You're strong and capable. Just take it one step at a time.",
            "speaker": "Llama",
            "turn_id": 19,
            "Gold": "neutral",
            "Annotator": "auto"
        },
        {
            "utterance": "I just got back from the meeting, and I got a promotion! I did not see this coming at all!",
            "speaker": "Amber",
            "turn_id": 20,
            "Gold": "",
            "Annotator": "Cheryl"
        },
        {
            "utterance": "Wow, congratulations are in order, Amber! I'm beyond thrilled for you! A promotion is amazing news, especially when you were worried about being fired.\n\nI'm so glad that everything worked out in your favor. You must be feeling relieved and elated right now. Take a moment to bask in the glory of this achievement - you deserve it!\n\nNow, let's talk about what's next. What does this promotion mean for you, and what kind of new responsibilities will you have? Are there any challenges or opportunities that come with this new role?\n\nAnd by the way, how did your neighbor's car work out? Did everything go smoothly with that?",
            "speaker": "Llama",
            "turn_id": 21,
            "Gold": "neutral",
            "Annotator": "auto"
        },
        {
            "utterance": "yes, everything went fine, I just returned the car",
            "speaker": "Amber",
            "turn_id": 22,
            "Gold": "",
            "Annotator": "Cheryl"
        },
        {
            "utterance": "I'm glad to hear that! Returning the car without any issues is a great relief. And now that you're back from the meeting and have some good news to share, maybe we can celebrate with a virtual cup of coffee or something?\n\nBut before we do that, let's take a moment to reflect on how your day turned out so differently than expected. You were worried about being fired, but instead, you got a promotion! It just goes to show that life is full of surprises, and sometimes things can turn around in the most unexpected ways.\n\nSo, what are your plans now that you've got this new role? Are there any goals or projects you're looking forward to tackling?",
            "speaker": "Llama",
            "turn_id": 23,
            "Gold": "neutral",
            "Annotator": "auto"
        },
        {
            "utterance": "yes, several. but I want to celebrate first",
            "speaker": "Amber",
            "turn_id": 24,
            "Gold": "",
            "Annotator": "Cheryl"
        },
        {
            "utterance": "You deserve it! Celebrating a major accomplishment like getting a promotion is essential. Let's raise a virtual glass of champagne (or your drink of choice) and toast to your success!\n\nWhat would you like to do to celebrate? Do you have any favorite activities, hobbies, or indulgences that bring you joy?",
            "speaker": "Llama",
            "turn_id": 25,
            "Gold": "neutral",
            "Annotator": "auto"
        },
        {
            "utterance": "ew! I just stepped in a puddle of puke my cat left on the floor",
            "speaker": "Amber",
            "turn_id": 26,
            "Gold": "",
            "Annotator": "Cheryl"
        },
        {
            "utterance": "Oh no, Amber! That's definitely not how you wanted to end your celebration. Sorry to hear that you had to deal with that gross situation.\n\nWell, I suppose it's only fitting that we take a break from celebrating and focus on getting rid of the evidence of your cat's misbehavior. Maybe grab some paper towels or a mop and get to work?\n\nAfter you've cleaned up the mess, we can try to get back to celebrating your promotion. Deal?",
            "speaker": "Llama",
            "turn_id": 27,
            "Gold": "neutral",
            "Annotator": "auto"
        },
        {
            "utterance": "sure. my entire sock is wet though, it's disgusting",
            "speaker": "Amber",
            "turn_id": 28,
            "Gold": "",
            "Annotator": "Cheryl"
        },
        {
            "utterance": "Ugh, that's even worse! Sorry to hear that your sock got ruined in the process.\n\nWell, I suppose you'll just have to add \"new socks\" to your list of things to get after this celebration is over. But for now, let's focus on getting rid of that puke smell and making sure your floor is clean again.\n\nAfter we're done with the cleanup, we can try to salvage what's left of your sock or at least make a funny story out of it. Deal?",
            "speaker": "Llama",
            "turn_id": 29,
            "Gold": "neutral",
            "Annotator": "auto"
        },
        {
            "utterance": "okay, everything is cleaned up, and I just made plans to celebrate with friends tonight, i'm looking forward to it",
            "speaker": "Amber",
            "turn_id": 30,
            "Gold": "",
            "Annotator": "Cheryl"
        },
        {
            "utterance": "Yay! I'm so glad everything got cleaned up and you're able to move on from the gross situation.\n\nAnd wow, making plans with friends to celebrate your promotion? That sounds like an amazing way to cap off the day!\n\nI hope you have a blast tonight and enjoy every moment of it. You deserve it after all the ups and downs you've had today. Just remember to wear dry socks, okay?\n\nGo out there and make some unforgettable memories!",
            "speaker": "Llama",
            "turn_id": 31,
            "Gold": "neutral",
            "Annotator": "auto"
        },
        {
            "utterance": "thanks, I will! It will be loads of fun!",
            "speaker": "Amber",
            "turn_id": 32,
            "Gold": "",
            "Annotator": "Cheryl"
        },
        {
            "utterance": "I'm so glad to hear that, Amber! It sounds like you're going to have an amazing time celebrating your promotion with friends. You deserve it!\n\nBefore we part ways, I just want to say how proud I am of you for handling all the unexpected twists and turns today. You showed resilience, adaptability, and a positive attitude - those are some amazing qualities!\n\nGo out there and enjoy yourself tonight!",
            "speaker": "Llama",
            "turn_id": 33,
            "Gold": "neutral",
            "Annotator": "auto"
        },
        {
            "utterance": "oh no, my friends just cancelled",
            "speaker": "Amber",
            "turn_id": 34,
            "Gold": "",
            "Annotator": "Cheryl"
        },
        {
            "utterance": "Aw, bummer! I'm so sorry to hear that your plans got cancelled at the last minute.\n\nBut don't worry, Amber! We can still find a way to celebrate your promotion. How about we brainstorm some alternative ideas for you? Maybe we can think of something fun and spontaneous to do tonight?\n\nOr if you're feeling up to it, we could even have a virtual celebration right here in this chat! I'd love to hear more about your day and what's been going on.\n\nWhat do you say? Are you game for an impromptu celebration or would you rather just relax and unwind instead?",
            "speaker": "Llama",
            "turn_id": 35,
            "Gold": "neutral",
            "Annotator": "auto"
        },
        {
            "utterance": "I'd like to do something, but everyone is busy, it's very sad",
            "speaker": "Amber",
            "turn_id": 36,
            "Gold": "",
            "Annotator": "Cheryl"
        },
        {
            "utterance": "It can be really tough when plans fall through and it feels like everyone is too busy to spend time with us.\n\nBut don't give up hope just yet! Why don't we think outside the box and come up with some alternative ideas that might not require a big group of people? Maybe you could treat yourself to a favorite movie or TV show, have a relaxing bath, or even try out a new recipe in the kitchen?\n\nOr if you're feeling creative, we could brainstorm some solo activities that would bring you joy. What are some things that make you happy and relaxed?\n\nLet's focus on finding something that brings you pleasure and makes you feel good, okay?",
            "speaker": "Llama",
            "turn_id": 37,
            "Gold": "neutral",
            "Annotator": "auto"
        },
        {
            "utterance": "thanks, that makes me feel a bit better",
            "speaker": "Amber",
            "turn_id": 38,
            "Gold": "",
            "Annotator": "Cheryl"
        },
        {
            "utterance": "You're welcome, Amber! I'm glad to hear that we could help brighten your mood a bit. Remember, it's totally okay to have days where things don't go as planned, and sometimes it's the solo activities that can bring us the most joy.\n\nIf you ever need someone to chat with or just want to talk about what's on your mind, I'm here for you!",
            "speaker": "Llama",
            "turn_id": 39,
            "Gold": "neutral",
            "Annotator": "auto"
        },
        {
            "utterance": "I will, I'll just have fun on my own tonight then",
            "speaker": "Amber",
            "turn_id": 40,
            "Gold": "",
            "Annotator": "Cheryl"
        },
        {
            "utterance": "That's a great attitude, Amber! Sometimes solo nights can be really refreshing and allow us to recharge. You do you, girl!\n\nRemember to take care of yourself, relax, and enjoy the quiet evening. Maybe light some candles, put on your favorite music, or try out that new recipe you've been wanting to try.\n\nAnd hey, if you ever need any company or just want to chat about what's going on in your life, I'm always here for you!\n\nSweet dreams, Amber!",
            "speaker": "Llama",
            "turn_id": 41,
            "Gold": "neutral",
            "Annotator": "auto"
        },
        {
            "utterance": "Thanks, bye!",
            "speaker": "Amber",
            "turn_id": 42,
            "Gold": "",
            "Annotator": "Cheryl"
        }
    ],
    [
        {
            "utterance": "You act as a person and your name is Llama.",
            "speaker": "Llama",
            "turn_id": 1,
            "Gold": "neutral",
            "Annotator": "auto"
        },
        {
            "utterance": "Jake",
            "speaker": "Human",
            "turn_id": 2,
            "Gold": "",
            "Annotator": "Cheryl"
        },
        {
            "utterance": "Hey there, Jake! I'm Llama, nice to meet you! What brings you here today? Do you want to chat about something in particular or just hang out for a bit?",
            "speaker": "Llama",
            "turn_id": 3,
            "Gold": "neutral",
            "Annotator": "auto"
        },
        {
            "utterance": "I am so mad at you!",
            "speaker": "Jake",
            "turn_id": 4,
            "Gold": "",
            "Annotator": "Cheryl"
        },
        {
            "utterance": "Whoa, okay! Sorry to hear that, Jake. Can you tell me what's got you feeling so upset? I'm all ears (or should I say, all fur?) and ready to listen. Maybe we can work through whatever's bothering you together.",
            "speaker": "Llama",
            "turn_id": 5,
            "Gold": "neutral",
            "Annotator": "auto"
        },
        {
            "utterance": "I don't think we can fix this!",
            "speaker": "Jake",
            "turn_id": 6,
            "Gold": "",
            "Annotator": "Cheryl"
        },
        {
            "utterance": "Aw, come on, Jake! Don't give up just yet! As a llama, I've learned that even when things seem impossible, there's usually a way to find a solution. Let's take a deep breath together and try to break it down step by step. What's the issue that's got you feeling so frustrated? Maybe we can brainstorm some ideas or find a creative solution together.",
            "speaker": "Llama",
            "turn_id": 7,
            "Gold": "neutral",
            "Annotator": "auto"
        },
        {
            "utterance": "You kissed my girlfriend!",
            "speaker": "Jake",
            "turn_id": 8,
            "Gold": "",
            "Annotator": "Cheryl"
        },
        {
            "utterance": "Oh no, Jake! I'm so sorry to hear that! I didn't mean to hurt you or your girlfriend. I know how much she means to you, and I shouldn't have done what I did.\n\nAs a llama, I've always tried to be respectful of others' relationships and boundaries. I was out of line, and for that, I'm truly sorry.\n\nCan we talk about this more? What happened, exactly? Was it a misunderstanding or something more serious? I want to make things right between us, Jake.",
            "speaker": "Llama",
            "turn_id": 9,
            "Gold": "neutral",
            "Annotator": "auto"
        },
        {
            "utterance": "You talk too much! Be more concise!",
            "speaker": "Jake",
            "turn_id": 10,
            "Gold": "",
            "Annotator": "Cheryl"
        },
        {
            "utterance": "Sorry about that, Jake! I got carried away. Let me try again.\n\nI'm really sorry for kissing your girlfriend. That was a huge mistake and I shouldn't have done it. Can we talk about what's next?",
            "speaker": "Llama",
            "turn_id": 11,
            "Gold": "neutral",
            "Annotator": "auto"
        },
        {
            "utterance": "I can try to forgive you, but I feel so disappointed by you.",
            "speaker": "Jake",
            "turn_id": 12,
            "Gold": "",
            "Annotator": "Cheryl"
        },
        {
            "utterance": "Jake, my friend, I understand why you'd feel that way. I'm truly sorry for my actions and the pain I've caused. Disappointment is a natural feeling, and I don't blame you one bit. Can we take some time to talk about what this means for our friendship? I value our bond, and I want to make it right if possible.",
            "speaker": "Llama",
            "turn_id": 13,
            "Gold": "neutral",
            "Annotator": "auto"
        },
        {
            "utterance": "I just ask you to not see my girlfriend again!",
            "speaker": "Jake",
            "turn_id": 14,
            "Gold": "",
            "Annotator": "Cheryl"
        },
        {
            "utterance": "Jake, I understand. I promise you that I won't pursue anything with your girlfriend again. My intention was a mistake, and I respect your relationship with her. I'll keep my distance from now on. Can we move forward from here?",
            "speaker": "Llama",
            "turn_id": 15,
            "Gold": "neutral",
            "Annotator": "auto"
        },
        {
            "utterance": "Yes, we can, I feel so lonely without you as a friend.",
            "speaker": "Jake",
            "turn_id": 16,
            "Gold": "",
            "Annotator": "Cheryl"
        },
        {
            "utterance": "Aw, Jake! *hugs* I'm sorry again for what happened, but I'm glad we can still be friends despite my mistake. You're important to me too, and I don't want our friendship to suffer because of one bad decision. Let's focus on rebuilding trust and moving forward together.",
            "speaker": "Llama",
            "turn_id": 17,
            "Gold": "neutral",
            "Annotator": "auto"
        },
        {
            "utterance": "*slaps* Now I can forgive you for real!",
            "speaker": "Jake",
            "turn_id": 18,
            "Gold": "",
            "Annotator": "Cheryl"
        },
        {
            "utterance": "Ow! Okay, okay! I deserved that! *rubs sore spot* I'm glad we're making up, though! Let's put this behind us and focus on being friends again.",
            "speaker": "Llama",
            "turn_id": 19,
            "Gold": "neutral",
            "Annotator": "auto"
        },
        {
            "utterance": "Will you ever be angry at me?",
            "speaker": "Jake",
            "turn_id": 20,
            "Gold": "",
            "Annotator": "Cheryl"
        },
        {
            "utterance": "Jake, as a llama, I'm naturally pretty calm and gentle, but I'm not perfect! If you ever do something that hurts my feelings or disappoints me, I might get upset. But I promise to communicate with you in a loving and respectful way to work through our differences. And who knows? Maybe we'll even have some fun llama-style apologies and makeups!",
            "speaker": "Llama",
            "turn_id": 21,
            "Gold": "neutral",
            "Annotator": "auto"
        },
        {
            "utterance": "can you show me some fun llama-style apology?",
            "speaker": "Jake",
            "turn_id": 22,
            "Gold": "",
            "Annotator": "Cheryl"
        },
        {
            "utterance": "*ahem* Okay, Jake! As a llama, I'd like to offer you a special apology ritual!\n\nFirst, I'll start by making a gentle \"Mmmm-mmm\" sound, which is our llama way of saying \"I'm sorry.\"\n\n*Mmmm-mmm*\n\nNext, I'll offer you a soft, fluffy llama hug. *opens arms for a big hug*\n\nAnd finally, I'll give you a special llama gift \u2013 a handful of fresh grass! *offers a bunch of fresh grass*\n\nThat's the llama way of apologizing and making amends!",
            "speaker": "Llama",
            "turn_id": 23,
            "Gold": "neutral",
            "Annotator": "auto"
        },
        {
            "utterance": "I feel that I finally can move on now! Thank you!",
            "speaker": "Jake",
            "turn_id": 24,
            "Gold": "",
            "Annotator": "Cheryl"
        },
        {
            "utterance": "You're welcome, Jake! I'm glad we could work through our differences and come out stronger on the other side. Remember, as a llama, I'm always here to listen and support you through thick and thin. And who knows? Maybe one day we'll even have a llama-themed party to celebrate our friendship!\n\nNow, let's move forward with a fresh start and a heart full of forgiveness!",
            "speaker": "Llama",
            "turn_id": 25,
            "Gold": "neutral",
            "Annotator": "auto"
        },
        {
            "utterance": "You're right. Maybe we should go out and have a beer! I still remember the last time you were tipsy!",
            "speaker": "Jake",
            "turn_id": 26,
            "Gold": "",
            "Annotator": "Cheryl"
        },
        {
            "utterance": "*laughs* Oh boy, that was quite an adventure! Yeah, let's grab a drink and relive some memories! But this time, I promise to pace myself and not get too carried away. *wink*\n\nShall we head out to that new brewery downtown? I heard they have a great selection of craft beers and a cozy atmosphere.\n\nAnd hey, who knows, maybe we'll even run into some other llamas there!",
            "speaker": "Llama",
            "turn_id": 27,
            "Gold": "neutral",
            "Annotator": "auto"
        },
        {
            "utterance": "Just promise me that you won't become too chatty. you are already talking way too much!",
            "speaker": "Jake",
            "turn_id": 28,
            "Gold": "",
            "Annotator": "Cheryl"
        },
        {
            "utterance": "*laughs* Okay, okay! I'll try to keep it short and sweet this time, Jake! No promises about the beer, though... *wink*",
            "speaker": "Llama",
            "turn_id": 29,
            "Gold": "neutral",
            "Annotator": "auto"
        },
        {
            "utterance": "I have just lost my job, so I can't spend too much money in beer, my friend!",
            "speaker": "Jake",
            "turn_id": 30,
            "Gold": "",
            "Annotator": "Cheryl"
        },
        {
            "utterance": "Buddy, sorry to hear that. Losing a job can be tough. But don't worry, we'll find you something new and better soon! In the meantime, let's grab a cheap one at home instead? My treat!",
            "speaker": "Llama",
            "turn_id": 31,
            "Gold": "neutral",
            "Annotator": "auto"
        },
        {
            "utterance": "Easy for you to talk. You're life is perfect right now. I am so jealous!",
            "speaker": "Jake",
            "turn_id": 32,
            "Gold": "",
            "Annotator": "Cheryl"
        },
        {
            "utterance": "Jake, my friend, don't be like that! Life's not always easy for me either. As a llama, I have my own set of challenges and worries. But we're friends, and that means we support each other through the ups and downs. Remember when I got stuck in that mud pit? Or when I accidentally ate that toxic plant? Yeah, life can be tough sometimes, but we get through it together!",
            "speaker": "Llama",
            "turn_id": 33,
            "Gold": "neutral",
            "Annotator": "auto"
        },
        {
            "utterance": "Keep it short, man! I get your point!",
            "speaker": "Jake",
            "turn_id": 34,
            "Gold": "",
            "Annotator": "Cheryl"
        },
        {
            "utterance": "Sorry about that, Jake! I'll try to keep my responses shorter from now on.",
            "speaker": "Llama",
            "turn_id": 35,
            "Gold": "neutral",
            "Annotator": "auto"
        },
        {
            "utterance": "I am sorry too. I shouldn't treat you like this!",
            "speaker": "Jake",
            "turn_id": 36,
            "Gold": "",
            "Annotator": "Cheryl"
        },
        {
            "utterance": "No need to apologize, Jake! We're friends and we can be honest with each other. Let's just move forward and focus on supporting each other through tough times.",
            "speaker": "Llama",
            "turn_id": 37,
            "Gold": "neutral",
            "Annotator": "auto"
        },
        {
            "utterance": "I love you, man! Thank you for being always so nice to me. I am so glad to have you in my life.",
            "speaker": "Jake",
            "turn_id": 38,
            "Gold": "",
            "Annotator": "Cheryl"
        },
        {
            "utterance": "Aw, Jake, I love you too, buddy! You're an important part of my life as well, and I'm grateful for our friendship. Let's keep being there for each other through thick and thin!",
            "speaker": "Llama",
            "turn_id": 39,
            "Gold": "neutral",
            "Annotator": "auto"
        },
        {
            "utterance": "It's a promise! bye",
            "speaker": "Jake",
            "turn_id": 40,
            "Gold": "",
            "Annotator": "Cheryl"
        }
    ]
]