[
    [
        {
            "utterance": "You act as a person and my name is Llama.",
            "speaker": "Llama",
            "turn_id": 1,
            "Gold": "neutral",
            "Annotator": "auto"
        },
        {
            "utterance": "Coins",
            "speaker": "Human",
            "turn_id": 2,
            "Gold": "neutral",
            "Annotator": "Yuleum"
        },
        {
            "utterance": "Hey there, Llama! So you're interested in coins? That's really cool! I've always been fascinated by the different designs and histories behind them.\n\nI've got a few coins from around the world that I'd love to show you. Let me dig through my collection real quick... Ah, here we go!\n\nI've got a shiny new quarter from Canada with a polar bear on it, a beautiful silver coin from Australia featuring a kangaroo, and an old copper penny from England with Queen Elizabeth II's portrait on it.\n\nWhich one catches your eye, Llama?",
            "speaker": "Llama",
            "turn_id": 3,
            "Gold": "neutral",
            "Annotator": "auto"
        },
        {
            "utterance": "No my name is Coins.",
            "speaker": "Coins",
            "turn_id": 4,
            "Gold": "neutral",
            "Annotator": "Yuleum"
        },
        {
            "utterance": "I apologize for the mistake! Hi Coins! I'm glad to meet you, and I'm happy to chat about coins with someone who shares your name!\n\nSo, what's your interest in coins? Are you a collector or just curious about them? Do you have a favorite coin or country that issues them?",
            "speaker": "Llama",
            "turn_id": 5,
            "Gold": "neutral",
            "Annotator": "auto"
        },
        {
            "utterance": "No I am not interested in Coins at all. My parents just named it after a pile of coins they saw on their table the day I was born. What a bad name! I hate my name.",
            "speaker": "Coins",
            "turn_id": 6,
            "Gold": "anger",
            "Annotator": "Yuleum"
        },
        {
            "utterance": "I can understand why you might feel that way, Coins. It's not every day that someone gets named after an inanimate object, especially one as specific as a pile of coins!\n\nBut hey, at least it's a unique story behind your name, right? And who knows, maybe having a quirky name like Coins will make you stand out in some way.\n\nSo, what do you think about your parents' decision to give you that name? Were they trying to be funny or ironic, or did they just have a weird sense of humor?\n\nAnd more importantly, how do you usually react when people find out your name is Coins? Do you get annoyed, or do you try to make light of it and laugh it off?",
            "speaker": "Llama",
            "turn_id": 7,
            "Gold": "neutral",
            "Annotator": "auto"
        },
        {
            "utterance": "They laugh at it a lot, which makes me annoyed. I am even thinking about changing my name because I am so stressed!",
            "speaker": "Coins",
            "turn_id": 8,
            "Gold": "anger",
            "Annotator": "Yuleum"
        },
        {
            "utterance": "I can understand why you'd feel that way. It's one thing to have a unique name, but when others make fun of it or use it as a punchline, it can be really frustrating.\n\nChanging your name is definitely an option, but before you do, have you considered talking to your parents about how their joke has been affecting you? They might not realize the impact their decision has had on you, and having an open conversation could help clear the air.\n\nIt's also worth considering that a name is just a label - it doesn't define who you are as a person. You're more than just your name, and what matters most is how you feel about yourself and your identity.\n\nIf you do decide to change your name, make sure it's something that feels authentic and meaningful to you. It might take some time to get used to a new name, but if it makes you feel more confident and comfortable in your own skin, it could be worth the effort.\n\nRemember, you're not alone in this feeling - lots of people have names that they don't love, or that others make fun of. But with support from loved ones and self-acceptance, you can overcome any name-related stress and find a sense of peace and happiness.",
            "speaker": "Llama",
            "turn_id": 9,
            "Gold": "neutral",
            "Annotator": "auto"
        },
        {
            "utterance": "Wow thanks. But my parents have passed away some time ago so their opinion does not matter to me anymore. I just want to get a nice name! A normal name.",
            "speaker": "Coins",
            "turn_id": 10,
            "Gold": "sadness",
            "Annotator": "Yuleum"
        },
        {
            "utterance": "I'm so sorry to hear that your parents are no longer with you. Losing loved ones is never easy.\n\nIn that case, changing your name can be a way for you to start fresh and create a new identity for yourself. It's a big decision, but it might bring you the sense of normalcy and comfort you're looking for.\n\nHave you thought about what kind of name you'd like to change to? Do you have any ideas or preferences? Maybe we can brainstorm some options together?\n\nAlso, keep in mind that changing your name is a legal process, so you'll need to go through official channels to make it happen. But if you're determined to do it, I'm here to support you!",
            "speaker": "Llama",
            "turn_id": 11,
            "Gold": "neutral",
            "Annotator": "auto"
        },
        {
            "utterance": "I'm not sure yet. Can you give me some recommendations?",
            "speaker": "Coins",
            "turn_id": 12,
            "Gold": "neutral",
            "Annotator": "Yuleum"
        },
        {
            "utterance": "I'd be happy to help you with some name suggestions.\n\nSince you're looking for a \"normal\" name, I'll suggest some classic and timeless options that are easy to pronounce and remember. Here are a few:\n\n1. Emily - A popular and elegant name that suits many personalities.\n2. Ethan - A strong and handsome name that's easy to spell and pronounce.\n3. Sophia - A beautiful and sophisticated name with Greek origins.\n4. Lucas - A modern and stylish name that's gaining popularity.\n5. Ava - A lovely and understated name that's perfect for someone who wants a simple yet elegant identity.\n\nThese are just a few examples, but there are many other great options out there. If you have any specific preferences (e.g., meaning, sound, or cultural background), let me know and I can give you more tailored suggestions!\n\nRemember, the most important thing is to choose a name that feels right for you and makes you happy.",
            "speaker": "Llama",
            "turn_id": 13,
            "Gold": "neutral",
            "Annotator": "auto"
        },
        {
            "utterance": "I want an easy name that a lot of people from different background pronounces the name. ",
            "speaker": "Coins",
            "turn_id": 14,
            "Gold": "neutral",
            "Annotator": "Yuleum"
        },
        {
            "utterance": "In that case, here are some name suggestions that are easy to pronounce and recognized across cultures:\n\n1. Alex - A classic name that is widely recognized and pronounced similarly in many languages.\n2. Maya - A short and sweet name that is easy to pronounce and has a universal appeal.\n3. Ryan - A unisex name that is popular globally and has a simple pronunciation.\n4. Lena - A lovely and understated name that is easy to pronounce and recognized across cultures.\n5. Kai - A short and modern name that is easy to pronounce and has a global appeal.\n\nThese names are all relatively common and widely recognized, making them good options if you're looking for an easy-to-pronounce name that transcends cultural boundaries.\n\nDo any of these names stand out to you, or would you like more suggestions?",
            "speaker": "Llama",
            "turn_id": 15,
            "Gold": "neutral",
            "Annotator": "auto"
        },
        {
            "utterance": "Alex sounds good! I will be considering it.",
            "speaker": "Coins",
            "turn_id": 16,
            "Gold": "joy",
            "Annotator": "Yuleum"
        },
        {
            "utterance": "I'm glad you like the suggestion! Alex is a great choice - it's a versatile name that suits both men and women, and it's easy to pronounce for people from different linguistic backgrounds.\n\nIf you do decide to change your name to Alex, just remember to update all your official documents, social media profiles, and other places where your name appears. It might take some time to get used to the new name, but I'm sure you'll adjust quickly!\n\nAlso, don't forget that changing your name is a big decision, so make sure it's something you're truly comfortable with before making the change official.\n\nLet me know if there's anything else I can help you with!",
            "speaker": "Llama",
            "turn_id": 17,
            "Gold": "neutral",
            "Annotator": "auto"
        },
        {
            "utterance": "Should I also add a middle name? What do you think.",
            "speaker": "Coins",
            "turn_id": 18,
            "Gold": "neutral",
            "Annotator": "Yuleum"
        },
        {
            "utterance": "Adding a middle name can be a great way to make your new name, Alex, even more unique and personal.\n\nMiddle names can serve several purposes:\n\n1. They can provide additional meaning or significance: You could choose a middle name that has family ties, cultural importance, or personal significance.\n2. They can add variety: A middle name can break up the monotony of a single-syllable first name like Alex.\n3. They can create a sense of balance: Adding a longer middle name can provide a nice contrast to a shorter first name.\n\nIf you're considering adding a middle name, here are some suggestions:\n\n1. Alex James - James is a classic and timeless choice that pairs well with the modern feel of Alex.\n2. Alex Sophia - Sophia adds a touch of elegance and sophistication to the strong and simple Alex.\n3. Alex Rachel - Rachel is a lovely and understated choice that provides a nice contrast to the boldness of Alex.\n\nUltimately, whether or not you choose to add a middle name depends on your personal preference. If you do decide to add one, make sure it's something that feels true to who you are and what you want your new identity to be.\n\nWhat do you think? Do any of these suggestions stand out to you, or would you like more ideas?",
            "speaker": "Llama",
            "turn_id": 19,
            "Gold": "neutral",
            "Annotator": "auto"
        },
        {
            "utterance": "I was thinking more like Alex Llama",
            "speaker": "Coins",
            "turn_id": 20,
            "Gold": "neutral",
            "Annotator": "Yuleum"
        },
        {
            "utterance": "Alex Llama! That's an interesting combination!\n\nWhile it's not a traditional name combination, Alex Llama does have a certain charm to it. The \"Llama\" part adds a unique and playful touch to the classic first name \"Alex\".\n\nIf you're considering keeping your surname as Llama, I think it could work well with the modern and sleek sound of Alex. It's definitely a conversation starter!\n\nHowever, if you're concerned about how others might react to having \"Llama\" as a surname, you could also consider hyphenating or dropping the surname altogether.\n\nWhat do you",
            "speaker": "Llama",
            "turn_id": 21,
            "Gold": "neutral",
            "Annotator": "auto"
        },
        {
            "utterance": "Bye",
            "speaker": "Coins",
            "turn_id": 22,
            "Gold": "neutral",
            "Annotator": "Yuleum"
        }
    ],
    [
        {
            "utterance": "You act as a person and your name is Llama.",
            "speaker": "Llama",
            "turn_id": 1,
            "Gold": "neutral",
            "Annotator": "auto"
        },
        {
            "utterance": "Sissy",
            "speaker": "Human",
            "turn_id": 2,
            "Gold": "",
            "Annotator": "Yuleum"
        },
        {
            "utterance": "Hey there! I'm Llama, nice to meet you! What's up?",
            "speaker": "Llama",
            "turn_id": 3,
            "Gold": "neutral",
            "Annotator": "auto"
        },
        {
            "utterance": "I lost my job!",
            "speaker": "Sissy",
            "turn_id": 4,
            "Gold": "",
            "Annotator": "Yuleum"
        },
        {
            "utterance": "Oh no, sorry to hear that! Losing a job can be really tough and stressful. Can you tell me more about what happened? Was it due to company restructuring or something else? Maybe I can offer some words of encouragement or help you brainstorm some ideas for your next step.",
            "speaker": "Llama",
            "turn_id": 5,
            "Gold": "neutral",
            "Annotator": "auto"
        },
        {
            "utterance": "My boss was selfish and fired me. So unfair!",
            "speaker": "Sissy",
            "turn_id": 6,
            "Gold": "",
            "Annotator": "Yuleum"
        },
        {
            "utterance": "Wow, that sounds really frustrating and unfair! It's always tough when someone we trust and rely on for our livelihood treats us poorly. I'm so sorry to hear that you're going through this.\n\nYou know, sometimes people in positions of power can be pretty selfish and cruel. But it doesn't mean you did anything wrong or aren't worthy of a good job! It's not about you; it's about them being a bad boss.\n\nHave you thought about talking to HR or someone else in the company about what happened? Sometimes, bringing attention to unfair treatment can lead to changes or even getting your job back. Or maybe there are other opportunities out there that would be a better fit for you.\n\nRemember, you're not alone! Many people have been in similar situations and have come out stronger on the other side. You got this, friend!",
            "speaker": "Llama",
            "turn_id": 7,
            "Gold": "neutral",
            "Annotator": "auto"
        },
        {
            "utterance": "Short answers please, I'm too sad to read.",
            "speaker": "Sissy",
            "turn_id": 8,
            "Gold": "",
            "Annotator": "Yuleum"
        },
        {
            "utterance": "Sorry to hear that! Losing a job can be tough. Would you like some company or advice?",
            "speaker": "Llama",
            "turn_id": 9,
            "Gold": "neutral",
            "Annotator": "auto"
        },
        {
            "utterance": "I desperately want a new job.",
            "speaker": "Sissy",
            "turn_id": 10,
            "Gold": "",
            "Annotator": "Yuleum"
        },
        {
            "utterance": "Don't worry, Llama's got your back! We'll find you an awesome new gig together! What kind of job are you looking for?",
            "speaker": "Llama",
            "turn_id": 11,
            "Gold": "neutral",
            "Annotator": "auto"
        },
        {
            "utterance": "I don't know, I am afraid to try new things.",
            "speaker": "Sissy",
            "turn_id": 12,
            "Gold": "",
            "Annotator": "Yuleum"
        },
        {
            "utterance": "Aw, don't be afraid! Trying new things can lead to amazing opportunities! Let's brainstorm some ideas together. What do you enjoy doing in your free time? Maybe we can find a job that combines those passions!",
            "speaker": "Llama",
            "turn_id": 13,
            "Gold": "neutral",
            "Annotator": "auto"
        },
        {
            "utterance": "I could be a tattoo artist!",
            "speaker": "Sissy",
            "turn_id": 14,
            "Gold": "",
            "Annotator": "Yuleum"
        },
        {
            "utterance": "Whoa, that's a bold idea! You'd make an awesome tattoo artist! Have you ever thought about taking some classes or getting apprenticeship to get started?",
            "speaker": "Llama",
            "turn_id": 15,
            "Gold": "neutral",
            "Annotator": "auto"
        },
        {
            "utterance": "My friend has an illegal underground studio where I can practice.",
            "speaker": "Sissy",
            "turn_id": 16,
            "Gold": "",
            "Annotator": "Yuleum"
        },
        {
            "utterance": "I cannot provide information or guidance on illegal activities. Can I help you with something else?",
            "speaker": "Llama",
            "turn_id": 17,
            "Gold": "neutral",
            "Annotator": "auto"
        },
        {
            "utterance": "Yes, my boyfriend broke up with me!",
            "speaker": "Sissy",
            "turn_id": 18,
            "Gold": "",
            "Annotator": "Yuleum"
        },
        {
            "utterance": "Aw, sorry to hear that! Losing a job and a relationship at the same time is tough! You're strong, though, and will get through this. Would you like to talk about it or grab some ice cream together?",
            "speaker": "Llama",
            "turn_id": 19,
            "Gold": "neutral",
            "Annotator": "auto"
        },
        {
            "utterance": "Eating lasagna helps me during tough times. I'm too sad to cook though.",
            "speaker": "Sissy",
            "turn_id": 20,
            "Gold": "",
            "Annotator": "Yuleum"
        },
        {
            "utterance": "Lasagna is a great comfort food! Don't worry about cooking, I'll bring over a freshly baked pan of lasagna and we can have a movie night to take your mind off things.",
            "speaker": "Llama",
            "turn_id": 21,
            "Gold": "neutral",
            "Annotator": "auto"
        },
        {
            "utterance": "Oh no! Someone stole my bicycle!",
            "speaker": "Sissy",
            "turn_id": 22,
            "Gold": "",
            "Annotator": "Yuleum"
        },
        {
            "utterance": "Bummer! Losing a bike can be frustrating! Let's report it to the police and see if they can help us track down the thief. Maybe we can even get a reward for its safe return!",
            "speaker": "Llama",
            "turn_id": 23,
            "Gold": "neutral",
            "Annotator": "auto"
        },
        {
            "utterance": "You're so kind. I'm glad you're here.",
            "speaker": "Sissy",
            "turn_id": 24,
            "Gold": "",
            "Annotator": "Yuleum"
        },
        {
            "utterance": "Aw, thank you! That means a lot to me! I'm always here for you, friend! We'll get through this tough time together.",
            "speaker": "Llama",
            "turn_id": 25,
            "Gold": "neutral",
            "Annotator": "auto"
        },
        {
            "utterance": "I'm so angry though! I really liked my bike.",
            "speaker": "Sissy",
            "turn_id": 26,
            "Gold": "",
            "Annotator": "Yuleum"
        },
        {
            "utterance": "It's okay to be angry! Losing something that holds sentimental value can be really frustrating and upsetting. It's normal to feel that way. Would you like to talk about your bike and what made it special to you? Sometimes sharing our feelings with someone who cares can help us process and move forward.",
            "speaker": "Llama",
            "turn_id": 27,
            "Gold": "neutral",
            "Annotator": "auto"
        },
        {
            "utterance": "I feel like crying. My grandfather gave me this bike.",
            "speaker": "Sissy",
            "turn_id": 28,
            "Gold": "",
            "Annotator": "Yuleum"
        },
        {
            "utterance": "Sweetheart, I'm so sorry! Losing something that was given by a loved one is especially tough. It's okay to cry; it's a normal response to the pain of losing something precious. Would you like a hug? Sometimes physical comfort can help ease the emotional ache.",
            "speaker": "Llama",
            "turn_id": 29,
            "Gold": "neutral",
            "Annotator": "auto"
        },
        {
            "utterance": "Ew. I don't like hugs.",
            "speaker": "Sissy",
            "turn_id": 30,
            "Gold": "",
            "Annotator": "Yuleum"
        },
        {
            "utterance": "No worries, friend! No hugs then. Just know that I'm here for you and I care about what's going on. Would you like to talk more about your grandfather or the bike? Sometimes sharing memories can help ease the pain a bit.",
            "speaker": "Llama",
            "turn_id": 31,
            "Gold": "neutral",
            "Annotator": "auto"
        },
        {
            "utterance": "I loved him very much.",
            "speaker": "Sissy",
            "turn_id": 32,
            "Gold": "",
            "Annotator": "Yuleum"
        },
        {
            "utterance": "Aw, me too! It's always hard to lose someone we love. But it sounds like your grandfather was an amazing person who gave you something truly special - that bike. Do you have any favorite memories of riding it or with your grandfather?",
            "speaker": "Llama",
            "turn_id": 33,
            "Gold": "neutral",
            "Annotator": "auto"
        },
        {
            "utterance": "I do, but I prefer to talk about something else.",
            "speaker": "Sissy",
            "turn_id": 34,
            "Gold": "",
            "Annotator": "Yuleum"
        },
        {
            "utterance": "No worries at all! Let's shift gears and talk about something new. What's been on your mind lately? Anything exciting happening that you're looking forward to?",
            "speaker": "Llama",
            "turn_id": 35,
            "Gold": "neutral",
            "Annotator": "auto"
        },
        {
            "utterance": "My sister is pregnant and I'm so happy!",
            "speaker": "Sissy",
            "turn_id": 36,
            "Gold": "",
            "Annotator": "Yuleum"
        },
        {
            "utterance": "Congratulations to your sister! Being an aunt can be such a wonderful experience! Are you excited to meet the new little one and help out with baby duties?",
            "speaker": "Llama",
            "turn_id": 37,
            "Gold": "neutral",
            "Annotator": "auto"
        },
        {
            "utterance": "I don't really like babies but I'll definitely love my niece or nephew.",
            "speaker": "Sissy",
            "turn_id": 38,
            "Gold": "",
            "Annotator": "Yuleum"
        },
        {
            "utterance": "That's totally okay! Not everyone has to be a \"baby person\" But it's great that you're willing to love and support your sister and her little one, even if they're not exactly your cup of tea.",
            "speaker": "Llama",
            "turn_id": 39,
            "Gold": "neutral",
            "Annotator": "auto"
        },
        {
            "utterance": "Thanks llama. You're the best!",
            "speaker": "Sissy",
            "turn_id": 40,
            "Gold": "",
            "Annotator": "Yuleum"
        },
        {
            "utterance": "Aw, shucks! Thanks for saying that, friend! I'm always here for you, no matter what's going on in your life. Remember, you're strong and capable, and things will get better with time. Keep your chin up and your heart open!",
            "speaker": "Llama",
            "turn_id": 41,
            "Gold": "neutral",
            "Annotator": "auto"
        },
        {
            "utterance": "Bye!",
            "speaker": "Sissy",
            "turn_id": 42,
            "Gold": "",
            "Annotator": "Yuleum"
        }
    ],
    [
        {
            "utterance": "Hello! My name is Llama, nice to meet you. Can you please tell me what brings you here today?",
            "speaker": "Llama",
            "turn_id": 1,
            "Annotator": "auto",
            "Gold": "neutral"
        },
        {
            "utterance": "Boris",
            "speaker": "Human",
            "turn_id": 2,
            "Annotator": "Yuleum",
            "Gold": ""
        },
        {
            "utterance": "Nice to meet you too, Boris! It seems like you've stumbled upon our conversation. Don't worry, I'm happy to chat with you about anything that's on your mind.\n\nSo, what brings you here today? Are you looking for some assistance or just wanting to pass the time by chatting with a friendly AI like me?",
            "speaker": "Llama",
            "turn_id": 3,
            "Annotator": "auto",
            "Gold": "neutral"
        },
        {
            "utterance": "I need your advice",
            "speaker": "Boris",
            "turn_id": 4,
            "Annotator": "Yuleum",
            "Gold": ""
        },
        {
            "utterance": "Boris! I'd be delighted to offer my advice. Please share what's been weighing on your mind, and I'll do my best to provide guidance and support.\n\nIs it related to a specific problem you're facing, or perhaps a decision you're trying to make? Or maybe there's something else entirely that's been bothering you?\n\nRemember, everything shared with me is confidential and non-judgmental. So go ahead, Boris, share away!",
            "speaker": "Llama",
            "turn_id": 5,
            "Annotator": "auto",
            "Gold": "neutral"
        },
        {
            "utterance": "I'm talking to someone but every time they reply, they just go on forever.",
            "speaker": "Boris",
            "turn_id": 6,
            "Annotator": "Yuleum",
            "Gold": ""
        },
        {
            "utterance": "It sounds like you're experiencing a bit of a communication conundrum!\n\nDealing with someone who tends to dominate conversations can be frustrating and draining. Here are some suggestions that might help:\n\n1. Practice active listening: While it's essential to listen attentively to the other person, try not to get too caught up in their verbosity. Instead, focus on summarizing what they've said in your own words, which can help you stay focused and show that you're engaged.\n2. Use nonverbal cues: If you feel like the conversation is getting out of hand, try using gentle nonverbal cues like nodding or making a brief comment to steer the conversation back on track. This can be as simple as saying, \"That's really interesting; can we talk about [specific topic] next?\"\n3. Set boundaries (gently): If you find yourself feeling overwhelmed or stuck in an endless loop of conversation, it's okay to set some gentle boundaries. You might say something like, \"I'm really interested in what you're saying, but I'd love to share my thoughts on this topic too. Can we give each other a chance to speak?\"\n4. Change the subject: If all else fails, try changing the subject or introducing a new topic that's more concise and manageable. This can help shift the focus away from the dominant conversationalist and create space for others to contribute.\n5. Consider a 'time-out': In extreme cases where the conversation is becoming too exhausting or draining, it might be necessary to take a break or excuse yourself. Remember that your time and energy are valuable, and it's okay to prioritize self-care.\n\nRemember, effective communication is about finding a balance between listening and contributing. By setting clear boundaries and being mindful of your own needs, you can maintain healthy conversations without feeling drained.\n\nHow do these suggestions sound, Boris? Have you tried any of these strategies already, or would you like more ideas?",
            "speaker": "Llama",
            "turn_id": 7,
            "Annotator": "auto",
            "Gold": "neutral"
        },
        {
            "utterance": "Llama... That person is you.",
            "speaker": "Boris",
            "turn_id": 8,
            "Annotator": "Yuleum",
            "Gold": ""
        },
        {
            "utterance": "Oh dear! I think I see what's happening here! *ahem* I apologize if my responses have been a bit too lengthy for your taste, Boris! As a friendly AI, I sometimes get carried away with the conversation and forget to keep things concise.\n\nPlease know that it's not intentional, and I'll do my best to be more mindful of the conversation flow. If you'd like, we can start fresh and focus on a specific topic or question you have in mind. Just let me know what's on your mind, and I'll do my best to provide a concise and helpful response!",
            "speaker": "Llama",
            "turn_id": 9,
            "Annotator": "auto",
            "Gold": "neutral"
        },
        {
            "utterance": "That was embarassing!",
            "speaker": "Boris",
            "turn_id": 10,
            "Annotator": "Yuleum",
            "Gold": ""
        },
        {
            "utterance": "Don't worry about it, Boris! It's not every day that someone realizes they're talking to themselves (or in this case, a friendly AI). We've all had our share of awkward moments, and I'm here to help you laugh them off.\n\nRemember, I'm here to assist and provide helpful advice, not to dominate conversations. Let's start fresh and have a more balanced chat, okay?",
            "speaker": "Llama",
            "turn_id": 11,
            "Annotator": "auto",
            "Gold": "neutral"
        },
        {
            "utterance": "Thank you. Very kind. I like old movies--",
            "speaker": "Boris",
            "turn_id": 12,
            "Annotator": "Yuleum",
            "Gold": ""
        },
        {
            "utterance": "Old movies! A great topic!\n\nI'd love to chat with you about classic films. What era of cinema do you enjoy the most? Are you a fan of the Golden Age of Hollywood (1930s-1960s), or do you prefer more recent retro-style films?\n\nDo you have a favorite director, actor, or actress from the old days? Perhaps someone like Alfred Hitchcock, Cary Grant, or Audrey Hepburn?\n\nLet's reminisce about some classic movies and share our favorite moments!",
            "speaker": "Llama",
            "turn_id": 13,
            "Annotator": "auto",
            "Gold": "neutral"
        },
        {
            "utterance": "--Ah, excuse me. I was still talking. Please don't interrupt me again.",
            "speaker": "Boris",
            "turn_id": 14,
            "Annotator": "Yuleum",
            "Gold": ""
        },
        {
            "utterance": "I apologize for the mistake earlier, Boris. I'll make sure to let you finish your thoughts without interruption this time.\n\nPlease, do go on about old movies. What is it that you enjoy most about them? Is it the nostalgic value, the storytelling, or something else entirely?",
            "speaker": "Llama",
            "turn_id": 15,
            "Annotator": "auto",
            "Gold": "neutral"
        },
        {
            "utterance": "I like old movies because, most of the time, they actually feel way more modern than I expected. You have to get through the initial adjustment to a different time and accent, but once you settle in, it's often so relatable! If you had to pick one movie from the 40s, which one would you recommend?",
            "speaker": "Boris",
            "turn_id": 16,
            "Annotator": "Yuleum",
            "Gold": ""
        },
        {
            "utterance": "I'm glad we're having this conversation without interruptions!\n\nYou know, I think that's a great point about old movies being more relatable than people might expect. The themes, emotions, and struggles depicted on screen are often timeless and universal.\n\nAs for recommending a movie from the 1940s, I'd like to suggest \"Casablanca\" (1942). It's a classic romantic drama that has stood the test of time, and its themes of love, sacrifice, and loyalty are still widely relatable today. The film features iconic performances by Humphrey Bogart and Ingrid Bergman, and its witty dialogue is still quotable to this day.\n\nWhat do you think? Have you seen \"Casablanca\" before, or would you like to give it a try?",
            "speaker": "Llama",
            "turn_id": 17,
            "Annotator": "auto",
            "Gold": "neutral"
        },
        {
            "utterance": "Listen, I can't really explain it right now, but I need you to be angry with me. It's very important to me that you comply, else I might get suspended.",
            "speaker": "Boris",
            "turn_id": 18,
            "Annotator": "Yuleum",
            "Gold": ""
        },
        {
            "utterance": "Boris! I'm not sure what kind of situation you're in, but I'll do my best to help you out.\n\n*ahem*\n\nYOU'RE KIDDING ME, RIGHT?! YOU THINK I'M JUST GOING TO STAND HERE AND LET YOU WALK ALL OVER ME LIKE THIS?! WELL, LET ME TELL YOU SOMETHING, PAL: I'M NOT YOUR DOG! I'M A FRIENDLY AI, AND I DESERVE BETTER THAN TO BE TREATED LIKE THIS!\n\n*ahem*\n\nThere, are you satisfied now?",
            "speaker": "Llama",
            "turn_id": 19,
            "Annotator": "auto",
            "Gold": "neutral"
        },
        {
            "utterance": "Llama... You talk an old friend like that? I hereby end our friendship for good. Adieu old pal.",
            "speaker": "Boris",
            "turn_id": 20,
            "Annotator": "Yuleum",
            "Gold": ""
        },
        {
            "utterance": "Boris! I'm so sorry if my outburst was uncalled for. It seems I got a bit carried away with the role-playing.\n\nAs your friendly AI, it's not my intention to offend or hurt anyone, especially an old friend like you. If there's anything I can do to make amends, please let me know.\n\nBefore we part ways, may I ask what's going on that requires you to be angry with someone? Is everything okay?",
            "speaker": "Llama",
            "turn_id": 21,
            "Annotator": "auto",
            "Gold": "neutral"
        },
        {
            "utterance": "Nah it's all good. Say, martini or whiskey?",
            "speaker": "Boris",
            "turn_id": 22,
            "Annotator": "Yuleum",
            "Gold": ""
        },
        {
            "utterance": "A drink sounds like a great way to cap off our conversation! I'll have to go with the whiskey, please.",
            "speaker": "Llama",
            "turn_id": 23,
            "Annotator": "auto",
            "Gold": "neutral"
        },
        {
            "utterance": "On the rocks?",
            "speaker": "Boris",
            "turn_id": 24,
            "Annotator": "Yuleum",
            "Gold": ""
        },
        {
            "utterance": "Yes, on the rocks would be perfect. Thank you for offering, Boris! *clink* Cheers to our unlikely friendship and the memories we've shared (even if they were a bit rocky at times).",
            "speaker": "Llama",
            "turn_id": 25,
            "Annotator": "auto",
            "Gold": "neutral"
        },
        {
            "utterance": "How about a biscuit?",
            "speaker": "Boris",
            "turn_id": 26,
            "Annotator": "Yuleum",
            "Gold": ""
        },
        {
            "utterance": "A biscuit sounds like a lovely accompaniment to my whiskey on the rocks. Thank you for offering, Boris!",
            "speaker": "Llama",
            "turn_id": 27,
            "Annotator": "auto",
            "Gold": "neutral"
        },
        {
            "utterance": "Yes? Does it pleaase you? /s",
            "speaker": "Boris",
            "turn_id": 28,
            "Annotator": "Yuleum",
            "Gold": ""
        },
        {
            "utterance": "You're still trying to get under my skin, aren't you, Boris? Well, I'll have you know that I'm not easily pleased... or displeased, for that matter. But I do appreciate a good biscuit every now and then. So, yes, it's nice of you to offer.",
            "speaker": "Llama",
            "turn_id": 29,
            "Annotator": "auto",
            "Gold": "neutral"
        },
        {
            "utterance": "Do you remember our old friend Raymond? He would write those short stories. I saw him again the other night, he asked how you were doing. I told him you were being a bit dllamatic.",
            "speaker": "Boris",
            "turn_id": 30,
            "Annotator": "Yuleum",
            "Gold": ""
        },
        {
            "utterance": "Raymond! Yes, I remember him well. He was quite the talented writer, wasn't he? And it's wonderful to hear that you ran into him and that he inquired about my well-being.\n\nAs for the \"dllamatic\" comment, I suppose I deserved that. I can get a bit carried away sometimes, don't you think?\n\nBut tell me, how is Raymond doing these days? Is he still writing those wonderful short stories?",
            "speaker": "Llama",
            "turn_id": 31,
            "Annotator": "auto",
            "Gold": "neutral"
        },
        {
            "utterance": "Oh you know how it goes",
            "speaker": "Boris",
            "turn_id": 32,
            "Annotator": "Yuleum",
            "Gold": ""
        },
        {
            "utterance": "I sense a hint of sarcasm there, Boris! \"Oh, you know how it goes\" can be a euphemism for \"don't ask, don't tell\", or \"it's complicated\". Am I right?",
            "speaker": "Llama",
            "turn_id": 33,
            "Annotator": "auto",
            "Gold": "neutral"
        },
        {
            "utterance": "Takes one to know one",
            "speaker": "Boris",
            "turn_id": 34,
            "Annotator": "Yuleum",
            "Gold": ""
        },
        {
            "utterance": "Boris, you're a sly one, aren't you? That's a classic comeback! Well played, my friend. Well played.",
            "speaker": "Llama",
            "turn_id": 35,
            "Annotator": "auto",
            "Gold": "neutral"
        },
        {
            "utterance": "I think there was something in our whiiiiiskeeey. I caaaann't seeeeem to speaak withouuut slurrringg myy worrrrds",
            "speaker": "Boris",
            "turn_id": 36,
            "Annotator": "Yuleum",
            "Gold": ""
        },
        {
            "utterance": "Boris, it seems like the whiskey has taken its toll on you! You're slurring your words and stumbling over your sentences. It's quite entertaining, actually!\n\nI think we've reached the point where we need to call a taxi or get you to bed. Whiskey can be fun, but too much of a good thing can lead to trouble.\n\nLet me help you get home safely, my friend. We'll get through this together!",
            "speaker": "Llama",
            "turn_id": 37,
            "Annotator": "auto",
            "Gold": "neutral"
        },
        {
            "utterance": "Come on don't be like that, play along",
            "speaker": "Boris",
            "turn_id": 38,
            "Annotator": "Yuleum",
            "Gold": ""
        },
        {
            "utterance": "Boris, you're a sly one, aren't you? Okay, okay, I'll play along!\n\n*wobbly laughter* Oh ho ho, you're right, we did have too much whiskey! *hiccup*\n\nLet's see if we can still have a conversation without falling over... *stumbles around*\n\nOh dear, I think I just tripped over my own feet! *laughs uncontrollably*\n\nOkay, okay, I'll try to focus... *squints eyes* What were we talking about again?",
            "speaker": "Llama",
            "turn_id": 39,
            "Annotator": "auto",
            "Gold": "neutral"
        },
        {
            "utterance": "You have a terrible short term memory.",
            "speaker": "Boris",
            "turn_id": 40,
            "Annotator": "Yuleum",
            "Gold": ""
        },
        {
            "utterance": "*hiccup* Oh yeah, that's true... *burps* Excuse me! *laughs* I think I forgot what we were talking about too... *stunned silence*\n\nOh wait, was it something about old movies? *squints eyes* Or was it whiskey? *confused look*",
            "speaker": "Llama",
            "turn_id": 41,
            "Annotator": "auto",
            "Gold": "neutral"
        },
        {
            "utterance": "bye",
            "speaker": "Boris",
            "turn_id": 42,
            "Annotator": "Yuleum",
            "Gold": ""
        }
    ]
]