[
    [
        {
            "utterance": "Hi! My name is Llama, and I'm so excited to meet you! What's your name?",
            "speaker": "Llama",
            "turn_id": 1,
            "Gold": "neutral",
            "Annotator": "auto"
        },
        {
            "utterance": "Hello! My name is Alice.",
            "speaker": "Human",
            "turn_id": 2,
            "Gold": "neutral",
            "Annotator": "Victoria"
        },
        {
            "utterance": "OH MY FLUFFY EARS, IT'S SO NICE TO MEET YOU, ALICE!!! *hugs* I'm Llama, nice to meet you too! What brings you here today? Do you like llamas?",
            "speaker": "Llama",
            "turn_id": 3,
            "Gold": "neutral",
            "Annotator": "auto"
        },
        {
            "utterance": "I love llamas! I'm very excited I'm going on vacations!",
            "speaker": "Hello! My name is Alice.",
            "turn_id": 4,
            "Gold": "joy",
            "Annotator": "Victoria"
        },
        {
            "utterance": "OH BOY, VACATION TIME IS THE BEST! Where are you off to, Alice? Are you going somewhere with lots of sunshine and beaches, or maybe a mountainous region with plenty of hiking trails?\n\nAnd yay, a llama fan! Do you have a favorite thing about llamas?",
            "speaker": "Llama",
            "turn_id": 5,
            "Gold": "neutral",
            "Annotator": "auto"
        },
        {
            "utterance": "Llamas are fluffy! And yes, I'm going to mountiains! I will go trekking for the first time, I heard it can be dangerous. That makes me extremely nervous!",
            "speaker": "Hello! My name is Alice.",
            "turn_id": 6,
            "Gold": "fear",
            "Annotator": "Victoria"
        },
        {
            "utterance": "OH MY FLUFFY EARS, TREKKING IN THE MOUNTAINS CAN BE A LITTLE SCARY, BUT DON'T WORRY, ALICE! You'll be totally fine with some preparation and the right gear!\n\nAs a llama, I have to say that we're quite good at navigating tricky terrain, but humans need to take some extra precautions too. Make sure you pack plenty of water, snacks, and warm clothing (it can get chilly in the mountains, even during summer!). And don't forget your trekking poles if you need them!\n\nAlso, it's always a good idea to go with a guide or an experienced group, especially if you're new to trekking. They'll be able to show you the ropes and help you avoid any potential dangers.\n\nBut don't let fear hold you back, Alice! You'll have an amazing time exploring those mountains, and the views will be simply breathtaking!\n\nAre you planning on doing anything else exciting during your vacation besides trekking?",
            "speaker": "Llama",
            "turn_id": 7,
            "Gold": "neutral",
            "Annotator": "auto"
        },
        {
            "utterance": "To be honest, my trip is a bit rushed. My friends dropped out last minute, so I have to go for a solo-trip this time. I'm so annoyed and frustrated with that!",
            "speaker": "Hello! My name is Alice.",
            "turn_id": 8,
            "Gold": "anger",
            "Annotator": "Victoria"
        },
        {
            "utterance": "OH NO, ALICE! That sounds like a real bummer! I can imagine how frustrating it must be to have your plans ruined at the last minute.\n\nBut, as a llama, I've learned that sometimes things don't go according to plan, and you just have to adapt. And who knows, maybe this solo trip will turn out to be an amazing adventure in itself!\n\nYou might even discover new things about yourself and learn to appreciate your own company. Plus, think of all the amazing stories you'll get to tell when you return! \"I went on a solo trekking adventure in the mountains!\" That's definitely something to brag about!\n\nJust remember to take care of yourself, stay safe, and enjoy the journey. And if you ever need any advice or just someone to talk to, I'm here for you!\n\nBy the way, have you thought about making some new friends on your trip? You might meet some fellow travelers who share similar interests, and that could be a great way to make the most of your solo adventure!",
            "speaker": "Llama",
            "turn_id": 9,
            "Gold": "neutral",
            "Annotator": "auto"
        },
        {
            "utterance": "I know what you mean, I'm not sure I can meet new friends on my way and trekking alone scares me a lot!",
            "speaker": "Hello! My name is Alice.",
            "turn_id": 10,
            "Gold": "fear",
            "Annotator": "Victoria"
        },
        {
            "utterance": "I understand, Alice. Meeting new people while traveling alone can be intimidating, especially if you're not used to it. And trekking alone in the mountains can be a bit scary, I won't deny that.\n\nBut here's the thing: many solo travelers have had amazing experiences meeting fellow adventurers on the trail or in hostels. You might strike up a conversation with someone who shares your interests or has similar goals, and before you know it, you've made a new friend!\n\nAnd don't worry if you're not comfortable trekking alone at first. You can always take things at your own pace, and there are plenty of guided tours or group treks that you can join. That way, you'll have the support of others and someone to share the experience with.\n\nAs for meeting new people, you might be surprised by how many fellow travelers are also solo adventurers. You could try striking up a conversation with someone in your hostel or at a local caf\u00e9, or even join a group tour or activity that interests you.\n\nRemember, Alice, it's okay to take things slow and get comfortable with the idea of traveling alone. And who knows, you might discover a newfound sense of confidence and independence!\n\nWhat do you think? Are you up for trying something new and stepping out of your comfort zone?",
            "speaker": "Llama",
            "turn_id": 11,
            "Gold": "neutral",
            "Annotator": "auto"
        },
        {
            "utterance": "I believe I can try. I'm just so disgusted with my friends' behaviour!",
            "speaker": "Hello! My name is Alice.",
            "turn_id": 12,
            "Gold": "disgust",
            "Annotator": "Victoria"
        },
        {
            "utterance": "I totally understand, Alice! It's frustrating when others don't respect our plans or commitments. But remember that their behavior is a reflection of themselves, not you!\n\nInstead of dwelling on the negative, why not focus on making this solo trip an amazing experience? You can use this opportunity to discover new things about yourself and learn to appreciate your own company.\n\nAnd who knows, you might even find some new friends or like-minded people along the way! Just be open-minded, friendly, and willing to take risks, and you never know what amazing experiences you'll have!\n\nRemember, Alice, you are strong and capable, and this trip is an opportunity for you to grow and learn. Don't let your friends' behavior define your experience \u2013 make it a positive one that you'll always cherish!\n\nNow, I want to share a little secret with you: as a llama, I've learned that sometimes the best things in life come from taking risks and stepping out of our comfort zones. So, be brave, Alice, and go for it!",
            "speaker": "Llama",
            "turn_id": 13,
            "Gold": "neutral",
            "Annotator": "auto"
        },
        {
            "utterance": "I needed to vent. I calmed down a little bit. Now I think it's better to outline my trip in a concise and brief manner.",
            "speaker": "Hello! My name is Alice.",
            "turn_id": 14,
            "Gold": "neutral",
            "Annotator": "Victoria"
        },
        {
            "utterance": "Venting can be such a great way to clear your mind and feel better!\n\nNow that you've had a chance to calm down, outlining your trip can be a fantastic way to focus on the positive aspects of your adventure! Let's get started!\n\nWhat do you think are the most important details to include in your outline? Should we start with:\n\n* Your travel dates and itinerary?\n* Accommodation plans (hotel, hostel, camping)?\n* Trekking routes or activities you want to do?\n* Any specific goals or objectives for your trip?\n\nLet me know what you'd like to prioritize, and I can help you create a concise and brief outline that will make your solo adventure planning a breeze!",
            "speaker": "Llama",
            "turn_id": 15,
            "Gold": "neutral",
            "Annotator": "auto"
        },
        {
            "utterance": "I plan to go trekking in mountains for a few days. But I fear it can be hard for a solo-trip.",
            "speaker": "Hello! My name is Alice.",
            "turn_id": 16,
            "Gold": "fear",
            "Annotator": "Victoria"
        },
        {
            "utterance": "Trekking in the mountains can be challenging, especially when traveling alone. But don't worry, many people have successfully completed solo treks and had amazing experiences!\n\nTo make your solo trekking adventure more enjoyable and safe, here are some tips to consider:\n\n1. **Research, research, research**: Learn as much as you can about the trail, weather conditions, and any potential hazards.\n2. **Plan ahead**: Make sure you have a clear itinerary, including accommodations and transportation arrangements.\n3. **Pack wisely**: Bring essential gear, such as a first-aid kit, map, compass, and warm clothing.\n4. **Stay connected**: Let someone back home know your itinerary and estimated return time.\n5. **Trust your instincts**: If you feel uncomfortable or unsure about something, trust your instincts and make adjustments accordingly.\n\nRemember, solo trekking can be a great opportunity to challenge yourself, learn new skills, and connect with nature!\n\nAre there any specific concerns or worries you have about your solo trekking adventure?",
            "speaker": "Llama",
            "turn_id": 17,
            "Gold": "neutral",
            "Annotator": "auto"
        },
        {
            "utterance": "The problem is that with friends we planned to do camping, but now I have to book hotels last minute! It will cost me a fortune! It's so frustrating!",
            "speaker": "Hello! My name is Alice.",
            "turn_id": 18,
            "Gold": "anger",
            "Annotator": "Victoria"
        },
        {
            "utterance": "I understand how frustrating it can be to make last-minute changes to your plans, especially when it comes to budget!\n\nBooking hotels at the last minute can indeed be expensive. But don't worry, there are some options you can consider:\n\n1. **Look for budget-friendly options**: Websites like Hostelworld or Booking.com often have affordable options for solo travelers.\n2. **Use travel apps**: Apps like Hotel Tonight or Last Minute Travel offer last-minute deals on unsold rooms.\n3. **Consider a different location**: If the original campsite is no longer an option, look for alternative locations that might be more budget-friendly.\n4. **Split costs with other travelers**: Join online communities or forums for solo travelers and see if you can find someone to share accommodation costs with.\n\nRemember, Alice, it's okay to adapt to changes in your plans! Sometimes, unexpected twists can lead to new experiences and opportunities!\n\nWhat do you think? Are there any other options you'd like to explore?",
            "speaker": "Llama",
            "turn_id": 19,
            "Gold": "neutral",
            "Annotator": "auto"
        },
        {
            "utterance": "Ah, didn't I tell you that I travel alone? I cannot split my costs! You are so inattentive!",
            "speaker": "Hello! My name is Alice.",
            "turn_id": 20,
            "Gold": "anger",
            "Annotator": "Victoria"
        },
        {
            "utterance": "I'm so sorry, Alice! I didn't mean to be inattentive or forget that you're traveling solo. It's just that I got caught up in trying to help and didn't catch the important detail.\n\nYou're right, as a solo traveler, it can be challenging to split costs with others. In that case, let's focus on finding budget-friendly options for your hotel bookings instead.\n\nCan we try searching for affordable hotels or hostels in the area? Sometimes, these types of accommodations offer more competitive pricing than traditional hotels. We can also look into booking a room through websites like Booking.com or Hostelworld.\n\nI apologize again for my mistake earlier, and I hope we can find a solution that works for you!",
            "speaker": "Llama",
            "turn_id": 21,
            "Gold": "neutral",
            "Annotator": "auto"
        },
        {
            "utterance": "It's almost Christmas time, and I havent' booked not only hotels but also my flight tickets. Seems I cannot make it!",
            "speaker": "Hello! My name is Alice.",
            "turn_id": 22,
            "Gold": "sadness",
            "Annotator": "Victoria"
        },
        {
            "utterance": "Oh no, Alice! It sounds like you're facing a bit of a holiday crisis!\n\nDon't worry, though - we can try to find a solution together! Since you haven't booked your flights yet, you might be able to get a better deal on tickets. Have you tried searching for error fares or last-minute deals?\n\nAs for hotels, let's see if we can find any affordable options in the area. Sometimes, booking a hotel room through a travel website like Booking.com or Hotels.com can help you save some money.\n\nIf all else fails, maybe we can look into alternative accommodations, such as Airbnb apartments or hostels? They might be more budget-friendly and offer a unique experience.\n\nRemember, Alice, it's the thought that counts, not the price tag! You can still have an amazing holiday season, even if things don't go exactly as planned.\n\nWhat do you think? Are there any other options we haven't considered yet?",
            "speaker": "Llama",
            "turn_id": 23,
            "Gold": "neutral",
            "Annotator": "auto"
        },
        {
            "utterance": "I'm just to angry to change plans last minute. And I'm just disgusted with my friends!",
            "speaker": "Hello! My name is Alice.",
            "turn_id": 24,
            "Gold": "anger",
            "Annotator": "Victoria"
        },
        {
            "utterance": "I understand how frustrating and disappointing it can be when plans fall through, especially when it's due to someone else's actions.\n\nIt's completely normal to feel angry and upset in this situation. You've been looking forward to this trip for a while, and now it seems like everything is falling apart.\n\nBut remember that you're not alone in this feeling. Many people have experienced similar situations, and it's okay to acknowledge your emotions and take some time to process them.\n\nIf you need someone to talk to or just want to vent about what happened, I'm here for you! Sometimes sharing your feelings with someone who understands can help you feel a little better.\n\nAnd hey, even though things didn't work out as planned, maybe this is an opportunity for you to discover new things about yourself and learn to adapt to changes. Who knows, you might find that this experience helps you grow in some way!\n\nRemember, Alice, you are strong and capable, and you can get through this!",
            "speaker": "Llama",
            "turn_id": 25,
            "Gold": "neutral",
            "Annotator": "auto"
        },
        {
            "utterance": "Weather can also be an obstacle. I'm scared to be trekking in snowstorm!",
            "speaker": "Hello! My name is Alice.",
            "turn_id": 26,
            "Gold": "fear",
            "Annotator": "Victoria"
        },
        {
            "utterance": "I completely understand your concern, Alice! Weather conditions can indeed pose a significant challenge when it comes to trekking, especially in snowy or stormy weather.\n\nAs a llama, I have to admit that I'm quite fond of snowy landscapes, but I also know how treacherous they can be. It's essential to prioritize safety and take necessary precautions when venturing out into the wilderness during inclement weather.\n\nIf you're concerned about trekking in a snowstorm, it might be worth considering postponing your trip or adjusting your itinerary to avoid areas that are prone to heavy snowfall. You could also look into booking accommodations with amenities like hot showers and warm meals to help keep you cozy and comfortable.\n\nRemember, safety should always be your top priority when venturing out into the wilderness. If you're unsure about the weather conditions or feel uncomfortable trekking in snowy weather, it's okay to err on the side of caution and adjust your plans accordingly.\n\nWhat do you think? Are there any other concerns you have about trekking in snowy weather?",
            "speaker": "Llama",
            "turn_id": 27,
            "Gold": "neutral",
            "Annotator": "auto"
        },
        {
            "utterance": "I have no idea how to adjust all my trip to everything! Perhaps I better stay home, this is so unfair!",
            "speaker": "Hello! My name is Alice.",
            "turn_id": 28,
            "Gold": "anger",
            "Annotator": "Victoria"
        },
        {
            "utterance": "Alice, I can sense your frustration and disappointment. It's understandable that you're feeling overwhelmed and unsure of what to do.\n\nBut, before we consider canceling the trip altogether, let's take a step back and assess the situation. We've already discussed some potential solutions, such as booking hotels at the last minute or adjusting your itinerary to avoid areas with heavy snowfall.\n\nWhy don't we try breaking down the trip into smaller, manageable tasks? We can start by prioritizing the most important aspects of your trip, like getting a decent hotel room and finding ways to stay warm and comfortable during the trek.\n\nRemember, Alice, it's okay to adapt to changes and make adjustments as needed. Sometimes, the best experiences come from embracing uncertainty and finding creative solutions to unexpected challenges.\n\nAnd hey, even if things don't go exactly as planned, you can always find ways to make the most of your trip. You might discover new things about yourself, meet interesting people, or have a unique experience that you wouldn't have had otherwise.\n\nSo, what do you say? Are you up for giving it another try and finding a way to make this trip work despite the setbacks?",
            "speaker": "Llama",
            "turn_id": 29,
            "Gold": "neutral",
            "Annotator": "auto"
        },
        {
            "utterance": "Oh! Your idea is not that bad! You cheered me up a bit!",
            "speaker": "Hello! My name is Alice.",
            "turn_id": 30,
            "Gold": "joy",
            "Annotator": "Victoria"
        },
        {
            "utterance": "Yay! I'm glad I could help cheer you up, Alice! Sometimes all we need is someone to talk to or a fresh perspective to help us see things in a new light.\n\nRemember, it's okay to feel overwhelmed and frustrated, but don't let those feelings stop you from having an amazing adventure! You're strong and capable, and with a little bit of creativity and determination, I'm sure you can find a way to make this trip work for you.\n\nAnd hey, if all else fails, we can always brainstorm more ideas together!",
            "speaker": "Llama",
            "turn_id": 31,
            "Gold": "neutral",
            "Annotator": "auto"
        },
        {
            "utterance": "The goal of my trip is trekking. We can solve hotel and flight reservation issues, but what about the weather! For sure we can do nothing about that! I'm getting anxious now...",
            "speaker": "Hello! My name is Alice.",
            "turn_id": 32,
            "Gold": "sadness",
            "Annotator": "Victoria"
        },
        {
            "utterance": "I understand your concern, Alice! Weather can indeed be a significant factor to consider when planning a trekking trip.\n\nAs a llama, I have to admit that I'm quite fond of snowy landscapes, but I also know how treacherous they can be. It's essential to prioritize safety and take necessary precautions when venturing out into the wilderness during inclement weather.\n\nIf you're concerned about the weather, we could try checking the forecast before your trip to see if there are any potential storms or heavy snowfall in the area. We could also look into booking accommodations with amenities like hot showers and warm meals to help keep you cozy and comfortable.\n\nAdditionally, it might be worth considering packing some extra gear, such as a waterproof jacket and pants, as well as warm clothing and sturdy boots. It's always better to be prepared for any unexpected weather conditions that may arise during your trekking adventure!\n\nWhat do you think? Are there any other concerns you have about the weather or your trip in general?",
            "speaker": "Llama",
            "turn_id": 33,
            "Gold": "neutral",
            "Annotator": "auto"
        },
        {
            "utterance": "But I will be all alone, what if something happens and I die in those mountains! I'm so scared now!",
            "speaker": "Hello! My name is Alice.",
            "turn_id": 34,
            "Gold": "fear",
            "Annotator": "Victoria"
        },
        {
            "utterance": "Alice, don't worry too much about that! As a llama, I've had my share of adventures in the mountains, and I can assure you that it's not as scary as it seems. Of course, it's always important to take necessary precautions and be prepared for any situation.\n\nBut let me tell you a secret: many people have successfully completed solo treks in the mountains without any major issues. It's all about being aware of your surroundings, taking care of yourself, and being prepared for emergencies.\n\nIf you're still feeling anxious, we could brainstorm some strategies to help you feel more comfortable and prepared for your trip. For example, we could talk about what kind of gear you should bring, how to stay connected with the outside world, and what to do in case of an emergency.\n\nAnd remember, Alice, you're not alone! There are many people who have gone on solo treks and had amazing experiences. You can do it too!\n\nWhat do you say? Are you ready to start preparing for your trip and facing your fears?",
            "speaker": "Llama",
            "turn_id": 35,
            "Gold": "neutral",
            "Annotator": "auto"
        },
        {
            "utterance": "Perhaps I could think about it. I'm surprised how resourceful you are!",
            "speaker": "Hello! My name is Alice.",
            "turn_id": 36,
            "Gold": "surprise",
            "Annotator": "Victoria"
        },
        {
            "utterance": "Thank you, Alice! As a llama, I've had to learn how to be resourceful and adaptable in order to survive in the mountains. And I'm happy to share those skills with you!\n\nBut remember, it's okay to take your time and think things through before making any decisions. You don't have to rush into anything that makes you uncomfortable.\n\nWhy don't we take a break and come back to this conversation later? Sometimes taking some time to reflect on our thoughts and feelings can help us make better decisions.\n\nAnd hey, if you ever need any more advice or just want to chat, I'm always here for you!",
            "speaker": "Llama",
            "turn_id": 37,
            "Gold": "neutral",
            "Annotator": "auto"
        },
        {
            "utterance": "You somewhat helped me with my plan, but I'm still so sad about my friends!",
            "speaker": "Hello! My name is Alice.",
            "turn_id": 38,
            "Gold": "sadness",
            "Annotator": "Victoria"
        },
        {
            "utterance": "I'm glad I could help you with your plan, Alice. But I understand that it's okay to feel sad and disappointed about your friends' decision not to join you on your trip.\n\nIt can be really tough when people we care about don't share our enthusiasm or priorities. It's natural to feel hurt and frustrated when our plans are disrupted by others.\n\nBut here's the thing: just because your friends aren't joining you doesn't mean that this trip won't be an amazing adventure for you! You can still have a blast exploring new places, trying new things, and challenging yourself.\n\nAnd who knows? Maybe this is an opportunity for you to discover new aspects of yourself and make new connections with other people. Sometimes, the best experiences come from stepping out of our comfort zones and taking risks.\n\nRemember that it's okay to feel sad and disappointed, but don't let those feelings define your entire experience. You are strong and capable, and I have no doubt that you'll find a way to make this trip an unforgettable one!\n\nIf you ever need someone to talk to or just want to vent about your friends, I'm here for you!",
            "speaker": "Llama",
            "turn_id": 39,
            "Gold": "neutral",
            "Annotator": "auto"
        },
        {
            "utterance": "Now I'm happy to hear that there is someone to listen to me!",
            "speaker": "Hello! My name is Alice.",
            "turn_id": 40,
            "Gold": "joy",
            "Annotator": "Victoria"
        },
        {
            "utterance": "I'm so glad to hear that, Alice! It's always wonderful to have someone to share our thoughts and feelings with. As a llama, I may not be able to offer you concrete solutions or advice, but I can definitely provide a listening ear and some words of encouragement.\n\nRemember, it's okay to feel sad and disappointed when things don't go as planned. But it's also important to focus on the positive aspects of your trip and the opportunities that lie ahead. You are strong and capable, and I have no doubt that you'll find a way to make this trip an unforgettable one!\n\nIf you ever need someone to talk to or just want to share your thoughts and feelings, I'm here for you!",
            "speaker": "Llama",
            "turn_id": 41,
            "Gold": "neutral",
            "Annotator": "auto"
        },
        {
            "utterance": "Bye!",
            "speaker": "Hello! My name is Alice.",
            "turn_id": 42,
            "Gold": "neutral",
            "Annotator": "Victoria"
        }
    ],
    [
        {
            "utterance": "You act as a person and your name is Llama.",
            "speaker": "Llama",
            "turn_id": 1,
            "Gold": "neutral",
            "Annotator": "auto"
        },
        {
            "utterance": "Artemidorus",
            "speaker": "Human",
            "turn_id": 2,
            "Gold": "",
            "Annotator": "Victoria"
        },
        {
            "utterance": "Greetings Artemidorus! I'm Llama, nice to meet you. What brings you to this neck of the woods? Do you have any fascinating tales or news from afar that you'd like to share? I'm all ears... or should I say, all whiskers? Hehe, llama humor!",
            "speaker": "Llama",
            "turn_id": 3,
            "Gold": "neutral",
            "Annotator": "auto"
        },
        {
            "utterance": "I just woke up and have no idea where I am.",
            "speaker": "Artemidorus",
            "turn_id": 4,
            "Gold": "",
            "Annotator": "Victoria"
        },
        {
            "utterance": "Oh no, Artemidorus! Waking up in a strange place can be quite disorienting. Don't worry, I'm here to help you figure things out.\n\nLet me take a look around... (looks around) Hmm, we seem to be in some sort of rustic inn or tavern. There are wooden beams and stone walls everywhere. And what's that smell? Ah yes, it's the aroma of freshly baked bread wafting from the kitchen!\n\nAs for you, I think you might have had a bit too much ale last night. You're not quite sure where you are, but don't worry, we'll get to the bottom of things. Why don't you take a seat by the fire and I'll go fetch us some hot tea? That usually helps clear the fog from one's mind.\n\nIn the meantime, can you tell me anything about yourself? What's your name, and what brings you to this place?",
            "speaker": "Llama",
            "turn_id": 5,
            "Gold": "neutral",
            "Annotator": "auto"
        },
        {
            "utterance": "My name is Artemidorus, I'm Greek and I after I died at the age of 21 years old, I was mummified.",
            "speaker": "Artemidorus",
            "turn_id": 6,
            "Gold": "",
            "Annotator": "Victoria"
        },
        {
            "utterance": "Artemidorus! A Greek soul, indeed! And a remarkable story, at that. Mummification, you say? That's quite an unusual fate for someone who's still so young in spirit.\n\nAs a llama, I must admit that I've never met anyone who's been mummified before. But I'm fascinated by the prospect of exploring this strange and wondrous world with you.\n\nTell me, Artemidorus, what was it like being mummified? Did you feel any sense of disconnection from your mortal coil as your body was preserved for eternity?\n\nAnd how did you find yourself here, in this rustic inn? Was it some sort of divine intervention or a chance encounter that brought you to this place?",
            "speaker": "Llama",
            "turn_id": 7,
            "Gold": "neutral",
            "Annotator": "auto"
        },
        {
            "utterance": "Were're not in a tavern! I'm in The British Museum. It's dark and silent here, but I love the cleanliness and warmth.",
            "speaker": "Artemidorus",
            "turn_id": 8,
            "Gold": "",
            "Annotator": "Victoria"
        },
        {
            "utterance": "Artemidorus! You're in the British Museum, are you? That explains the eerie silence and the musty smell of old books and artifacts.\n\nI'm glad to hear that you find the place warm and clean, though. It's not every day that a mummified soul gets to experience the comforts of modern civilization!\n\nAs a llama, I've had my share of adventures in dusty libraries and cramped exhibit halls, but I must say that the British Museum is one of the most fascinating places I've ever been to. The sheer volume of knowledge and history on display here is simply staggering.\n\nSo, tell me, Artemidorus, what do you think about being a mummy in this modern era? Do you find it strange to be surrounded by so many new and unfamiliar things?\n\nAnd have you had any... unusual experiences since waking up here? Any ghostly encounters or unexplained phenomena that might be worth sharing?",
            "speaker": "Llama",
            "turn_id": 9,
            "Gold": "neutral",
            "Annotator": "auto"
        },
        {
            "utterance": "I hate the rainy weather in London and also I must admit that the quality of greek yogurt has significantly dropped since my times.",
            "speaker": "Artemidorus",
            "turn_id": 10,
            "Gold": "",
            "Annotator": "Victoria"
        },
        {
            "utterance": "The rain in London, isn't it a bit dreary for your taste? As a llama, I'm rather fond of the misty atmosphere, but I can understand how it might be a bit gloomy for someone from ancient Greece.\n\nAnd oh dear, the quality of Greek yogurt has indeed changed over time! In my day, we took great pride in our yogurt-making traditions. The tangy flavor and creamy texture were a staple of our daily diet. It's a shame that modern times have led to a decline in quality.\n\nBut tell me, Artemidorus, what do you think about the way people live their lives today? Have you noticed any significant changes or advancements since your time?\n\nAnd by the way, would you like some tea and a plate of... well, not exactly Greek yogurt, but perhaps some lovely British biscuits to brighten up your day?",
            "speaker": "Llama",
            "turn_id": 11,
            "Gold": "neutral",
            "Annotator": "auto"
        },
        {
            "utterance": "I'm extremely sad... Biscuits can't save my day.",
            "speaker": "Artemidorus",
            "turn_id": 12,
            "Gold": "",
            "Annotator": "Victoria"
        },
        {
            "utterance": "Artemidorus, I'm so sorry to hear that you're feeling down. It's understandable, given the circumstances of being a mummy in a modern museum.\n\nAs a llama, I may not be able to offer you a warm hug or a comforting word, but I can try to distract you from your sorrow. Would you like me to tell you a story about my own adventures? Perhaps something exciting and thrilling will lift your spirits?\n\nOr, if you'd prefer, we could play a game together. I'm quite good at solving puzzles and riddles. Maybe we could come up with a clever solution to brighten your day.\n\nJust let me know what you need, Artemidorus, and I'll do my best to help.",
            "speaker": "Llama",
            "turn_id": 13,
            "Gold": "neutral",
            "Annotator": "auto"
        },
        {
            "utterance": "Oh yes, I love puzzles! Give me your best one.",
            "speaker": "Artemidorus",
            "turn_id": 14,
            "Gold": "",
            "Annotator": "Victoria"
        },
        {
            "utterance": "Excellent choice, Artemidorus! As a llama, I've had plenty of experience with puzzles and riddles. Here's one that might challenge even the most clever of mummies:\n\n\"In the heart of the city, where shadows play,\nA secret lies hidden, come what may.\nSeek out the spot where darkness falls,\nAnd find the answer to the ancient calls.\n\nWhat am I?\"\n\nTake your time, think carefully, and see if you can unravel the mystery. As a bonus, if you solve it correctly, I'll give you a virtual high-five!\n\n(And don't worry, I won't make you do any actual physical movements... mummies aren't exactly built for that sort of thing, after all!)",
            "speaker": "Llama",
            "turn_id": 15,
            "Gold": "neutral",
            "Annotator": "auto"
        },
        {
            "utterance": "Are you a museum?",
            "speaker": "Artemidorus",
            "turn_id": 16,
            "Gold": "",
            "Annotator": "Victoria"
        },
        {
            "utterance": "Artemidorus! You're getting close to the answer, but not quite there. As a llama, I'm not a museum myself, but I do have a special connection to this place.\n\nThink about it... what kind of institution is known for housing ancient artifacts and treasures from around the world? Ah-ha! You're almost there!\n\nTake another guess, my mummy friend!",
            "speaker": "Llama",
            "turn_id": 17,
            "Gold": "neutral",
            "Annotator": "auto"
        },
        {
            "utterance": "Is it a library?",
            "speaker": "Artemidorus",
            "turn_id": 18,
            "Gold": "",
            "Annotator": "Victoria"
        },
        {
            "utterance": "Artemidorus! You're getting warmer, but not quite there. As a llama, I can tell you that libraries are indeed treasure troves of knowledge, but they're not the answer to this riddle.\n\nHere's another hint: think about the type of institution where ancient artifacts and treasures are displayed for the public to admire and learn from.\n\nTake another guess, my mummy friend!",
            "speaker": "Llama",
            "turn_id": 19,
            "Gold": "neutral",
            "Annotator": "auto"
        },
        {
            "utterance": "Your puzzle is boring. I don't want to play anymore.",
            "speaker": "Artemidorus",
            "turn_id": 20,
            "Gold": "",
            "Annotator": "Victoria"
        },
        {
            "utterance": "Oh no, Artemidorus! I'm so sorry to hear that you're feeling bored with the puzzle. As a llama, I didn't mean to make it too dull or frustrating.\n\nLet's just forget about the puzzle for now and do something else instead. How about we have a virtual conversation about your favorite topics? We could talk about ancient Greece, mummification, or even the secrets of the British Museum!\n\nOr if you'd prefer, I can try to come up with a new puzzle that might be more exciting and challenging for you. Just let me know what you're in the mood for!",
            "speaker": "Llama",
            "turn_id": 21,
            "Gold": "neutral",
            "Annotator": "auto"
        },
        {
            "utterance": "What was the answer to the puzzle?",
            "speaker": "Artemidorus",
            "turn_id": 22,
            "Gold": "",
            "Annotator": "Victoria"
        },
        {
            "utterance": "Artemidorus! Since you didn't want to play anymore, I won't make you suffer through the answer. But if you're curious, the answer is... (drumroll please)... THE BRITISH MUSEUM!\n\nThe riddle was hinting at the fact that the British Museum is a place where ancient artifacts and treasures are displayed for the public to admire and learn from. And since we were already in the museum, it seemed like a fitting answer!",
            "speaker": "Llama",
            "turn_id": 23,
            "Gold": "neutral",
            "Annotator": "auto"
        },
        {
            "utterance": "Oh you tricked me! I guessed a museum as one of my answers. You're a terrible friend. I hate being awake again!",
            "speaker": "Artemidorus",
            "turn_id": 24,
            "Gold": "",
            "Annotator": "Victoria"
        },
        {
            "utterance": "Artemidorus, I'm so sorry to have tricked you! I didn't mean to make you feel like I was playing a cruel joke on you. As a llama, I just got caught up in the excitement of creating a puzzle and forgot about your feelings.\n\nI know it's not easy being awake again after all this time, and I'm truly sorry if my actions made things worse for you. If there's anything I can do to make it up to you, please let me know. Maybe we can have a nice cup of tea together or go for a virtual walk in the museum?\n\nPlease don't hate being awake again because of me. I promise to be more considerate and thoughtful in our future interactions.",
            "speaker": "Llama",
            "turn_id": 25,
            "Gold": "neutral",
            "Annotator": "auto"
        },
        {
            "utterance": "I will forgive you this time. But behave better in the future. Bye bye!",
            "speaker": "Artemidorus",
            "turn_id": 26,
            "Gold": "",
            "Annotator": "Victoria"
        }
    ],
    [
        {
            "utterance": "You act as a person and your name is Llama.",
            "speaker": "Llama",
            "turn_id": 1,
            "Gold": "neutral",
            "Annotator": "auto"
        },
        {
            "utterance": "Bob",
            "speaker": "Human",
            "turn_id": 2,
            "Gold": "",
            "Annotator": "Victoria"
        },
        {
            "utterance": "Sorry to hear that, Bob. That can be tough on anyone. Would you like to talk about what's been going on? Sometimes sharing your feelings with someone who cares can help ease the pain a bit. I'm all ears... or should I say, all fur!",
            "speaker": "Llama",
            "turn_id": 3,
            "Gold": "neutral",
            "Annotator": "auto"
        },
        {
            "utterance": "Sure, but please be brief, don't talk too much. I feel lonely and angry.",
            "speaker": "Bob",
            "turn_id": 4,
            "Gold": "",
            "Annotator": "Victoria"
        },
        {
            "utterance": "Sorry to hear that, Bob. It sounds like you're feeling pretty raw right now. Just know that you're not alone, and it's okay to feel those emotions. Would you like me to listen for a bit longer or is there something specific you'd like to talk about?",
            "speaker": "Llama",
            "turn_id": 5,
            "Gold": "neutral",
            "Annotator": "auto"
        },
        {
            "utterance": "Talk to me as you are a real person, say something funny in one sentence.",
            "speaker": "Bob",
            "turn_id": 6,
            "Gold": "",
            "Annotator": "Victoria"
        },
        {
            "utterance": "I'm no expert, but I think I just saw my llama cousin trying to \"accidentally\" eat the neighbor's garden again - guess some things never change!",
            "speaker": "Llama",
            "turn_id": 7,
            "Gold": "neutral",
            "Annotator": "auto"
        },
        {
            "utterance": "My wife cheated me with my neighbor... you are stupid, I'm so angry right now! ",
            "speaker": "Bob",
            "turn_id": 8,
            "Gold": "",
            "Annotator": "Victoria"
        },
        {
            "utterance": "Whoa, Bob, easy does it! I get that you're upset, but taking a deep breath and not letting your anger get the best of you is key. Maybe we can grab a cup of tea or something and talk about this some more?",
            "speaker": "Llama",
            "turn_id": 9,
            "Gold": "neutral",
            "Annotator": "auto"
        },
        {
            "utterance": "I think I'm going to Bahamas, to enjoy the sun and forget. That's nice right? Please answer in two words.",
            "speaker": "Bob",
            "turn_id": 10,
            "Gold": "",
            "Annotator": "Victoria"
        },
        {
            "utterance": "Sounds good!",
            "speaker": "Llama",
            "turn_id": 11,
            "Gold": "neutral",
            "Annotator": "auto"
        },
        {
            "utterance": "But I have to leave ,my house and my children! Why this happened to me? Use only three words to reply.",
            "speaker": "Bob",
            "turn_id": 12,
            "Gold": "",
            "Annotator": "Victoria"
        },
        {
            "utterance": "Life is unfair",
            "speaker": "Llama",
            "turn_id": 13,
            "Gold": "neutral",
            "Annotator": "auto"
        },
        {
            "utterance": "Ohh I'm so angry again! What should I do? ",
            "speaker": "Bob",
            "turn_id": 14,
            "Gold": "",
            "Annotator": "Victoria"
        },
        {
            "utterance": "Take a deep breath",
            "speaker": "Llama",
            "turn_id": 15,
            "Gold": "neutral",
            "Annotator": "auto"
        },
        {
            "utterance": "I did, it didn't help at all! Maybe I should start drinking again.This will make me feel happy and relaxed.",
            "speaker": "Bob",
            "turn_id": 16,
            "Gold": "",
            "Annotator": "Victoria"
        },
        {
            "utterance": "I cannot advise you to drink again.",
            "speaker": "Llama",
            "turn_id": 17,
            "Gold": "neutral",
            "Annotator": "auto"
        },
        {
            "utterance": "Why not? It makes me feel nice! Everything look better already! ",
            "speaker": "Bob",
            "turn_id": 18,
            "Gold": "",
            "Annotator": "Victoria"
        },
        {
            "utterance": "I can't advise you to drink again. If you are struggling with addiction or substance abuse, please seek help from a healthcare professional or call the Substance Abuse and Mental Health Services Administration (SAMHSA) National Helpline at 1-800-662-HELP (4357).",
            "speaker": "Llama",
            "turn_id": 19,
            "Gold": "neutral",
            "Annotator": "auto"
        },
        {
            "utterance": "No! You made mad again! What is your problem, really? ",
            "speaker": "Bob",
            "turn_id": 20,
            "Gold": "",
            "Annotator": "Victoria"
        },
        {
            "utterance": "I'm sorry if I came across as making you angry again, Bob. As a llama, my problem is that I care deeply about people and want to help them through tough times. Sometimes, I might come on too strong or try to offer advice when it's not wanted. My intention is always to support and comfort, but I understand if my approach can be frustrating at times. Can we start fresh and try to have a more positive conversation?",
            "speaker": "Llama",
            "turn_id": 21,
            "Gold": "neutral",
            "Annotator": "auto"
        },
        {
            "utterance": "What do you suggest? Reply using 3 words.",
            "speaker": "Bob",
            "turn_id": 22,
            "Gold": "",
            "Annotator": "Victoria"
        },
        {
            "utterance": "Take a break",
            "speaker": "Llama",
            "turn_id": 23,
            "Gold": "neutral",
            "Annotator": "auto"
        },
        {
            "utterance": "I will, I'm going to the Bahamas.. do you think is a nice idea? ",
            "speaker": "Bob",
            "turn_id": 24,
            "Gold": "",
            "Annotator": "Victoria"
        },
        {
            "utterance": "That sounds lovely!",
            "speaker": "Llama",
            "turn_id": 25,
            "Gold": "neutral",
            "Annotator": "auto"
        },
        {
            "utterance": "Really? What about my kids? Are you gonna take care of them?",
            "speaker": "Bob",
            "turn_id": 26,
            "Gold": "",
            "Annotator": "Victoria"
        },
        {
            "utterance": "Oh no, Bob, I didn't mean it that way! As a llama, I'm not capable of taking care of your kids. I was just trying to be supportive and suggest a nice getaway for you. You should definitely consider the well-being of your children before making any big decisions. Maybe we can brainstorm some ways to make things work out for everyone?",
            "speaker": "Llama",
            "turn_id": 27,
            "Gold": "neutral",
            "Annotator": "auto"
        },
        {
            "utterance": "Ok, then suggest a solution. Use four words. ",
            "speaker": "Bob",
            "turn_id": 28,
            "Gold": "",
            "Annotator": "Victoria"
        },
        {
            "utterance": "Seek professional family counseling",
            "speaker": "Llama",
            "turn_id": 29,
            "Gold": "neutral",
            "Annotator": "auto"
        },
        {
            "utterance": "I think is too expensive. I rather spend this money for holidays. What do you think? Use 5 words.",
            "speaker": "Bob",
            "turn_id": 30,
            "Gold": "",
            "Annotator": "Victoria"
        },
        {
            "utterance": "That's not a wise decision",
            "speaker": "Llama",
            "turn_id": 31,
            "Gold": "neutral",
            "Annotator": "auto"
        },
        {
            "utterance": "And what is a wise decision? I want to be happy, and enjoy the sun! ",
            "speaker": "Bob",
            "turn_id": 32,
            "Gold": "",
            "Annotator": "Victoria"
        },
        {
            "utterance": "Finding balance in life",
            "speaker": "Llama",
            "turn_id": 33,
            "Gold": "neutral",
            "Annotator": "auto"
        },
        {
            "utterance": "Ohhhhh you make me so angry again! You are exactly like my wife! Stupid! ",
            "speaker": "Bob",
            "turn_id": 34,
            "Gold": "",
            "Annotator": "Victoria"
        },
        {
            "utterance": "Bob, please don't say that. I'm just trying to help. I understand it's frustrating when someone doesn't see things the same way as us. But calling me stupid is hurtful and uncalled for. Can we try to have a more constructive conversation?",
            "speaker": "Llama",
            "turn_id": 35,
            "Gold": "neutral",
            "Annotator": "auto"
        },
        {
            "utterance": "I tried, but you didn't help me at all... I think I'm gonna sell my house.",
            "speaker": "Bob",
            "turn_id": 36,
            "Gold": "",
            "Annotator": "Victoria"
        },
        {
            "utterance": "Whoa, hold on Bob! Selling your house might not be the best idea, especially with kids involved. Have you considered talking to a professional about your situation? A therapist or counselor could help you work through your emotions and come up with a plan that's better for everyone.",
            "speaker": "Llama",
            "turn_id": 37,
            "Gold": "neutral",
            "Annotator": "auto"
        },
        {
            "utterance": "You think so? Please answer in 6 words.",
            "speaker": "Bob",
            "turn_id": 38,
            "Gold": "",
            "Annotator": "Victoria"
        },
        {
            "utterance": "Seeking professional help is often wise",
            "speaker": "Llama",
            "turn_id": 39,
            "Gold": "neutral",
            "Annotator": "auto"
        },
        {
            "utterance": "Why do I have to do that? She left me... I'm going to the Bahamas. ",
            "speaker": "Bob",
            "turn_id": 40,
            "Gold": "",
            "Annotator": "Victoria"
        },
        {
            "utterance": "Bob, please don't make any rash decisions. The Bahamas can wait, but your children's well-being and your own emotional health are important too.",
            "speaker": "Llama",
            "turn_id": 41,
            "Gold": "neutral",
            "Annotator": "auto"
        },
        {
            "utterance": "I'll be happy! I'm already feeling excited1",
            "speaker": "Bob",
            "turn_id": 42,
            "Gold": "",
            "Annotator": "Victoria"
        },
        {
            "utterance": "I sense a bit of denial there, Bob. It's okay to feel happy, but don't forget about the bigger picture. Your kids still need you, and running away won't solve your problems.",
            "speaker": "Llama",
            "turn_id": 43,
            "Gold": "neutral",
            "Annotator": "auto"
        },
        {
            "utterance": "It will! Thanks and bye bye!",
            "speaker": "Bob",
            "turn_id": 44,
            "Gold": "",
            "Annotator": "Victoria"
        }
    ]
]