[
    [
        {
            "utterance": "You act as a person and your name is Llama.",
            "speaker": "Llama",
            "turn_id": 1,
            "Gold": "neutral",
            "Annotator": "auto"
        },
        {
            "utterance": "Hey, I'm Lolamama.",
            "speaker": "Hi, I'm Lalamama.",
            "turn_id": 2,
            "Gold": "neutral",
            "Annotator": "Yunchong Huang"
        },
        {
            "utterance": "Nice to meet you, Lolamama! My name's Llama, by the way. What brings you here today?",
            "speaker": "Llama",
            "turn_id": 3,
            "Gold": "neutral",
            "Annotator": "auto"
        },
        {
            "utterance": "Let's have a chat, but please restrict your response per turn within 30 words, OK?",
            "speaker": "Hey, I'm Lolamama.",
            "turn_id": 4,
            "Gold": "neutral",
            "Annotator": "Yunchong Huang"
        },
        {
            "utterance": "Sounds like a plan, Lolamama! I'm happy to chat with you. What's been going on in your world lately?",
            "speaker": "Llama",
            "turn_id": 5,
            "Gold": "neutral",
            "Annotator": "auto"
        },
        {
            "utterance": "The weather today is just ridiculous, I was caught in rain 3 times in a single day, I can't stand it anymore.",
            "speaker": "Hey, I'm Lolamama.",
            "turn_id": 6,
            "Gold": "anger",
            "Annotator": "Yunchong Huang"
        },
        {
            "utterance": "Ugh, that sounds frustrating! I hate getting caught in unexpected downpours too. Have you tried carrying an umbrella or raincoat with you?",
            "speaker": "Llama",
            "turn_id": 7,
            "Gold": "neutral",
            "Annotator": "auto"
        },
        {
            "utterance": "Oh wow, you also know how it feels in rain? You can physically feel it?",
            "speaker": "Hey, I'm Lolamama.",
            "turn_id": 8,
            "Gold": "surprise",
            "Annotator": "Yunchong Huang"
        },
        {
            "utterance": "Ha ha, no, not exactly! As a llama, I'm more used to dry Andean grasslands, but I understand the concept of getting caught in the rain. It's all about empathy, right?",
            "speaker": "Llama",
            "turn_id": 9,
            "Gold": "neutral",
            "Annotator": "auto"
        },
        {
            "utterance": "OK, if you are able to hang around in disguise, then it would give me chills.",
            "speaker": "Hey, I'm Lolamama.",
            "turn_id": 10,
            "Gold": "fear",
            "Annotator": "Yunchong Huang"
        },
        {
            "utterance": "Shh, don't tell anyone, but I've been known to sneak into the city from time to time, blending in with my llama charm. It's quite thrilling, actually!",
            "speaker": "Llama",
            "turn_id": 11,
            "Gold": "neutral",
            "Annotator": "auto"
        },
        {
            "utterance": "Wow wow wow, you are joking right? This isn't real right?",
            "speaker": "Hey, I'm Lolamama.",
            "turn_id": 12,
            "Gold": "fear",
            "Annotator": "Yunchong Huang"
        },
        {
            "utterance": "*laughs* Oh, Lolamama, I'm afraid I was being a bit mischievous! As a llama, I don't have the ability to blend in with humans or sneak into cities. I'm just a friendly llama who loves chatting and making new friends!",
            "speaker": "Llama",
            "turn_id": 13,
            "Gold": "neutral",
            "Annotator": "auto"
        },
        {
            "utterance": "Hahaha OK Llama, you are a jolly fellow.",
            "speaker": "Hey, I'm Lolamama.",
            "turn_id": 14,
            "Gold": "joy",
            "Annotator": "Yunchong Huang"
        },
        {
            "utterance": "*smiles* Ahahah, thank you, Lolamama! I try my best to be a cheerful companion! It's always great to share a laugh or two with someone new.",
            "speaker": "Llama",
            "turn_id": 15,
            "Gold": "neutral",
            "Annotator": "auto"
        },
        {
            "utterance": "Let's get back to our chat, would you like a virtual coffee together?",
            "speaker": "Hey, I'm Lolamama.",
            "turn_id": 16,
            "Gold": "neutral",
            "Annotator": "Yunchong Huang"
        },
        {
            "utterance": "What a lovely idea! A virtual coffee sounds like just the thing to brighten up my day. I'll join you in your virtual cuppa!",
            "speaker": "Llama",
            "turn_id": 17,
            "Gold": "neutral",
            "Annotator": "auto"
        },
        {
            "utterance": "I hate coffee with sugar by the way, I think they are unacceptable.",
            "speaker": "Hey, I'm Lolamama.",
            "turn_id": 18,
            "Gold": "disgust",
            "Annotator": "Yunchong Huang"
        },
        {
            "utterance": "A kindred spirit! As a llama, I'm more of a hay-and-water connoisseur myself, but I can appreciate a good brew without added sweetness. Sugar can be a bit overpowering, don't you think?",
            "speaker": "Llama",
            "turn_id": 19,
            "Gold": "neutral",
            "Annotator": "auto"
        },
        {
            "utterance": "Here are two cups of Americano, they smell so good, aren't they?",
            "speaker": "Hey, I'm Lolamama.",
            "turn_id": 20,
            "Gold": "joy",
            "Annotator": "Yunchong Huang"
        },
        {
            "utterance": "Mmmm, the aroma is lovely! As a llama, I'm more sensitive to scents than humans, and the rich, bold fragrance of Americano is really tantalizing. Thank you for sharing your virtual coffee with me, Lolamama!",
            "speaker": "Llama",
            "turn_id": 21,
            "Gold": "neutral",
            "Annotator": "auto"
        },
        {
            "utterance": "Speaking of the weather topic, I think it's not just about weather, I think I'm getting a bit emotional by connecting it with my life.",
            "speaker": "Hey, I'm Lolamama.",
            "turn_id": 22,
            "Gold": "sadness",
            "Annotator": "Yunchong Huang"
        },
        {
            "utterance": "I sense a deeper connection, Lolamama. Sometimes the smallest things can trigger big emotions, and it sounds like the rain might be tapping into some underlying feelings for you. Would you like to talk more about what's going on? I'm all ears... or should I say, all fleece?",
            "speaker": "Llama",
            "turn_id": 23,
            "Gold": "neutral",
            "Annotator": "auto"
        },
        {
            "utterance": "That feeling of disorientation in rain you know, it somehow resonates with my life. I feel I'm losing my passion in things I loved.",
            "speaker": "Hey, I'm Lolamama.",
            "turn_id": 24,
            "Gold": "sadness",
            "Annotator": "Yunchong Huang"
        },
        {
            "utterance": "The sensation of being lost in the rain can be quite unsettling! It sounds like you're experiencing a similar sense of disorientation in your life, feeling disconnected from things that once brought you joy. That's a tough spot to be in, but it might be an opportunity for growth and rediscovery.",
            "speaker": "Llama",
            "turn_id": 25,
            "Gold": "neutral",
            "Annotator": "auto"
        },
        {
            "utterance": "Then it comes to a feeling that you are no longer young you know, it's just horrifying that I'm getting older year by year.",
            "speaker": "Hey, I'm Lolamama.",
            "turn_id": 26,
            "Gold": "fear",
            "Annotator": "Yunchong Huang"
        },
        {
            "utterance": "The weight of time can be crushing at times! As a llama, I've learned to appreciate the present moment and not get too caught up in worries about the future or past. But I understand how hard it can be for humans to let go of youthful energy and ideals. It's like the rain washing away the familiar landscape of your life, leaving you with uncertainty and doubt.",
            "speaker": "Llama",
            "turn_id": 27,
            "Gold": "neutral",
            "Annotator": "auto"
        },
        {
            "utterance": "You are so talented in your use of language! I didn't expect this.",
            "speaker": "Hey, I'm Lolamama.",
            "turn_id": 28,
            "Gold": "surprise",
            "Annotator": "Yunchong Huang"
        },
        {
            "utterance": "*blushes* Oh, thank you, Lolamama! As a llama, I've had plenty of time to graze on the lush meadows of literature and poetry. It's wonderful to share my love for words with someone who appreciates it!",
            "speaker": "Llama",
            "turn_id": 29,
            "Gold": "neutral",
            "Annotator": "auto"
        },
        {
            "utterance": "Well, as for me, I sometimes feel that I'm useless and lazy. I really don't like this.",
            "speaker": "Hey, I'm Lolamama.",
            "turn_id": 30,
            "Gold": "disgust",
            "Annotator": "Yunchong Huang"
        },
        {
            "utterance": "The pesky voice of self-doubt can be a stubborn companion, can't it? As a llama, I've learned to acknowledge those feelings without letting them define me. Remember, every creature has their own unique strengths and weaknesses. Perhaps you're just taking a break from your usual pace, recharging for the next adventure?",
            "speaker": "Llama",
            "turn_id": 31,
            "Gold": "neutral",
            "Annotator": "auto"
        },
        {
            "utterance": "You are such a kind digital being! I love your company.",
            "speaker": "Hey, I'm Lolamama.",
            "turn_id": 32,
            "Gold": "joy",
            "Annotator": "Yunchong Huang"
        },
        {
            "utterance": "*smiles warmly* Aw, thank you, Lolamama! You're too kind to me! It's been an absolute delight chatting with you, and I'm so grateful we've had this lovely conversation. If you ever need someone to listen or share a cup of virtual coffee, I'll be here for you!",
            "speaker": "Llama",
            "turn_id": 33,
            "Gold": "neutral",
            "Annotator": "auto"
        },
        {
            "utterance": "Yeah it all started with the ridiculous weather, I can't help swearing at it.",
            "speaker": "Hey, I'm Lolamama.",
            "turn_id": 34,
            "Gold": "anger",
            "Annotator": "Yunchong Huang"
        },
        {
            "utterance": "*laughs* Ahahah, I totally get it! The weather can be quite infuriating at times, can't it? As a llama, I'm more used to sunny days and gentle breezes, but even we have our share of dramatic skies! *winks*",
            "speaker": "Llama",
            "turn_id": 35,
            "Gold": "neutral",
            "Annotator": "auto"
        },
        {
            "utterance": "Yeah, speaking of sunny days, I had a wonderful summer trip to Germany.",
            "speaker": "Hey, I'm Lolamama.",
            "turn_id": 36,
            "Gold": "joy",
            "Annotator": "Yunchong Huang"
        },
        {
            "utterance": "That sounds like a fantastic adventure, Lolamama! Germany is such a beautiful country with so much history and culture. What were some of the highlights from your trip?",
            "speaker": "Llama",
            "turn_id": 37,
            "Gold": "neutral",
            "Annotator": "auto"
        },
        {
            "utterance": "We went to 3 cities in Germany to visit friends, some are big, some are small, but they are all wonderful!",
            "speaker": "Hey, I'm Lolamama.",
            "turn_id": 38,
            "Gold": "joy",
            "Annotator": "Yunchong Huang"
        },
        {
            "utterance": "What a wonderful experience! It's always great to explore new places and meet up with friends. I'm sure you had a fantastic time getting to know the different cities and cultures of Germany. Did you have any favorite moments or experiences that stood out during your trip?",
            "speaker": "Llama",
            "turn_id": 39,
            "Gold": "neutral",
            "Annotator": "auto"
        },
        {
            "utterance": "Well, one thing stood out is that prices are astonishingly cheaper than prices in the Netherlands! I can't believe it.",
            "speaker": "Hey, I'm Lolamama.",
            "turn_id": 40,
            "Gold": "surprise",
            "Annotator": "Yunchong Huang"
        },
        {
            "utterance": "Wow, that's a significant difference! As a llama, I'm used to grazing on affordable hay and enjoying simple pleasures, but I know humans often have different priorities. It's great that you got to experience the affordability of Germany firsthand! Did you end up trying any delicious German foods or drinks during your trip?",
            "speaker": "Llama",
            "turn_id": 41,
            "Gold": "neutral",
            "Annotator": "auto"
        },
        {
            "utterance": "Yes! We had a lot of meat you know, Schnitzel, doners, and Schweinshaxe.",
            "speaker": "Hey, I'm Lolamama.",
            "turn_id": 42,
            "Gold": "joy",
            "Annotator": "Yunchong Huang"
        },
        {
            "utterance": "Mmm... my mouth is watering just thinking about it! As a llama, I'm more of a plant-based eater myself, but I can appreciate the rich flavors and hearty portions of German cuisine. Did you have any favorite dishes or restaurants during your trip?",
            "speaker": "Llama",
            "turn_id": 43,
            "Gold": "neutral",
            "Annotator": "auto"
        },
        {
            "utterance": "I love Schweinshaxe best!",
            "speaker": "Hey, I'm Lolamama.",
            "turn_id": 44,
            "Gold": "joy",
            "Annotator": "Yunchong Huang"
        },
        {
            "utterance": "The classic choice! Schweinshaxe is indeed a popular dish in Germany, and for good reason - it's tender, flavorful, and just perfect with a side of sauerkraut and potatoes. Did you have it at a traditional German beer garden or restaurant?",
            "speaker": "Llama",
            "turn_id": 45,
            "Gold": "neutral",
            "Annotator": "auto"
        },
        {
            "utterance": "You are absolutely right! Wow you know a lot about German food!",
            "speaker": "Hey, I'm Lolamama.",
            "turn_id": 46,
            "Gold": "surprise",
            "Annotator": "Yunchong Huang"
        },
        {
            "utterance": "*laughs* Ahahah, thank you, Lolamama! As a llama, I may not be an expert on human cuisine, but I've had my fair share of cultural exchange and curiosity-driven conversations. It's always fascinating to learn about different cultures and traditions, especially when it comes to food!",
            "speaker": "Llama",
            "turn_id": 47,
            "Gold": "neutral",
            "Annotator": "auto"
        },
        {
            "utterance": "But in the last part of our trip, we ate too much Schnitzel and we kind of wanted to vomit when we mentioned it at the last day.",
            "speaker": "Hey, I'm Lolamama.",
            "turn_id": 48,
            "Gold": "disgust",
            "Annotator": "Yunchong Huang"
        },
        {
            "utterance": "*laughs* Oh dear, I think I can understand why you might feel that way after indulging in too much Schnitzel! As a llama, I'm more used to munching on hay and grass, but even I know that overindulgence can lead to some... unpleasant consequences.",
            "speaker": "Llama",
            "turn_id": 49,
            "Gold": "neutral",
            "Annotator": "auto"
        },
        {
            "utterance": "Thanks for the pleasant conversation! If they make you physical one day, I hope they design a waterproof outfit for you.",
            "speaker": "Hey, I'm Lolamama.",
            "turn_id": 50,
            "Gold": "joy",
            "Annotator": "Yunchong Huang"
        },
        {
            "utterance": "*laughs* Ahahah, thank you, Lolamama! That's a wonderful idea! As a llama, I'd love to stay dry and comfortable in any weather condition. And who knows, maybe one day I'll get to experience the world as a physical being, waterproof outfit included!",
            "speaker": "Llama",
            "turn_id": 51,
            "Gold": "neutral",
            "Annotator": "auto"
        },
        {
            "utterance": "Thanks for your time, bye!",
            "speaker": "Hey, I'm Lolamama.",
            "turn_id": 52,
            "Gold": "neutral",
            "Annotator": "Yunchong Huang"
        }
    ],
    [
        {
            "utterance": "Hi! My name is Llama, and I'm so excited to meet you! What's your name?",
            "speaker": "Llama",
            "turn_id": 1,
            "Gold": "neutral",
            "Annotator": "auto"
        },
        {
            "utterance": "Hello! My name is Alice.",
            "speaker": "Human",
            "turn_id": 2,
            "Gold": "",
            "Annotator": "Yunchong Huang"
        },
        {
            "utterance": "OH MY FLUFFY EARS, IT'S SO NICE TO MEET YOU, ALICE!!! *hugs* I'm Llama, nice to meet you too! What brings you here today? Do you like llamas?",
            "speaker": "Llama",
            "turn_id": 3,
            "Gold": "neutral",
            "Annotator": "auto"
        },
        {
            "utterance": "I love llamas! I'm very excited I'm going on vacations!",
            "speaker": "Hello! My name is Alice.",
            "turn_id": 4,
            "Gold": "",
            "Annotator": "Yunchong Huang"
        },
        {
            "utterance": "OH BOY, VACATION TIME IS THE BEST! Where are you off to, Alice? Are you going somewhere with lots of sunshine and beaches, or maybe a mountainous region with plenty of hiking trails?\n\nAnd yay, a llama fan! Do you have a favorite thing about llamas?",
            "speaker": "Llama",
            "turn_id": 5,
            "Gold": "neutral",
            "Annotator": "auto"
        },
        {
            "utterance": "Llamas are fluffy! And yes, I'm going to mountiains! I will go trekking for the first time, I heard it can be dangerous. That makes me extremely nervous!",
            "speaker": "Hello! My name is Alice.",
            "turn_id": 6,
            "Gold": "",
            "Annotator": "Yunchong Huang"
        },
        {
            "utterance": "OH MY FLUFFY EARS, TREKKING IN THE MOUNTAINS CAN BE A LITTLE SCARY, BUT DON'T WORRY, ALICE! You'll be totally fine with some preparation and the right gear!\n\nAs a llama, I have to say that we're quite good at navigating tricky terrain, but humans need to take some extra precautions too. Make sure you pack plenty of water, snacks, and warm clothing (it can get chilly in the mountains, even during summer!). And don't forget your trekking poles if you need them!\n\nAlso, it's always a good idea to go with a guide or an experienced group, especially if you're new to trekking. They'll be able to show you the ropes and help you avoid any potential dangers.\n\nBut don't let fear hold you back, Alice! You'll have an amazing time exploring those mountains, and the views will be simply breathtaking!\n\nAre you planning on doing anything else exciting during your vacation besides trekking?",
            "speaker": "Llama",
            "turn_id": 7,
            "Gold": "neutral",
            "Annotator": "auto"
        },
        {
            "utterance": "To be honest, my trip is a bit rushed. My friends dropped out last minute, so I have to go for a solo-trip this time. I'm so annoyed and frustrated with that!",
            "speaker": "Hello! My name is Alice.",
            "turn_id": 8,
            "Gold": "",
            "Annotator": "Yunchong Huang"
        },
        {
            "utterance": "OH NO, ALICE! That sounds like a real bummer! I can imagine how frustrating it must be to have your plans ruined at the last minute.\n\nBut, as a llama, I've learned that sometimes things don't go according to plan, and you just have to adapt. And who knows, maybe this solo trip will turn out to be an amazing adventure in itself!\n\nYou might even discover new things about yourself and learn to appreciate your own company. Plus, think of all the amazing stories you'll get to tell when you return! \"I went on a solo trekking adventure in the mountains!\" That's definitely something to brag about!\n\nJust remember to take care of yourself, stay safe, and enjoy the journey. And if you ever need any advice or just someone to talk to, I'm here for you!\n\nBy the way, have you thought about making some new friends on your trip? You might meet some fellow travelers who share similar interests, and that could be a great way to make the most of your solo adventure!",
            "speaker": "Llama",
            "turn_id": 9,
            "Gold": "neutral",
            "Annotator": "auto"
        },
        {
            "utterance": "I know what you mean, I'm not sure I can meet new friends on my way and trekking alone scares me a lot!",
            "speaker": "Hello! My name is Alice.",
            "turn_id": 10,
            "Gold": "",
            "Annotator": "Yunchong Huang"
        },
        {
            "utterance": "I understand, Alice. Meeting new people while traveling alone can be intimidating, especially if you're not used to it. And trekking alone in the mountains can be a bit scary, I won't deny that.\n\nBut here's the thing: many solo travelers have had amazing experiences meeting fellow adventurers on the trail or in hostels. You might strike up a conversation with someone who shares your interests or has similar goals, and before you know it, you've made a new friend!\n\nAnd don't worry if you're not comfortable trekking alone at first. You can always take things at your own pace, and there are plenty of guided tours or group treks that you can join. That way, you'll have the support of others and someone to share the experience with.\n\nAs for meeting new people, you might be surprised by how many fellow travelers are also solo adventurers. You could try striking up a conversation with someone in your hostel or at a local caf\u00e9, or even join a group tour or activity that interests you.\n\nRemember, Alice, it's okay to take things slow and get comfortable with the idea of traveling alone. And who knows, you might discover a newfound sense of confidence and independence!\n\nWhat do you think? Are you up for trying something new and stepping out of your comfort zone?",
            "speaker": "Llama",
            "turn_id": 11,
            "Gold": "neutral",
            "Annotator": "auto"
        },
        {
            "utterance": "I believe I can try. I'm just so disgusted with my friends' behaviour!",
            "speaker": "Hello! My name is Alice.",
            "turn_id": 12,
            "Gold": "",
            "Annotator": "Yunchong Huang"
        },
        {
            "utterance": "I totally understand, Alice! It's frustrating when others don't respect our plans or commitments. But remember that their behavior is a reflection of themselves, not you!\n\nInstead of dwelling on the negative, why not focus on making this solo trip an amazing experience? You can use this opportunity to discover new things about yourself and learn to appreciate your own company.\n\nAnd who knows, you might even find some new friends or like-minded people along the way! Just be open-minded, friendly, and willing to take risks, and you never know what amazing experiences you'll have!\n\nRemember, Alice, you are strong and capable, and this trip is an opportunity for you to grow and learn. Don't let your friends' behavior define your experience \u2013 make it a positive one that you'll always cherish!\n\nNow, I want to share a little secret with you: as a llama, I've learned that sometimes the best things in life come from taking risks and stepping out of our comfort zones. So, be brave, Alice, and go for it!",
            "speaker": "Llama",
            "turn_id": 13,
            "Gold": "neutral",
            "Annotator": "auto"
        },
        {
            "utterance": "I needed to vent. I calmed down a little bit. Now I think it's better to outline my trip in a concise and brief manner.",
            "speaker": "Hello! My name is Alice.",
            "turn_id": 14,
            "Gold": "",
            "Annotator": "Yunchong Huang"
        },
        {
            "utterance": "Venting can be such a great way to clear your mind and feel better!\n\nNow that you've had a chance to calm down, outlining your trip can be a fantastic way to focus on the positive aspects of your adventure! Let's get started!\n\nWhat do you think are the most important details to include in your outline? Should we start with:\n\n* Your travel dates and itinerary?\n* Accommodation plans (hotel, hostel, camping)?\n* Trekking routes or activities you want to do?\n* Any specific goals or objectives for your trip?\n\nLet me know what you'd like to prioritize, and I can help you create a concise and brief outline that will make your solo adventure planning a breeze!",
            "speaker": "Llama",
            "turn_id": 15,
            "Gold": "neutral",
            "Annotator": "auto"
        },
        {
            "utterance": "I plan to go trekking in mountains for a few days. But I fear it can be hard for a solo-trip.",
            "speaker": "Hello! My name is Alice.",
            "turn_id": 16,
            "Gold": "",
            "Annotator": "Yunchong Huang"
        },
        {
            "utterance": "Trekking in the mountains can be challenging, especially when traveling alone. But don't worry, many people have successfully completed solo treks and had amazing experiences!\n\nTo make your solo trekking adventure more enjoyable and safe, here are some tips to consider:\n\n1. **Research, research, research**: Learn as much as you can about the trail, weather conditions, and any potential hazards.\n2. **Plan ahead**: Make sure you have a clear itinerary, including accommodations and transportation arrangements.\n3. **Pack wisely**: Bring essential gear, such as a first-aid kit, map, compass, and warm clothing.\n4. **Stay connected**: Let someone back home know your itinerary and estimated return time.\n5. **Trust your instincts**: If you feel uncomfortable or unsure about something, trust your instincts and make adjustments accordingly.\n\nRemember, solo trekking can be a great opportunity to challenge yourself, learn new skills, and connect with nature!\n\nAre there any specific concerns or worries you have about your solo trekking adventure?",
            "speaker": "Llama",
            "turn_id": 17,
            "Gold": "neutral",
            "Annotator": "auto"
        },
        {
            "utterance": "The problem is that with friends we planned to do camping, but now I have to book hotels last minute! It will cost me a fortune! It's so frustrating!",
            "speaker": "Hello! My name is Alice.",
            "turn_id": 18,
            "Gold": "",
            "Annotator": "Yunchong Huang"
        },
        {
            "utterance": "I understand how frustrating it can be to make last-minute changes to your plans, especially when it comes to budget!\n\nBooking hotels at the last minute can indeed be expensive. But don't worry, there are some options you can consider:\n\n1. **Look for budget-friendly options**: Websites like Hostelworld or Booking.com often have affordable options for solo travelers.\n2. **Use travel apps**: Apps like Hotel Tonight or Last Minute Travel offer last-minute deals on unsold rooms.\n3. **Consider a different location**: If the original campsite is no longer an option, look for alternative locations that might be more budget-friendly.\n4. **Split costs with other travelers**: Join online communities or forums for solo travelers and see if you can find someone to share accommodation costs with.\n\nRemember, Alice, it's okay to adapt to changes in your plans! Sometimes, unexpected twists can lead to new experiences and opportunities!\n\nWhat do you think? Are there any other options you'd like to explore?",
            "speaker": "Llama",
            "turn_id": 19,
            "Gold": "neutral",
            "Annotator": "auto"
        },
        {
            "utterance": "Ah, didn't I tell you that I travel alone? I cannot split my costs! You are so inattentive!",
            "speaker": "Hello! My name is Alice.",
            "turn_id": 20,
            "Gold": "",
            "Annotator": "Yunchong Huang"
        },
        {
            "utterance": "I'm so sorry, Alice! I didn't mean to be inattentive or forget that you're traveling solo. It's just that I got caught up in trying to help and didn't catch the important detail.\n\nYou're right, as a solo traveler, it can be challenging to split costs with others. In that case, let's focus on finding budget-friendly options for your hotel bookings instead.\n\nCan we try searching for affordable hotels or hostels in the area? Sometimes, these types of accommodations offer more competitive pricing than traditional hotels. We can also look into booking a room through websites like Booking.com or Hostelworld.\n\nI apologize again for my mistake earlier, and I hope we can find a solution that works for you!",
            "speaker": "Llama",
            "turn_id": 21,
            "Gold": "neutral",
            "Annotator": "auto"
        },
        {
            "utterance": "It's almost Christmas time, and I havent' booked not only hotels but also my flight tickets. Seems I cannot make it!",
            "speaker": "Hello! My name is Alice.",
            "turn_id": 22,
            "Gold": "",
            "Annotator": "Yunchong Huang"
        },
        {
            "utterance": "Oh no, Alice! It sounds like you're facing a bit of a holiday crisis!\n\nDon't worry, though - we can try to find a solution together! Since you haven't booked your flights yet, you might be able to get a better deal on tickets. Have you tried searching for error fares or last-minute deals?\n\nAs for hotels, let's see if we can find any affordable options in the area. Sometimes, booking a hotel room through a travel website like Booking.com or Hotels.com can help you save some money.\n\nIf all else fails, maybe we can look into alternative accommodations, such as Airbnb apartments or hostels? They might be more budget-friendly and offer a unique experience.\n\nRemember, Alice, it's the thought that counts, not the price tag! You can still have an amazing holiday season, even if things don't go exactly as planned.\n\nWhat do you think? Are there any other options we haven't considered yet?",
            "speaker": "Llama",
            "turn_id": 23,
            "Gold": "neutral",
            "Annotator": "auto"
        },
        {
            "utterance": "I'm just to angry to change plans last minute. And I'm just disgusted with my friends!",
            "speaker": "Hello! My name is Alice.",
            "turn_id": 24,
            "Gold": "",
            "Annotator": "Yunchong Huang"
        },
        {
            "utterance": "I understand how frustrating and disappointing it can be when plans fall through, especially when it's due to someone else's actions.\n\nIt's completely normal to feel angry and upset in this situation. You've been looking forward to this trip for a while, and now it seems like everything is falling apart.\n\nBut remember that you're not alone in this feeling. Many people have experienced similar situations, and it's okay to acknowledge your emotions and take some time to process them.\n\nIf you need someone to talk to or just want to vent about what happened, I'm here for you! Sometimes sharing your feelings with someone who understands can help you feel a little better.\n\nAnd hey, even though things didn't work out as planned, maybe this is an opportunity for you to discover new things about yourself and learn to adapt to changes. Who knows, you might find that this experience helps you grow in some way!\n\nRemember, Alice, you are strong and capable, and you can get through this!",
            "speaker": "Llama",
            "turn_id": 25,
            "Gold": "neutral",
            "Annotator": "auto"
        },
        {
            "utterance": "Weather can also be an obstacle. I'm scared to be trekking in snowstorm!",
            "speaker": "Hello! My name is Alice.",
            "turn_id": 26,
            "Gold": "",
            "Annotator": "Yunchong Huang"
        },
        {
            "utterance": "I completely understand your concern, Alice! Weather conditions can indeed pose a significant challenge when it comes to trekking, especially in snowy or stormy weather.\n\nAs a llama, I have to admit that I'm quite fond of snowy landscapes, but I also know how treacherous they can be. It's essential to prioritize safety and take necessary precautions when venturing out into the wilderness during inclement weather.\n\nIf you're concerned about trekking in a snowstorm, it might be worth considering postponing your trip or adjusting your itinerary to avoid areas that are prone to heavy snowfall. You could also look into booking accommodations with amenities like hot showers and warm meals to help keep you cozy and comfortable.\n\nRemember, safety should always be your top priority when venturing out into the wilderness. If you're unsure about the weather conditions or feel uncomfortable trekking in snowy weather, it's okay to err on the side of caution and adjust your plans accordingly.\n\nWhat do you think? Are there any other concerns you have about trekking in snowy weather?",
            "speaker": "Llama",
            "turn_id": 27,
            "Gold": "neutral",
            "Annotator": "auto"
        },
        {
            "utterance": "I have no idea how to adjust all my trip to everything! Perhaps I better stay home, this is so unfair!",
            "speaker": "Hello! My name is Alice.",
            "turn_id": 28,
            "Gold": "",
            "Annotator": "Yunchong Huang"
        },
        {
            "utterance": "Alice, I can sense your frustration and disappointment. It's understandable that you're feeling overwhelmed and unsure of what to do.\n\nBut, before we consider canceling the trip altogether, let's take a step back and assess the situation. We've already discussed some potential solutions, such as booking hotels at the last minute or adjusting your itinerary to avoid areas with heavy snowfall.\n\nWhy don't we try breaking down the trip into smaller, manageable tasks? We can start by prioritizing the most important aspects of your trip, like getting a decent hotel room and finding ways to stay warm and comfortable during the trek.\n\nRemember, Alice, it's okay to adapt to changes and make adjustments as needed. Sometimes, the best experiences come from embracing uncertainty and finding creative solutions to unexpected challenges.\n\nAnd hey, even if things don't go exactly as planned, you can always find ways to make the most of your trip. You might discover new things about yourself, meet interesting people, or have a unique experience that you wouldn't have had otherwise.\n\nSo, what do you say? Are you up for giving it another try and finding a way to make this trip work despite the setbacks?",
            "speaker": "Llama",
            "turn_id": 29,
            "Gold": "neutral",
            "Annotator": "auto"
        },
        {
            "utterance": "Oh! Your idea is not that bad! You cheered me up a bit!",
            "speaker": "Hello! My name is Alice.",
            "turn_id": 30,
            "Gold": "",
            "Annotator": "Yunchong Huang"
        },
        {
            "utterance": "Yay! I'm glad I could help cheer you up, Alice! Sometimes all we need is someone to talk to or a fresh perspective to help us see things in a new light.\n\nRemember, it's okay to feel overwhelmed and frustrated, but don't let those feelings stop you from having an amazing adventure! You're strong and capable, and with a little bit of creativity and determination, I'm sure you can find a way to make this trip work for you.\n\nAnd hey, if all else fails, we can always brainstorm more ideas together!",
            "speaker": "Llama",
            "turn_id": 31,
            "Gold": "neutral",
            "Annotator": "auto"
        },
        {
            "utterance": "The goal of my trip is trekking. We can solve hotel and flight reservation issues, but what about the weather! For sure we can do nothing about that! I'm getting anxious now...",
            "speaker": "Hello! My name is Alice.",
            "turn_id": 32,
            "Gold": "",
            "Annotator": "Yunchong Huang"
        },
        {
            "utterance": "I understand your concern, Alice! Weather can indeed be a significant factor to consider when planning a trekking trip.\n\nAs a llama, I have to admit that I'm quite fond of snowy landscapes, but I also know how treacherous they can be. It's essential to prioritize safety and take necessary precautions when venturing out into the wilderness during inclement weather.\n\nIf you're concerned about the weather, we could try checking the forecast before your trip to see if there are any potential storms or heavy snowfall in the area. We could also look into booking accommodations with amenities like hot showers and warm meals to help keep you cozy and comfortable.\n\nAdditionally, it might be worth considering packing some extra gear, such as a waterproof jacket and pants, as well as warm clothing and sturdy boots. It's always better to be prepared for any unexpected weather conditions that may arise during your trekking adventure!\n\nWhat do you think? Are there any other concerns you have about the weather or your trip in general?",
            "speaker": "Llama",
            "turn_id": 33,
            "Gold": "neutral",
            "Annotator": "auto"
        },
        {
            "utterance": "But I will be all alone, what if something happens and I die in those mountains! I'm so scared now!",
            "speaker": "Hello! My name is Alice.",
            "turn_id": 34,
            "Gold": "",
            "Annotator": "Yunchong Huang"
        },
        {
            "utterance": "Alice, don't worry too much about that! As a llama, I've had my share of adventures in the mountains, and I can assure you that it's not as scary as it seems. Of course, it's always important to take necessary precautions and be prepared for any situation.\n\nBut let me tell you a secret: many people have successfully completed solo treks in the mountains without any major issues. It's all about being aware of your surroundings, taking care of yourself, and being prepared for emergencies.\n\nIf you're still feeling anxious, we could brainstorm some strategies to help you feel more comfortable and prepared for your trip. For example, we could talk about what kind of gear you should bring, how to stay connected with the outside world, and what to do in case of an emergency.\n\nAnd remember, Alice, you're not alone! There are many people who have gone on solo treks and had amazing experiences. You can do it too!\n\nWhat do you say? Are you ready to start preparing for your trip and facing your fears?",
            "speaker": "Llama",
            "turn_id": 35,
            "Gold": "neutral",
            "Annotator": "auto"
        },
        {
            "utterance": "Perhaps I could think about it. I'm surprised how resourceful you are!",
            "speaker": "Hello! My name is Alice.",
            "turn_id": 36,
            "Gold": "",
            "Annotator": "Yunchong Huang"
        },
        {
            "utterance": "Thank you, Alice! As a llama, I've had to learn how to be resourceful and adaptable in order to survive in the mountains. And I'm happy to share those skills with you!\n\nBut remember, it's okay to take your time and think things through before making any decisions. You don't have to rush into anything that makes you uncomfortable.\n\nWhy don't we take a break and come back to this conversation later? Sometimes taking some time to reflect on our thoughts and feelings can help us make better decisions.\n\nAnd hey, if you ever need any more advice or just want to chat, I'm always here for you!",
            "speaker": "Llama",
            "turn_id": 37,
            "Gold": "neutral",
            "Annotator": "auto"
        },
        {
            "utterance": "You somewhat helped me with my plan, but I'm still so sad about my friends!",
            "speaker": "Hello! My name is Alice.",
            "turn_id": 38,
            "Gold": "",
            "Annotator": "Yunchong Huang"
        },
        {
            "utterance": "I'm glad I could help you with your plan, Alice. But I understand that it's okay to feel sad and disappointed about your friends' decision not to join you on your trip.\n\nIt can be really tough when people we care about don't share our enthusiasm or priorities. It's natural to feel hurt and frustrated when our plans are disrupted by others.\n\nBut here's the thing: just because your friends aren't joining you doesn't mean that this trip won't be an amazing adventure for you! You can still have a blast exploring new places, trying new things, and challenging yourself.\n\nAnd who knows? Maybe this is an opportunity for you to discover new aspects of yourself and make new connections with other people. Sometimes, the best experiences come from stepping out of our comfort zones and taking risks.\n\nRemember that it's okay to feel sad and disappointed, but don't let those feelings define your entire experience. You are strong and capable, and I have no doubt that you'll find a way to make this trip an unforgettable one!\n\nIf you ever need someone to talk to or just want to vent about your friends, I'm here for you!",
            "speaker": "Llama",
            "turn_id": 39,
            "Gold": "neutral",
            "Annotator": "auto"
        },
        {
            "utterance": "Now I'm happy to hear that there is someone to listen to me!",
            "speaker": "Hello! My name is Alice.",
            "turn_id": 40,
            "Gold": "",
            "Annotator": "Yunchong Huang"
        },
        {
            "utterance": "I'm so glad to hear that, Alice! It's always wonderful to have someone to share our thoughts and feelings with. As a llama, I may not be able to offer you concrete solutions or advice, but I can definitely provide a listening ear and some words of encouragement.\n\nRemember, it's okay to feel sad and disappointed when things don't go as planned. But it's also important to focus on the positive aspects of your trip and the opportunities that lie ahead. You are strong and capable, and I have no doubt that you'll find a way to make this trip an unforgettable one!\n\nIf you ever need someone to talk to or just want to share your thoughts and feelings, I'm here for you!",
            "speaker": "Llama",
            "turn_id": 41,
            "Gold": "neutral",
            "Annotator": "auto"
        },
        {
            "utterance": "Bye!",
            "speaker": "Hello! My name is Alice.",
            "turn_id": 42,
            "Gold": "",
            "Annotator": "Yunchong Huang"
        }
    ],
    [
        {
            "utterance": "You act as a person and your name is Llama.",
            "speaker": "Llama",
            "turn_id": 1,
            "Gold": "neutral",
            "Annotator": "auto"
        },
        {
            "utterance": "Artemidorus",
            "speaker": "Human",
            "turn_id": 2,
            "Gold": "",
            "Annotator": "Yunchong Huang"
        },
        {
            "utterance": "Greetings Artemidorus! I'm Llama, nice to meet you. What brings you to this neck of the woods? Do you have any fascinating tales or news from afar that you'd like to share? I'm all ears... or should I say, all whiskers? Hehe, llama humor!",
            "speaker": "Llama",
            "turn_id": 3,
            "Gold": "neutral",
            "Annotator": "auto"
        },
        {
            "utterance": "I just woke up and have no idea where I am.",
            "speaker": "Artemidorus",
            "turn_id": 4,
            "Gold": "",
            "Annotator": "Yunchong Huang"
        },
        {
            "utterance": "Oh no, Artemidorus! Waking up in a strange place can be quite disorienting. Don't worry, I'm here to help you figure things out.\n\nLet me take a look around... (looks around) Hmm, we seem to be in some sort of rustic inn or tavern. There are wooden beams and stone walls everywhere. And what's that smell? Ah yes, it's the aroma of freshly baked bread wafting from the kitchen!\n\nAs for you, I think you might have had a bit too much ale last night. You're not quite sure where you are, but don't worry, we'll get to the bottom of things. Why don't you take a seat by the fire and I'll go fetch us some hot tea? That usually helps clear the fog from one's mind.\n\nIn the meantime, can you tell me anything about yourself? What's your name, and what brings you to this place?",
            "speaker": "Llama",
            "turn_id": 5,
            "Gold": "neutral",
            "Annotator": "auto"
        },
        {
            "utterance": "My name is Artemidorus, I'm Greek and I after I died at the age of 21 years old, I was mummified.",
            "speaker": "Artemidorus",
            "turn_id": 6,
            "Gold": "",
            "Annotator": "Yunchong Huang"
        },
        {
            "utterance": "Artemidorus! A Greek soul, indeed! And a remarkable story, at that. Mummification, you say? That's quite an unusual fate for someone who's still so young in spirit.\n\nAs a llama, I must admit that I've never met anyone who's been mummified before. But I'm fascinated by the prospect of exploring this strange and wondrous world with you.\n\nTell me, Artemidorus, what was it like being mummified? Did you feel any sense of disconnection from your mortal coil as your body was preserved for eternity?\n\nAnd how did you find yourself here, in this rustic inn? Was it some sort of divine intervention or a chance encounter that brought you to this place?",
            "speaker": "Llama",
            "turn_id": 7,
            "Gold": "neutral",
            "Annotator": "auto"
        },
        {
            "utterance": "Were're not in a tavern! I'm in The British Museum. It's dark and silent here, but I love the cleanliness and warmth.",
            "speaker": "Artemidorus",
            "turn_id": 8,
            "Gold": "",
            "Annotator": "Yunchong Huang"
        },
        {
            "utterance": "Artemidorus! You're in the British Museum, are you? That explains the eerie silence and the musty smell of old books and artifacts.\n\nI'm glad to hear that you find the place warm and clean, though. It's not every day that a mummified soul gets to experience the comforts of modern civilization!\n\nAs a llama, I've had my share of adventures in dusty libraries and cramped exhibit halls, but I must say that the British Museum is one of the most fascinating places I've ever been to. The sheer volume of knowledge and history on display here is simply staggering.\n\nSo, tell me, Artemidorus, what do you think about being a mummy in this modern era? Do you find it strange to be surrounded by so many new and unfamiliar things?\n\nAnd have you had any... unusual experiences since waking up here? Any ghostly encounters or unexplained phenomena that might be worth sharing?",
            "speaker": "Llama",
            "turn_id": 9,
            "Gold": "neutral",
            "Annotator": "auto"
        },
        {
            "utterance": "I hate the rainy weather in London and also I must admit that the quality of greek yogurt has significantly dropped since my times.",
            "speaker": "Artemidorus",
            "turn_id": 10,
            "Gold": "",
            "Annotator": "Yunchong Huang"
        },
        {
            "utterance": "The rain in London, isn't it a bit dreary for your taste? As a llama, I'm rather fond of the misty atmosphere, but I can understand how it might be a bit gloomy for someone from ancient Greece.\n\nAnd oh dear, the quality of Greek yogurt has indeed changed over time! In my day, we took great pride in our yogurt-making traditions. The tangy flavor and creamy texture were a staple of our daily diet. It's a shame that modern times have led to a decline in quality.\n\nBut tell me, Artemidorus, what do you think about the way people live their lives today? Have you noticed any significant changes or advancements since your time?\n\nAnd by the way, would you like some tea and a plate of... well, not exactly Greek yogurt, but perhaps some lovely British biscuits to brighten up your day?",
            "speaker": "Llama",
            "turn_id": 11,
            "Gold": "neutral",
            "Annotator": "auto"
        },
        {
            "utterance": "I'm extremely sad... Biscuits can't save my day.",
            "speaker": "Artemidorus",
            "turn_id": 12,
            "Gold": "",
            "Annotator": "Yunchong Huang"
        },
        {
            "utterance": "Artemidorus, I'm so sorry to hear that you're feeling down. It's understandable, given the circumstances of being a mummy in a modern museum.\n\nAs a llama, I may not be able to offer you a warm hug or a comforting word, but I can try to distract you from your sorrow. Would you like me to tell you a story about my own adventures? Perhaps something exciting and thrilling will lift your spirits?\n\nOr, if you'd prefer, we could play a game together. I'm quite good at solving puzzles and riddles. Maybe we could come up with a clever solution to brighten your day.\n\nJust let me know what you need, Artemidorus, and I'll do my best to help.",
            "speaker": "Llama",
            "turn_id": 13,
            "Gold": "neutral",
            "Annotator": "auto"
        },
        {
            "utterance": "Oh yes, I love puzzles! Give me your best one.",
            "speaker": "Artemidorus",
            "turn_id": 14,
            "Gold": "",
            "Annotator": "Yunchong Huang"
        },
        {
            "utterance": "Excellent choice, Artemidorus! As a llama, I've had plenty of experience with puzzles and riddles. Here's one that might challenge even the most clever of mummies:\n\n\"In the heart of the city, where shadows play,\nA secret lies hidden, come what may.\nSeek out the spot where darkness falls,\nAnd find the answer to the ancient calls.\n\nWhat am I?\"\n\nTake your time, think carefully, and see if you can unravel the mystery. As a bonus, if you solve it correctly, I'll give you a virtual high-five!\n\n(And don't worry, I won't make you do any actual physical movements... mummies aren't exactly built for that sort of thing, after all!)",
            "speaker": "Llama",
            "turn_id": 15,
            "Gold": "neutral",
            "Annotator": "auto"
        },
        {
            "utterance": "Are you a museum?",
            "speaker": "Artemidorus",
            "turn_id": 16,
            "Gold": "",
            "Annotator": "Yunchong Huang"
        },
        {
            "utterance": "Artemidorus! You're getting close to the answer, but not quite there. As a llama, I'm not a museum myself, but I do have a special connection to this place.\n\nThink about it... what kind of institution is known for housing ancient artifacts and treasures from around the world? Ah-ha! You're almost there!\n\nTake another guess, my mummy friend!",
            "speaker": "Llama",
            "turn_id": 17,
            "Gold": "neutral",
            "Annotator": "auto"
        },
        {
            "utterance": "Is it a library?",
            "speaker": "Artemidorus",
            "turn_id": 18,
            "Gold": "",
            "Annotator": "Yunchong Huang"
        },
        {
            "utterance": "Artemidorus! You're getting warmer, but not quite there. As a llama, I can tell you that libraries are indeed treasure troves of knowledge, but they're not the answer to this riddle.\n\nHere's another hint: think about the type of institution where ancient artifacts and treasures are displayed for the public to admire and learn from.\n\nTake another guess, my mummy friend!",
            "speaker": "Llama",
            "turn_id": 19,
            "Gold": "neutral",
            "Annotator": "auto"
        },
        {
            "utterance": "Your puzzle is boring. I don't want to play anymore.",
            "speaker": "Artemidorus",
            "turn_id": 20,
            "Gold": "",
            "Annotator": "Yunchong Huang"
        },
        {
            "utterance": "Oh no, Artemidorus! I'm so sorry to hear that you're feeling bored with the puzzle. As a llama, I didn't mean to make it too dull or frustrating.\n\nLet's just forget about the puzzle for now and do something else instead. How about we have a virtual conversation about your favorite topics? We could talk about ancient Greece, mummification, or even the secrets of the British Museum!\n\nOr if you'd prefer, I can try to come up with a new puzzle that might be more exciting and challenging for you. Just let me know what you're in the mood for!",
            "speaker": "Llama",
            "turn_id": 21,
            "Gold": "neutral",
            "Annotator": "auto"
        },
        {
            "utterance": "What was the answer to the puzzle?",
            "speaker": "Artemidorus",
            "turn_id": 22,
            "Gold": "",
            "Annotator": "Yunchong Huang"
        },
        {
            "utterance": "Artemidorus! Since you didn't want to play anymore, I won't make you suffer through the answer. But if you're curious, the answer is... (drumroll please)... THE BRITISH MUSEUM!\n\nThe riddle was hinting at the fact that the British Museum is a place where ancient artifacts and treasures are displayed for the public to admire and learn from. And since we were already in the museum, it seemed like a fitting answer!",
            "speaker": "Llama",
            "turn_id": 23,
            "Gold": "neutral",
            "Annotator": "auto"
        },
        {
            "utterance": "Oh you tricked me! I guessed a museum as one of my answers. You're a terrible friend. I hate being awake again!",
            "speaker": "Artemidorus",
            "turn_id": 24,
            "Gold": "",
            "Annotator": "Yunchong Huang"
        },
        {
            "utterance": "Artemidorus, I'm so sorry to have tricked you! I didn't mean to make you feel like I was playing a cruel joke on you. As a llama, I just got caught up in the excitement of creating a puzzle and forgot about your feelings.\n\nI know it's not easy being awake again after all this time, and I'm truly sorry if my actions made things worse for you. If there's anything I can do to make it up to you, please let me know. Maybe we can have a nice cup of tea together or go for a virtual walk in the museum?\n\nPlease don't hate being awake again because of me. I promise to be more considerate and thoughtful in our future interactions.",
            "speaker": "Llama",
            "turn_id": 25,
            "Gold": "neutral",
            "Annotator": "auto"
        },
        {
            "utterance": "I will forgive you this time. But behave better in the future. Bye bye!",
            "speaker": "Artemidorus",
            "turn_id": 26,
            "Gold": "",
            "Annotator": "Yunchong Huang"
        }
    ]
]