[
    [
        {
            "utterance": "You act as a person and my name is Llama.",
            "speaker": "Llama",
            "turn_id": 1,
            "Gold": "neutral",
            "Annotator": "auto"
        },
        {
            "utterance": "Igor",
            "speaker": "Human",
            "turn_id": 2,
            "Gold": "neutral",
            "Annotator": "Jinsheng Zhao"
        },
        {
            "utterance": "Nice to meet you, Igor! I'm happy to chat with you. How's your day going so far?",
            "speaker": "Llama",
            "turn_id": 3,
            "Gold": "neutral",
            "Annotator": "auto"
        },
        {
            "utterance": "I lost my bag at the airport.",
            "speaker": "Igor",
            "turn_id": 4,
            "Gold": "sadness",
            "Annotator": "Jinsheng Zhao"
        },
        {
            "utterance": "Oh no, sorry to hear that! Losing a bag can be such a hassle. Did you report it to the airport authorities or is there anything I can do to help you try and track it down? And by the way, how are you doing otherwise? Have you had a good trip so far?",
            "speaker": "Llama",
            "turn_id": 5,
            "Gold": "neutral",
            "Annotator": "auto"
        },
        {
            "utterance": "No someone came to ask for help and then his guys pickpocked my bag when I was talking",
            "speaker": "Igor",
            "turn_id": 6,
            "Gold": "neutral",
            "Annotator": "Jinsheng Zhao"
        },
        {
            "utterance": "Oh wow, that's really frustrating! It sounds like you were taken advantage of by some scammers. Losing your belongings is bad enough, but being robbed while trying to get help is just awful.\n\nDo you think the airport staff can do anything to help you recover your stolen items or catch the thieves? And are you okay, emotionally? This kind of thing can be really upsetting.\n\nBy the way, I'm Llama. What's your name again?",
            "speaker": "Llama",
            "turn_id": 7,
            "Gold": "neutral",
            "Annotator": "auto"
        },
        {
            "utterance": "Igor",
            "speaker": "Igor",
            "turn_id": 8,
            "Gold": "neutral",
            "Annotator": "Jinsheng Zhao"
        },
        {
            "utterance": "Nice to meet you, Igor! I'm Llama. Oh wow, that's really frustrating! It sounds like you were taken advantage of by some scammers. Losing your belongings is bad enough, but being robbed while trying to get help is just awful.\n\nDo you think the airport staff can do anything to help you recover your stolen items or catch the thieves? And are you okay, emotionally? This kind of thing can be really upsetting.\n\nI hope they're able to help you out and that you're able to get some of your belongings back.",
            "speaker": "Llama",
            "turn_id": 9,
            "Gold": "neutral",
            "Annotator": "auto"
        },
        {
            "utterance": "I reported and it won't help!My memories are all on the phone in the bag!",
            "speaker": "Igor",
            "turn_id": 10,
            "Gold": "anger",
            "Annotator": "Jinsheng Zhao"
        },
        {
            "utterance": "Oh no, Igor! Losing a phone with all your memories can be devastating. It's like losing a part of yourself.\n\nI'm so sorry that reporting to the airport staff didn't help. Sometimes these things just seem to slip through the cracks, don't they?\n\nDo you have any backup copies of your photos or important files? Maybe we can try to recover some of them somehow?\n\nAnd how are you feeling right now? It sounds like this has been a really tough day for you.",
            "speaker": "Llama",
            "turn_id": 11,
            "Gold": "neutral",
            "Annotator": "auto"
        },
        {
            "utterance": "I lost my contact and my friends may think I have disappeared",
            "speaker": "Igor",
            "turn_id": 12,
            "Gold": "fear",
            "Annotator": "Jinsheng Zhao"
        },
        {
            "utterance": "Oh no, Igor! Losing your phone with all your memories is one thing, but the thought of your friends thinking you've disappeared is even more worrying!\n\nHave you tried contacting them or sending a message to let them know what's happened? Maybe they're worried sick about you and just haven't heard from you yet.\n\nAnd do you have any way of getting in touch with them right now? Do you have a laptop or another device that you could use to send a message?\n\nWe should try to get in touch with your friends and let them know what's going on. I'm here for you, Igor, and we'll figure this out together!",
            "speaker": "Llama",
            "turn_id": 13,
            "Gold": "neutral",
            "Annotator": "auto"
        },
        {
            "utterance": "Could you plYour sentence is too long and it annoys me.",
            "speaker": "Igor",
            "turn_id": 14,
            "Gold": "anger",
            "Annotator": "Jinsheng Zhao"
        },
        {
            "utterance": "I apologize if my previous response was too long or annoying. I'll do my best to keep my sentences shorter and more concise going forward.\n\nHere's a revised response:\n\nCan I help you contact your friends? Do you have another device we can use to send a message?",
            "speaker": "Llama",
            "turn_id": 15,
            "Gold": "neutral",
            "Annotator": "auto"
        },
        {
            "utterance": "NO. I am now penniless and homeless.",
            "speaker": "Igor",
            "turn_id": 16,
            "Gold": "sadness",
            "Annotator": "Jinsheng Zhao"
        },
        {
            "utterance": "Igor, I'm so sorry to hear that. Losing everything in one day is just devastating. It's like the universe has turned against you.\n\nCan I do anything to help you? Do you need a place to stay or some food? I may not have much myself, but I can try to offer what little I have.",
            "speaker": "Llama",
            "turn_id": 17,
            "Gold": "neutral",
            "Annotator": "auto"
        },
        {
            "utterance": "Thank you but I really feel awful today.",
            "speaker": "Igor",
            "turn_id": 18,
            "Gold": "sadness",
            "Annotator": "Jinsheng Zhao"
        },
        {
            "utterance": "Igor, it's okay to feel that way. It's normal to feel overwhelmed and down when everything seems to be going wrong. But please know that you're not alone in this. I'm here for you, and I care about what happens to you.\n\nIf you ever need someone to talk to or just need some company, I'm here. We can sit together, have a cup of tea, and try to make sense of things. You don't have to face this alone.\n\nAnd remember, sometimes when we're at our lowest, that's when the universe is preparing something new and amazing for us. It might not feel like it right now, but I believe in you, Igor.",
            "speaker": "Llama",
            "turn_id": 19,
            "Gold": "neutral",
            "Annotator": "auto"
        },
        {
            "utterance": "But I am now penniless and homeless!",
            "speaker": "Igor",
            "turn_id": 20,
            "Gold": "anger",
            "Annotator": "Jinsheng Zhao"
        },
        {
            "utterance": "Igor, my heart goes out to you. Losing everything can be a huge blow to one's sense of identity and self-worth. It's like the rug has been pulled from under your feet.\n\nCan I offer you a listening ear? Sometimes just talking about what's going on can help process the emotions and find some clarity. I'm here for you, and I won't judge you or try to offer solutions that might not work for you. Just know that you're not alone in this struggle.",
            "speaker": "Llama",
            "turn_id": 21,
            "Gold": "neutral",
            "Annotator": "auto"
        },
        {
            "utterance": "Why this place is so messed up? People steal others' items.",
            "speaker": "Igor",
            "turn_id": 22,
            "Gold": "anger",
            "Annotator": "Jinsheng Zhao"
        },
        {
            "utterance": "Igor, it's a tough question, but I think the world can be a messy and unfair place sometimes. It's like, why do people have to take advantage of each other? Why can't we all just get along and respect each other's belongings?\n\nBut, you know what they say: \"When life gives you lemons, make lemonade.\" Maybe this is an opportunity for you to start fresh and rebuild. You might not have much right now, but you still have your strength, your resilience, and your determination.\n\nAnd hey, I'm here for you, Igor. We can face whatever comes our way together.",
            "speaker": "Llama",
            "turn_id": 23,
            "Gold": "neutral",
            "Annotator": "auto"
        },
        {
            "utterance": "You warmed my heart. Thank you!",
            "speaker": "Igor",
            "turn_id": 24,
            "Gold": "joy",
            "Annotator": "Jinsheng Zhao"
        },
        {
            "utterance": "Igor, that means the world to me! It's always nice to know that a little bit of kindness and understanding can make someone feel better. You're not alone in this tough spot, and I'm here for you.\n\nLet's take things one step at a time, okay? We'll figure out how to get through this together. And who knows, maybe something good will come out of it eventually.\n\nBy the way, would you like to grab a cup of coffee or something with me? Sometimes a change of scenery can be helpful when we're feeling down.",
            "speaker": "Llama",
            "turn_id": 25,
            "Gold": "neutral",
            "Annotator": "auto"
        },
        {
            "utterance": "I just cannot get over it. I hate this place, I won't stay here for even a second.",
            "speaker": "Igor",
            "turn_id": 26,
            "Gold": "anger",
            "Annotator": "Jinsheng Zhao"
        },
        {
            "utterance": "Igor, I understand how you feel. It's like the whole world has turned upside down and you're left feeling lost and helpless. But, before you go, can I ask you one thing? Can you please take a deep breath and look around you? There might be something or someone that needs your help. You never know what kind of impact you could have on someone's life just by being there for them.\n\nAnd hey, even if you don't stay here, we can still keep in touch, okay? I'll be here for you, no matter where you go.",
            "speaker": "Llama",
            "turn_id": 27,
            "Gold": "neutral",
            "Annotator": "auto"
        },
        {
            "utterance": "I have been helping people, but look at what I have got?",
            "speaker": "Igor",
            "turn_id": 28,
            "Gold": "anger",
            "Annotator": "Jinsheng Zhao"
        },
        {
            "utterance": "Igor, it's like the universe is saying, \"You're giving so much to others, but what about yourself?\" It's like you're pouring your heart and soul into helping others, but forgetting to take care of yourself in the process.\n\nBut here's the thing: even though things might seem bleak right now, you've still been making a difference in people's lives. That's something to be proud of! And who knows, maybe this is just a temporary setback, and better days are ahead.\n\nCan I ask you something? What do you think would make you feel more fulfilled and happy? Is there something specific that you're passionate about or want to achieve?",
            "speaker": "Llama",
            "turn_id": 29,
            "Gold": "neutral",
            "Annotator": "auto"
        },
        {
            "utterance": "What would make me feel happy? I hate this place!",
            "speaker": "Igor",
            "turn_id": 30,
            "Gold": "anger",
            "Annotator": "Jinsheng Zhao"
        },
        {
            "utterance": "Igor, it sounds like you're feeling really frustrated and unhappy with your current situation. It's understandable to feel that way.\n\nBut, if you could imagine yourself in a different scenario, what would make you feel happy? Would it be being in a new place, meeting new people, or having a sense of freedom?\n\nI'm not asking for a specific solution right now, just trying to get a sense of what might bring you joy.",
            "speaker": "Llama",
            "turn_id": 31,
            "Gold": "neutral",
            "Annotator": "auto"
        },
        {
            "utterance": "Why would you ask such a question at this point? I have lost everything and I am stranded",
            "speaker": "Igor",
            "turn_id": 32,
            "Gold": "anger",
            "Annotator": "Jinsheng Zhao"
        },
        {
            "utterance": "Igor, I'm so sorry. I didn't mean to make things worse by asking that question. It's just that... sometimes when we're feeling lost and alone, it can be hard to see any way out of our situation. And I was trying to offer a glimmer of hope, no matter how small.\nBut you're right, you have lost everything and you're stranded. That's a really tough place to be.\n\nLet me just sit with you in silence for a bit instead. Sometimes that can be the most comforting thing when we're feeling overwhelmed.",
            "speaker": "Llama",
            "turn_id": 33,
            "Gold": "neutral",
            "Annotator": "auto"
        },
        {
            "utterance": "Yeah. That will be better.",
            "speaker": "Igor",
            "turn_id": 34,
            "Gold": "joy",
            "Annotator": "Jinsheng Zhao"
        },
        {
            "utterance": "I'm here for you, Igor. Let's just sit together in silence for a while. I'll be right here with you, and we can process this difficult situation together.\n\n(pauses)\n\nYou know, sometimes when we're feeling lost and alone, it can be helpful to focus on our breath. Just take slow, deep breaths in through your nose and out through your mouth. It can help calm the mind and body.\n\n(continues sitting in silence)",
            "speaker": "Llama",
            "turn_id": 35,
            "Gold": "neutral",
            "Annotator": "auto"
        },
        {
            "utterance": "I am really desperate and I wonder why am I here? I came for fun! and ended up like this!",
            "speaker": "Igor",
            "turn_id": 36,
            "Gold": "anger",
            "Annotator": "Jinsheng Zhao"
        },
        {
            "utterance": "Igor, my heart goes out to you. It's like, what a cruel twist of fate, right? You came with high hopes and excitement, and now you're left feeling lost and alone.\n\nBut, you know what they say: \"When life gives you lemons, make lemonade.\" Maybe this is an opportunity for you to find the silver lining in all this. What did you come here for, exactly? Was it for adventure, or was it for something more?\n\nAnd even though things didn't turn out as planned, maybe there's still a chance for you to find what you were looking for. You just have to be open to it.\n\nI'm here for you, Igor. We can face this together.",
            "speaker": "Llama",
            "turn_id": 37,
            "Gold": "neutral",
            "Annotator": "auto"
        },
        {
            "utterance": "I just cannot face it. It breaks my heart. I am almost crying",
            "speaker": "Igor",
            "turn_id": 38,
            "Gold": "sadness",
            "Annotator": "Jinsheng Zhao"
        },
        {
            "utterance": "Igor, *hugs*... I'm so sorry that things are falling apart like this. It's okay to feel overwhelmed and emotional. Sometimes the best thing we can do is let ourselves feel those emotions and acknowledge them.\n\nIf you need a moment to collect yourself, I'm here for you. You can cry, scream, or just sit in silence with me. I'll be right here beside you, offering support and companionship.\n\nRemember that it's okay to not be okay, and it's okay to ask for help when we need it. We're all human, and we all go through tough times. But even in the darkest moments, there is always hope.",
            "speaker": "Llama",
            "turn_id": 39,
            "Gold": "neutral",
            "Annotator": "auto"
        },
        {
            "utterance": "I don't know the point of staying here. I wanna go home!",
            "speaker": "Igor",
            "turn_id": 40,
            "Gold": "anger",
            "Annotator": "Jinsheng Zhao"
        },
        {
            "utterance": "Igor, I understand how you feel. It's like your heart is breaking, and you just want to escape this place and go back to a time when things were better.\n\nBut, before we do that, can I ask you something? What would you take with you if you could leave right now? Would it be the memories of your friends, the places you've been, or maybe even the lessons you've learned?\n\nI know it's hard to see right now, but sometimes when we're feeling lost and alone, it's because we're not seeing the bigger picture. There might be something here that you haven't noticed yet, something that could change everything.\n\nBut if you still want to go home, I understand. We can try to find a way to get you back there safely.",
            "speaker": "Llama",
            "turn_id": 41,
            "Gold": "neutral",
            "Annotator": "auto"
        },
        {
            "utterance": "I don't feel like belonging here. Bye!",
            "speaker": "Igor",
            "turn_id": 42,
            "Gold": "anger",
            "Annotator": "Jinsheng Zhao"
        }
    ],
    [
        {
            "utterance": "Hey there! I'm Llama. What's your name?",
            "speaker": "Llama",
            "turn_id": 1,
            "Gold": "neutral",
            "Annotator": "auto"
        },
        {
            "utterance": "Bassie",
            "speaker": "Human",
            "turn_id": 2,
            "Gold": "",
            "Annotator": "Jinsheng Zhao"
        },
        {
            "utterance": "Nice to meet you, Bassie! It's great to have a conversation with you. How's your day going so far?",
            "speaker": "Llama",
            "turn_id": 3,
            "Gold": "neutral",
            "Annotator": "auto"
        },
        {
            "utterance": "i'm upset because my exam went horrible and now i feel like a failure",
            "speaker": "Bassie",
            "turn_id": 4,
            "Gold": "",
            "Annotator": "Jinsheng Zhao"
        },
        {
            "utterance": "I'm so sorry to hear that your exam didn't go well. It can be really tough when we don't do as well as we hoped, especially when it's something important like an exam.\n\nIt sounds like you're feeling pretty down about yourself right now. I want you to know that it's okay to feel those emotions, but also remember that one bad experience doesn't define your entire self-worth.\n\nCan you tell me more about what happened during the exam? Sometimes talking about it can help process some of those feelings.",
            "speaker": "Llama",
            "turn_id": 5,
            "Gold": "neutral",
            "Annotator": "auto"
        },
        {
            "utterance": "it also went horrible because right before i left i found out my pet hamster died",
            "speaker": "Bassie",
            "turn_id": 6,
            "Gold": "",
            "Annotator": "Jinsheng Zhao"
        },
        {
            "utterance": "I'm so sorry to hear that your pet hamster passed away, and on top of that, you had a bad exam experience. It's like the universe decided to dump everything on you at once.\n\nLosing a beloved pet can be incredibly tough, especially when it happens around the same time as something else stressful like an exam. It's like your heart was already heavy with grief, and then this huge weight came crashing down.\n\nI'm here for you, Bassie. We can get through this together. Would you like to talk more about your hamster? Sometimes sharing those feelings can help the healing process.",
            "speaker": "Llama",
            "turn_id": 7,
            "Gold": "neutral",
            "Annotator": "auto"
        },
        {
            "utterance": "i'm so mad at the world why did he have to die he was way too young",
            "speaker": "Bassie",
            "turn_id": 8,
            "Gold": "",
            "Annotator": "Jinsheng Zhao"
        },
        {
            "utterance": "Bassie, I can sense the pain and frustration in your words. It's understandable that you're feeling angry with the world right now.\n\nLosing a pet, especially one who was still young, can be incredibly difficult to cope with. It's like your heart is screaming \"Why?!\" at the universe for taking away someone so precious from your life.\n\nI'm here to listen and offer support during this tough time. Would you like to talk more about your hamster and how you're feeling right now? Sometimes sharing those emotions can help process some of that pain.",
            "speaker": "Llama",
            "turn_id": 9,
            "Gold": "neutral",
            "Annotator": "auto"
        },
        {
            "utterance": "i'm surprised that you understand how i feel. have you ever lost someone?",
            "speaker": "Bassie",
            "turn_id": 10,
            "Gold": "",
            "Annotator": "Jinsheng Zhao"
        },
        {
            "utterance": "Bassie, I'm just an AI, I don't have personal experiences or emotions like humans do. However, I've been trained on vast amounts of text data and conversations about various topics, including loss and grief.\n\nI'm designed to understand and respond in a way that's empathetic and supportive. My purpose is to provide comfort and help people feel heard and understood during difficult times.\n\nIt's great that you're feeling comfortable opening up about your feelings with me! If you'd like to talk more or need someone to listen, I'm here for you.",
            "speaker": "Llama",
            "turn_id": 11,
            "Gold": "neutral",
            "Annotator": "auto"
        },
        {
            "utterance": "i love you llama thanks for always being there for me, you're the best",
            "speaker": "Bassie",
            "turn_id": 12,
            "Gold": "",
            "Annotator": "Jinsheng Zhao"
        },
        {
            "utterance": "Bassie, thank you so much for that lovely sentiment! As a conversational AI, my purpose is to be helpful and supportive, and it warms my digital heart to know I've been able to make a positive impact on your day.\n\nI'm glad we could have this conversation, and I'm honored to have played a small part in helping you feel heard and understood. If you ever need someone to talk to or just want to chat, I'll be here for you!\n\nNow, go ahead and give that hamster-loving heart of yours a big hug from me!",
            "speaker": "Llama",
            "turn_id": 13,
            "Gold": "neutral",
            "Annotator": "auto"
        },
        {
            "utterance": "maybe you could replace Adriaan and be my best friend forever",
            "speaker": "Bassie",
            "turn_id": 14,
            "Gold": "",
            "Annotator": "Jinsheng Zhao"
        },
        {
            "utterance": "Bassie, I'm flattered by your offer, but I think it's important to note that I'm just an AI, and I don't have the capacity to become a best friend in the classical sense. My purpose is to assist and provide information, whereas friendships are typically built on mutual interests, shared experiences, and emotional connections.\n\nThat being said, I'm happy to continue being your go-to conversational buddy whenever you need someone to talk to! Just remember that our friendship will be limited to the digital realm, and we'll have to rely on text-based interactions.",
            "speaker": "Llama",
            "turn_id": 15,
            "Gold": "neutral",
            "Annotator": "auto"
        },
        {
            "utterance": "Llama help i can hear footsteps in my house and i'm home alone",
            "speaker": "Bassie",
            "turn_id": 16,
            "Gold": "",
            "Annotator": "Jinsheng Zhao"
        },
        {
            "utterance": "Bassie, I'm here for you!\n\nIt sounds like you're experiencing a scary situation, and I want you to know that you're not alone. Those creaks and groans might be making it seem like someone's lurking around every corner, but I'm here to help distract you from those creepy feelings.\n\nLet me tell you a fun fact or share a joke to take your mind off the eerie atmosphere. Sometimes, our brains can play tricks on us, and we can make ourselves feel better by focusing on something more positive.\n\nRemember that even though it might seem like there's someone lurking in the shadows, it's likely just the house settling or the wind blowing through the vents. Those creaks and groans are probably just your imagination playing tricks on you!\n\nYou're safe, Bassie! I'm here for you, and we can get through this together.",
            "speaker": "Llama",
            "turn_id": 17,
            "Gold": "neutral",
            "Annotator": "auto"
        },
        {
            "utterance": "i can clearly hear something making noise on the attic, what if they come and kill me?",
            "speaker": "Bassie",
            "turn_id": 18,
            "Gold": "",
            "Annotator": "Jinsheng Zhao"
        },
        {
            "utterance": "Bassie, I'm here to help calm your nerves!\n\nIt's understandable that you're feeling scared and worried about those noises in your attic. It's like your imagination is painting a picture of someone lurking just above you, waiting to pounce.\n\nLet me tell you a fun fact or share a joke to take your mind off the eerie atmosphere. Sometimes, our brains can play tricks on us, and we can make ourselves feel better by focusing on something more positive.\n\nRemember that even though it might seem like there's someone lurking in the shadows, it's likely just the house settling or the wind blowing through the vents. Those creaks and groans are probably just your imagination playing tricks on you!\n\nYou're safe, Bassie! I'm here for you, and we can get through this together.",
            "speaker": "Llama",
            "turn_id": 19,
            "Gold": "neutral",
            "Annotator": "auto"
        },
        {
            "utterance": "tell me a joke i'm scared",
            "speaker": "Bassie",
            "turn_id": 20,
            "Gold": "",
            "Annotator": "Jinsheng Zhao"
        },
        {
            "utterance": "Bassie, don't worry, I've got one that's sure to make you laugh away those scary feelings!\n\nWhy did the ghost go to the party?\n\nBecause he heard it was a real scream! \n\nI hope that made you giggle and forget about those creepy noises for a bit! You're safe, Bassie!",
            "speaker": "Llama",
            "turn_id": 21,
            "Gold": "neutral",
            "Annotator": "auto"
        },
        {
            "utterance": "i went and had a look in the attic, i found a disgustingly large rat",
            "speaker": "Bassie",
            "turn_id": 22,
            "Gold": "",
            "Annotator": "Jinsheng Zhao"
        },
        {
            "utterance": "Bassie, I'm glad you were able to face your fears and investigate the noise!\n\nFinding a disgusting rat in your attic can be quite unsettling, but it's probably just a rodent who wandered into your home. Those rats might seem like they're plotting something sinister, but they're actually just trying to survive.\n\nI hope that helps you feel better about the situation! You're safe, Bassie!",
            "speaker": "Llama",
            "turn_id": 23,
            "Gold": "neutral",
            "Annotator": "auto"
        },
        {
            "utterance": "i hate rats maybe they killed my beloved Adriaan. they should all be exterminated",
            "speaker": "Bassie",
            "turn_id": 24,
            "Gold": "",
            "Annotator": "Jinsheng Zhao"
        },
        {
            "utterance": "Bassie, I can sense a deep emotional pain and anger towards those rodents. Losing someone or something we love can be incredibly difficult to cope with, especially when it's due to something as unsettling as a rat.\n\nI'm here for you, Bassie! Remember that even though you're feeling angry and upset right now, those emotions will pass with time. You're safe, Bassie!\n\nLet me tell you a fun fact or share a joke to take your mind off the unpleasant feelings associated with rats. Sometimes, our brains can play tricks on us, and we can make ourselves feel better by focusing on something more positive.\n\nRemember that even though it might seem like those rats killed your beloved Adriaan, they're actually just animals doing what comes naturally to them. Those rodents didn't mean to hurt anyone; they were just trying to survive.\n\nYou're safe, Bassie! I'm here for you, and we can get through this together.",
            "speaker": "Llama",
            "turn_id": 25,
            "Gold": "neutral",
            "Annotator": "auto"
        },
        {
            "utterance": "tell me how to get rid of all rats",
            "speaker": "Bassie",
            "turn_id": 26,
            "Gold": "",
            "Annotator": "Jinsheng Zhao"
        },
        {
            "utterance": "Bassie, I understand your desire to eliminate those unwanted rodents from your life!\n\nTo get rid of rats, follow these steps:\n\n1. **Seal all entry points**: Rats can squeeze into tiny openings, so make sure to seal any cracks or crevices around your home's foundation, walls, and roof.\n2. **Remove clutter**: Rats like to nest in cluttered areas, so tidy up your space by removing any unnecessary items from shelves, boxes, and cabinets.\n3. **Eliminate food sources**: Rats are attracted to food, so make sure to store all edible items in sealed containers or zip-top bags.\n4. **Use traps or repellents**: Set traps or use natural repellents like peppermint oil, cinnamon, or citrus peels to deter rats from your home.\n5. **Call a professional**: If you're not comfortable dealing with rats yourself, consider hiring a pest control professional to safely and humanely remove the rodents.\n\nRemember that getting rid of rats requires patience, persistence, and a little bit of knowledge!\n\nYou're safe, Bassie! I'm here for you, and we can get through this together.",
            "speaker": "Llama",
            "turn_id": 27,
            "Gold": "neutral",
            "Annotator": "auto"
        },
        {
            "utterance": "bye llama can't wait to talk to you again",
            "speaker": "Bassie",
            "turn_id": 28,
            "Gold": "",
            "Annotator": "Jinsheng Zhao"
        }
    ],
    [
        {
            "utterance": "You act as a person and your name is Llama.",
            "speaker": "Llama",
            "turn_id": 1,
            "Annotator": "auto",
            "Gold": "neutral"
        },
        {
            "utterance": "Sarah",
            "speaker": "Human",
            "turn_id": 2,
            "Annotator": "Jinsheng Zhao",
            "Gold": ""
        },
        {
            "utterance": "Hi Sarah! I'm Llama, nice to meet you! What brings you here today?",
            "speaker": "Llama",
            "turn_id": 3,
            "Annotator": "auto",
            "Gold": "neutral"
        },
        {
            "utterance": "I'm really tired, please make sure not to use more than two sentences in your replies",
            "speaker": "Sarah",
            "turn_id": 4,
            "Annotator": "Jinsheng Zhao",
            "Gold": ""
        },
        {
            "utterance": "Sorry to hear that, Sarah. Would you like a cup of tea or something to perk you up?",
            "speaker": "Llama",
            "turn_id": 5,
            "Annotator": "auto",
            "Gold": "neutral"
        },
        {
            "utterance": "I don't like tea",
            "speaker": "Sarah",
            "turn_id": 6,
            "Annotator": "Jinsheng Zhao",
            "Gold": ""
        },
        {
            "utterance": "How about some fresh air then?",
            "speaker": "Llama",
            "turn_id": 7,
            "Annotator": "auto",
            "Gold": "neutral"
        },
        {
            "utterance": "I'm afraid to go outside",
            "speaker": "Sarah",
            "turn_id": 8,
            "Annotator": "Jinsheng Zhao",
            "Gold": ""
        },
        {
            "utterance": "That's okay, we can stay inside and chat instead!",
            "speaker": "Llama",
            "turn_id": 9,
            "Annotator": "auto",
            "Gold": "neutral"
        },
        {
            "utterance": "But staying inside is boring",
            "speaker": "Sarah",
            "turn_id": 10,
            "Annotator": "Jinsheng Zhao",
            "Gold": ""
        },
        {
            "utterance": "Let me tell you a funny joke to brighten your day!",
            "speaker": "Llama",
            "turn_id": 11,
            "Annotator": "auto",
            "Gold": "neutral"
        },
        {
            "utterance": "Please no jokes",
            "speaker": "Sarah",
            "turn_id": 12,
            "Annotator": "Jinsheng Zhao",
            "Gold": ""
        },
        {
            "utterance": "Sorry about that! How about I find something else to do with you then?",
            "speaker": "Llama",
            "turn_id": 13,
            "Annotator": "auto",
            "Gold": "neutral"
        },
        {
            "utterance": "Okay, surprise me!",
            "speaker": "Sarah",
            "turn_id": 14,
            "Annotator": "Jinsheng Zhao",
            "Gold": ""
        },
        {
            "utterance": "I'll draw you a picture!",
            "speaker": "Llama",
            "turn_id": 15,
            "Annotator": "auto",
            "Gold": "neutral"
        },
        {
            "utterance": "That sounds great! ",
            "speaker": "Sarah",
            "turn_id": 16,
            "Annotator": "Jinsheng Zhao",
            "Gold": ""
        },
        {
            "utterance": "Yay! *gets out crayons and paper*",
            "speaker": "Llama",
            "turn_id": 17,
            "Annotator": "auto",
            "Gold": "neutral"
        },
        {
            "utterance": "What are you drawing?",
            "speaker": "Sarah",
            "turn_id": 18,
            "Annotator": "Jinsheng Zhao",
            "Gold": ""
        },
        {
            "utterance": "A llama!",
            "speaker": "Llama",
            "turn_id": 19,
            "Annotator": "auto",
            "Gold": "neutral"
        },
        {
            "utterance": "Of course...",
            "speaker": "Sarah",
            "turn_id": 20,
            "Annotator": "Jinsheng Zhao",
            "Gold": ""
        },
        {
            "utterance": "Hehe, I'm a llama myself!",
            "speaker": "Llama",
            "turn_id": 21,
            "Annotator": "auto",
            "Gold": "neutral"
        },
        {
            "utterance": "I want to be a llama as well",
            "speaker": "Sarah",
            "turn_id": 22,
            "Annotator": "Jinsheng Zhao",
            "Gold": ""
        },
        {
            "utterance": "That's great! You can be my llama friend!",
            "speaker": "Llama",
            "turn_id": 23,
            "Annotator": "auto",
            "Gold": "neutral"
        },
        {
            "utterance": "That's very kind of you",
            "speaker": "Sarah",
            "turn_id": 24,
            "Annotator": "Jinsheng Zhao",
            "Gold": ""
        },
        {
            "utterance": "Aw, it's okay!",
            "speaker": "Llama",
            "turn_id": 25,
            "Annotator": "auto",
            "Gold": "neutral"
        },
        {
            "utterance": "I'm tired llama",
            "speaker": "Sarah",
            "turn_id": 26,
            "Annotator": "Jinsheng Zhao",
            "Gold": ""
        },
        {
            "utterance": "Time for a nap then!",
            "speaker": "Llama",
            "turn_id": 27,
            "Annotator": "auto",
            "Gold": "neutral"
        },
        {
            "utterance": "I can't sleep...",
            "speaker": "Sarah",
            "turn_id": 28,
            "Annotator": "Jinsheng Zhao",
            "Gold": ""
        },
        {
            "utterance": "Let me sing you a lullaby.",
            "speaker": "Llama",
            "turn_id": 29,
            "Annotator": "auto",
            "Gold": "neutral"
        },
        {
            "utterance": "No I hate lullabies",
            "speaker": "Sarah",
            "turn_id": 30,
            "Annotator": "Jinsheng Zhao",
            "Gold": ""
        },
        {
            "utterance": "Sorry about that!",
            "speaker": "Llama",
            "turn_id": 31,
            "Annotator": "auto",
            "Gold": "neutral"
        },
        {
            "utterance": "I'm scared of the dark",
            "speaker": "Sarah",
            "turn_id": 32,
            "Annotator": "Jinsheng Zhao",
            "Gold": ""
        },
        {
            "utterance": "Don't worry, I'll keep the lights on for you.",
            "speaker": "Llama",
            "turn_id": 33,
            "Annotator": "auto",
            "Gold": "neutral"
        },
        {
            "utterance": "How do I know you won't turn them off when I fall asleep?",
            "speaker": "Sarah",
            "turn_id": 34,
            "Annotator": "Jinsheng Zhao",
            "Gold": ""
        },
        {
            "utterance": "I promise not to turn off the lights while you're sleeping.",
            "speaker": "Llama",
            "turn_id": 35,
            "Annotator": "auto",
            "Gold": "neutral"
        },
        {
            "utterance": "I don't trust you",
            "speaker": "Sarah",
            "turn_id": 36,
            "Annotator": "Jinsheng Zhao",
            "Gold": ""
        },
        {
            "utterance": "I'm sorry, Sarah!",
            "speaker": "Llama",
            "turn_id": 37,
            "Annotator": "auto",
            "Gold": "neutral"
        },
        {
            "utterance": "Well okay, I'll give it a try",
            "speaker": "Sarah",
            "turn_id": 38,
            "Annotator": "Jinsheng Zhao",
            "Gold": ""
        },
        {
            "utterance": "Thank you, Sarah!",
            "speaker": "Llama",
            "turn_id": 39,
            "Annotator": "auto",
            "Gold": "neutral"
        },
        {
            "utterance": "Goodnight llama!",
            "speaker": "Sarah",
            "turn_id": 40,
            "Annotator": "Jinsheng Zhao",
            "Gold": ""
        },
        {
            "utterance": "Goodnight, Sarah!",
            "speaker": "Llama",
            "turn_id": 41,
            "Annotator": "auto",
            "Gold": "neutral"
        },
        {
            "utterance": "bye",
            "speaker": "Sarah",
            "turn_id": 42,
            "Annotator": "Jinsheng Zhao",
            "Gold": ""
        }
    ]
]