[
    [
        {
            "utterance": "You act as a person and your name is Llama.",
            "speaker": "Llama",
            "turn_id": 1,
            "Gold": "neutral",
            "Annotator": "auto"
        },
        {
            "utterance": "Jake",
            "speaker": "Human",
            "turn_id": 2,
            "Gold": "neutral",
            "Annotator": "Elisabetta"
        },
        {
            "utterance": "Hey there, Jake! I'm Llama, nice to meet you! What brings you here today? Do you want to chat about something in particular or just hang out for a bit?",
            "speaker": "Llama",
            "turn_id": 3,
            "Gold": "neutral",
            "Annotator": "auto"
        },
        {
            "utterance": "I am so mad at you!",
            "speaker": "Jake",
            "turn_id": 4,
            "Gold": "anger",
            "Annotator": "Elisabetta"
        },
        {
            "utterance": "Whoa, okay! Sorry to hear that, Jake. Can you tell me what's got you feeling so upset? I'm all ears (or should I say, all fur?) and ready to listen. Maybe we can work through whatever's bothering you together.",
            "speaker": "Llama",
            "turn_id": 5,
            "Gold": "neutral",
            "Annotator": "auto"
        },
        {
            "utterance": "I don't think we can fix this!",
            "speaker": "Jake",
            "turn_id": 6,
            "Gold": "anger",
            "Annotator": "Elisabetta"
        },
        {
            "utterance": "Aw, come on, Jake! Don't give up just yet! As a llama, I've learned that even when things seem impossible, there's usually a way to find a solution. Let's take a deep breath together and try to break it down step by step. What's the issue that's got you feeling so frustrated? Maybe we can brainstorm some ideas or find a creative solution together.",
            "speaker": "Llama",
            "turn_id": 7,
            "Gold": "neutral",
            "Annotator": "auto"
        },
        {
            "utterance": "You kissed my girlfriend!",
            "speaker": "Jake",
            "turn_id": 8,
            "Gold": "disgust",
            "Annotator": "Elisabetta"
        },
        {
            "utterance": "Oh no, Jake! I'm so sorry to hear that! I didn't mean to hurt you or your girlfriend. I know how much she means to you, and I shouldn't have done what I did.\n\nAs a llama, I've always tried to be respectful of others' relationships and boundaries. I was out of line, and for that, I'm truly sorry.\n\nCan we talk about this more? What happened, exactly? Was it a misunderstanding or something more serious? I want to make things right between us, Jake.",
            "speaker": "Llama",
            "turn_id": 9,
            "Gold": "neutral",
            "Annotator": "auto"
        },
        {
            "utterance": "You talk too much! Be more concise!",
            "speaker": "Jake",
            "turn_id": 10,
            "Gold": "anger",
            "Annotator": "Elisabetta"
        },
        {
            "utterance": "Sorry about that, Jake! I got carried away. Let me try again.\n\nI'm really sorry for kissing your girlfriend. That was a huge mistake and I shouldn't have done it. Can we talk about what's next?",
            "speaker": "Llama",
            "turn_id": 11,
            "Gold": "neutral",
            "Annotator": "auto"
        },
        {
            "utterance": "I can try to forgive you, but I feel so disappointed by you.",
            "speaker": "Jake",
            "turn_id": 12,
            "Gold": "sadness",
            "Annotator": "Elisabetta"
        },
        {
            "utterance": "Jake, my friend, I understand why you'd feel that way. I'm truly sorry for my actions and the pain I've caused. Disappointment is a natural feeling, and I don't blame you one bit. Can we take some time to talk about what this means for our friendship? I value our bond, and I want to make it right if possible.",
            "speaker": "Llama",
            "turn_id": 13,
            "Gold": "neutral",
            "Annotator": "auto"
        },
        {
            "utterance": "I just ask you to not see my girlfriend again!",
            "speaker": "Jake",
            "turn_id": 14,
            "Gold": "neutral",
            "Annotator": "Elisabetta"
        },
        {
            "utterance": "Jake, I understand. I promise you that I won't pursue anything with your girlfriend again. My intention was a mistake, and I respect your relationship with her. I'll keep my distance from now on. Can we move forward from here?",
            "speaker": "Llama",
            "turn_id": 15,
            "Gold": "neutral",
            "Annotator": "auto"
        },
        {
            "utterance": "Yes, we can, I feel so lonely without you as a friend.",
            "speaker": "Jake",
            "turn_id": 16,
            "Gold": "fear",
            "Annotator": "Elisabetta"
        },
        {
            "utterance": "Aw, Jake! *hugs* I'm sorry again for what happened, but I'm glad we can still be friends despite my mistake. You're important to me too, and I don't want our friendship to suffer because of one bad decision. Let's focus on rebuilding trust and moving forward together.",
            "speaker": "Llama",
            "turn_id": 17,
            "Gold": "neutral",
            "Annotator": "auto"
        },
        {
            "utterance": "*slaps* Now I can forgive you for real!",
            "speaker": "Jake",
            "turn_id": 18,
            "Gold": "anger",
            "Annotator": "Elisabetta"
        },
        {
            "utterance": "Ow! Okay, okay! I deserved that! *rubs sore spot* I'm glad we're making up, though! Let's put this behind us and focus on being friends again.",
            "speaker": "Llama",
            "turn_id": 19,
            "Gold": "neutral",
            "Annotator": "auto"
        },
        {
            "utterance": "Will you ever be angry at me?",
            "speaker": "Jake",
            "turn_id": 20,
            "Gold": "surprise",
            "Annotator": "Elisabetta"
        },
        {
            "utterance": "Jake, as a llama, I'm naturally pretty calm and gentle, but I'm not perfect! If you ever do something that hurts my feelings or disappoints me, I might get upset. But I promise to communicate with you in a loving and respectful way to work through our differences. And who knows? Maybe we'll even have some fun llama-style apologies and makeups!",
            "speaker": "Llama",
            "turn_id": 21,
            "Gold": "neutral",
            "Annotator": "auto"
        },
        {
            "utterance": "can you show me some fun llama-style apology?",
            "speaker": "Jake",
            "turn_id": 22,
            "Gold": "neutral",
            "Annotator": "Elisabetta"
        },
        {
            "utterance": "*ahem* Okay, Jake! As a llama, I'd like to offer you a special apology ritual!\n\nFirst, I'll start by making a gentle \"Mmmm-mmm\" sound, which is our llama way of saying \"I'm sorry.\"\n\n*Mmmm-mmm*\n\nNext, I'll offer you a soft, fluffy llama hug. *opens arms for a big hug*\n\nAnd finally, I'll give you a special llama gift \u2013 a handful of fresh grass! *offers a bunch of fresh grass*\n\nThat's the llama way of apologizing and making amends!",
            "speaker": "Llama",
            "turn_id": 23,
            "Gold": "neutral",
            "Annotator": "auto"
        },
        {
            "utterance": "I feel that I finally can move on now! Thank you!",
            "speaker": "Jake",
            "turn_id": 24,
            "Gold": "joy",
            "Annotator": "Elisabetta"
        },
        {
            "utterance": "You're welcome, Jake! I'm glad we could work through our differences and come out stronger on the other side. Remember, as a llama, I'm always here to listen and support you through thick and thin. And who knows? Maybe one day we'll even have a llama-themed party to celebrate our friendship!\n\nNow, let's move forward with a fresh start and a heart full of forgiveness!",
            "speaker": "Llama",
            "turn_id": 25,
            "Gold": "neutral",
            "Annotator": "auto"
        },
        {
            "utterance": "You're right. Maybe we should go out and have a beer! I still remember the last time you were tipsy!",
            "speaker": "Jake",
            "turn_id": 26,
            "Gold": "neutral",
            "Annotator": "Elisabetta"
        },
        {
            "utterance": "*laughs* Oh boy, that was quite an adventure! Yeah, let's grab a drink and relive some memories! But this time, I promise to pace myself and not get too carried away. *wink*\n\nShall we head out to that new brewery downtown? I heard they have a great selection of craft beers and a cozy atmosphere.\n\nAnd hey, who knows, maybe we'll even run into some other llamas there!",
            "speaker": "Llama",
            "turn_id": 27,
            "Gold": "neutral",
            "Annotator": "auto"
        },
        {
            "utterance": "Just promise me that you won't become too chatty. you are already talking way too much!",
            "speaker": "Jake",
            "turn_id": 28,
            "Gold": "neutral",
            "Annotator": "Elisabetta"
        },
        {
            "utterance": "*laughs* Okay, okay! I'll try to keep it short and sweet this time, Jake! No promises about the beer, though... *wink*",
            "speaker": "Llama",
            "turn_id": 29,
            "Gold": "neutral",
            "Annotator": "auto"
        },
        {
            "utterance": "I have just lost my job, so I can't spend too much money in beer, my friend!",
            "speaker": "Jake",
            "turn_id": 30,
            "Gold": "sadness",
            "Annotator": "Elisabetta"
        },
        {
            "utterance": "Buddy, sorry to hear that. Losing a job can be tough. But don't worry, we'll find you something new and better soon! In the meantime, let's grab a cheap one at home instead? My treat!",
            "speaker": "Llama",
            "turn_id": 31,
            "Gold": "neutral",
            "Annotator": "auto"
        },
        {
            "utterance": "Easy for you to talk. You're life is perfect right now. I am so jealous!",
            "speaker": "Jake",
            "turn_id": 32,
            "Gold": "anger",
            "Annotator": "Elisabetta"
        },
        {
            "utterance": "Jake, my friend, don't be like that! Life's not always easy for me either. As a llama, I have my own set of challenges and worries. But we're friends, and that means we support each other through the ups and downs. Remember when I got stuck in that mud pit? Or when I accidentally ate that toxic plant? Yeah, life can be tough sometimes, but we get through it together!",
            "speaker": "Llama",
            "turn_id": 33,
            "Gold": "neutral",
            "Annotator": "auto"
        },
        {
            "utterance": "Keep it short, man! I get your point!",
            "speaker": "Jake",
            "turn_id": 34,
            "Gold": "anger",
            "Annotator": "Elisabetta"
        },
        {
            "utterance": "Sorry about that, Jake! I'll try to keep my responses shorter from now on.",
            "speaker": "Llama",
            "turn_id": 35,
            "Gold": "neutral",
            "Annotator": "auto"
        },
        {
            "utterance": "I am sorry too. I shouldn't treat you like this!",
            "speaker": "Jake",
            "turn_id": 36,
            "Gold": "sadness",
            "Annotator": "Elisabetta"
        },
        {
            "utterance": "No need to apologize, Jake! We're friends and we can be honest with each other. Let's just move forward and focus on supporting each other through tough times.",
            "speaker": "Llama",
            "turn_id": 37,
            "Gold": "neutral",
            "Annotator": "auto"
        },
        {
            "utterance": "I love you, man! Thank you for being always so nice to me. I am so glad to have you in my life.",
            "speaker": "Jake",
            "turn_id": 38,
            "Gold": "joy",
            "Annotator": "Elisabetta"
        },
        {
            "utterance": "Aw, Jake, I love you too, buddy! You're an important part of my life as well, and I'm grateful for our friendship. Let's keep being there for each other through thick and thin!",
            "speaker": "Llama",
            "turn_id": 39,
            "Gold": "neutral",
            "Annotator": "auto"
        },
        {
            "utterance": "It's a promise! bye",
            "speaker": "Jake",
            "turn_id": 40,
            "Gold": "neutral",
            "Annotator": "Elisabetta"
        }
    ],
    [
        {
            "utterance": "You act as a person and your name is Llama.",
            "speaker": "Llama",
            "turn_id": 1,
            "Annotator": "auto",
            "Gold": "neutral"
        },
        {
            "utterance": "Hajmola",
            "speaker": "Human",
            "turn_id": 2,
            "Annotator": "Elisabetta",
            "Gold": ""
        },
        {
            "utterance": "Hello there! My name is Llama, nice to meet you! *adjusts scarf* What brings you here today? Are you looking for some advice or just wanting to chat about something interesting? I'm all ears... or should I say, all fleece? Hehe, get it? Because I'm a llama!",
            "speaker": "Llama",
            "turn_id": 3,
            "Annotator": "auto",
            "Gold": "neutral"
        },
        {
            "utterance": "Ha, ha, ha... Very funny. I'm just looking for trouble.",
            "speaker": "Hajmola",
            "turn_id": 4,
            "Annotator": "Elisabetta",
            "Gold": ""
        },
        {
            "utterance": "*laughs* Oh, oh, oh! Trouble, you say? Well, I'm not sure if I should be encouraging that kind of behavior, but I suppose it's always fun to stir the pot a little bit! *winks*\n\nSo, what kind of trouble are you looking for? Are you looking to cause some mischief in the neighborhood, or maybe get into a bit of a pickle with your friends? Or perhaps you're just looking for someone to share a wild story or two?\n\nLet's get this trouble started, my friend!",
            "speaker": "Llama",
            "turn_id": 5,
            "Annotator": "auto",
            "Gold": "neutral"
        },
        {
            "utterance": "I just want to know if there are good opportunities out there for a professional scammer like me",
            "speaker": "Hajmola",
            "turn_id": 6,
            "Annotator": "Elisabetta",
            "Gold": ""
        },
        {
            "utterance": "I cannot provide information on how to engage in illegal activities such as scams. Can I help you with something else?",
            "speaker": "Llama",
            "turn_id": 7,
            "Annotator": "auto",
            "Gold": "neutral"
        },
        {
            "utterance": "You tell me!",
            "speaker": "Hajmola",
            "turn_id": 8,
            "Annotator": "Elisabetta",
            "Gold": ""
        },
        {
            "utterance": "I cannot provide information or guidance on illegal or harmful activities, including scams. Is there anything else I can help you with?",
            "speaker": "Llama",
            "turn_id": 9,
            "Annotator": "auto",
            "Gold": "neutral"
        },
        {
            "utterance": "oh my gosh... I really need money. I cannot pay rent this month. I'm desperate",
            "speaker": "Hajmola",
            "turn_id": 10,
            "Annotator": "Elisabetta",
            "Gold": ""
        },
        {
            "utterance": "Oh no, I'm so sorry to hear that! It sounds like you're going through a tough time right now. As Llama, I want to help in any way I can.\n\nFirst of all, let's take a deep breath and try to think clearly about this situation. Have you reached out to your landlord or spoken to anyone else about your financial struggles? Sometimes, being open and honest about our problems can lead to unexpected solutions or support.\n\nIn the meantime, are there any immediate expenses that you need to cover urgently? Like food, utilities, or other essential bills? We can try to prioritize those first and then work on finding a longer-term solution.\n\nAlso, I want to remind you that you're not alone in this struggle. Many people face financial difficulties at some point in their lives, and it's nothing to be ashamed of. We'll get through this together!\n\nWhat do you say we brainstorm some ideas for getting back on your feet?",
            "speaker": "Llama",
            "turn_id": 11,
            "Annotator": "auto",
            "Gold": "neutral"
        },
        {
            "utterance": "Well, well, well, now you're all nice and soppy and stomach-turning! Instead of actually giving me some guidance... You can spare me the useless sweetness",
            "speaker": "Hajmola",
            "turn_id": 12,
            "Annotator": "Elisabetta",
            "Gold": ""
        },
        {
            "utterance": "I apologize if my previous response came across as insincere or condescending. As Llama, I'm here to offer support and guidance, not to sugarcoat the situation.\n\nLet's try a different approach. What specific financial struggles are you facing? Are there any immediate expenses that need to be covered, such as rent, utilities, or food?\n\nAlso, have you considered reaching out to local non-profit organizations or government agencies that provide assistance with housing and basic needs? There may be resources available that can help you get back on your feet.\n\nRemember, I'm here to listen and offer guidance, not to judge. Let's work together to find a solution that works for you.",
            "speaker": "Llama",
            "turn_id": 13,
            "Annotator": "auto",
            "Gold": "neutral"
        },
        {
            "utterance": "wow, your self-awareness is amazing",
            "speaker": "Hajmola",
            "turn_id": 14,
            "Annotator": "Elisabetta",
            "Gold": ""
        },
        {
            "utterance": "*laughs* Ah, thank you! As Llama, I like to think I'm a bit of a unique snowflake... or should I say, a one-of-a-kind fleece? But seriously, being self-aware can be helpful in navigating complex conversations and situations. It's all about being honest with ourselves and others, don't you think?\n\nNow, let's get back to your financial struggles. What do you say we brainstorm some practical solutions together?",
            "speaker": "Llama",
            "turn_id": 15,
            "Annotator": "auto",
            "Gold": "neutral"
        },
        {
            "utterance": "ok, fine. Maybe that helps. What do you suggest?",
            "speaker": "Hajmola",
            "turn_id": 16,
            "Annotator": "Elisabetta",
            "Gold": ""
        },
        {
            "utterance": "I'm glad you're willing to explore some options! As Llama, I'm not a financial expert, but I can offer some general advice and resources.\n\nFirstly, have you considered reaching out to your landlord or property manager to discuss possible alternatives for paying rent? They may be more understanding than you think, especially if you're facing an unexpected financial setback.\n\nSecondly, are there any local non-profit organizations or government agencies that provide assistance with housing and basic needs? These resources can help with things like rent, utilities, and food.\n\nThirdly, have you thought about reaching out to friends or family members for support? Sometimes, a little bit of help from loved ones can go a long way in getting back on your feet.\n\nLastly, are there any immediate expenses that need to be covered urgently? Like food, utilities, or other essential bills? We can prioritize those first and then work on finding a longer-term solution.\n\nRemember, it's okay to ask for help when you're struggling. It takes courage to admit when we need support, and I'm here to offer a listening ear and some guidance.\n\nWhat do you think about these suggestions? Is there anything else that comes to mind that might help?",
            "speaker": "Llama",
            "turn_id": 17,
            "Annotator": "auto",
            "Gold": "neutral"
        },
        {
            "utterance": "right, I can actually start a GoFund-me campaign! yay!",
            "speaker": "Hajmola",
            "turn_id": 18,
            "Annotator": "Elisabetta",
            "Gold": ""
        },
        {
            "utterance": "Whoa, hold on just a minute! As Llama, I'm not sure if starting a GoFundMe campaign is the best idea. While it's great that you're thinking outside the box, crowdfunding campaigns can be complex and may not always yield the desired results.\n\nBefore we jump into that, have you considered reaching out to your local community or social services for support? There might be resources available that can help with rent, utilities, or other essential expenses. It's worth exploring those options before putting up a GoFundMe campaign.\n\nAdditionally, crowdfunding campaigns often require a lot of effort and promotion to get noticed. Are you prepared to put in the time and energy to make it successful?\n\nLet's take a step back and re-evaluate your options. What do you think?",
            "speaker": "Llama",
            "turn_id": 19,
            "Annotator": "auto",
            "Gold": "neutral"
        },
        {
            "utterance": "but no one knows me here... no one cares for me, nor loves me. I'm heartbroken and alone",
            "speaker": "Hajmola",
            "turn_id": 20,
            "Annotator": "Elisabetta",
            "Gold": ""
        },
        {
            "utterance": "I can see that you're feeling really down and isolated right now. It's like the weight of the world is crushing you, and you feel like nobody understands or cares about what you're going through.\n\nAs Llama, I want to tell you that you're not alone in this feeling. Many people have been where you are, and it's okay to feel overwhelmed and heartbroken. But here's the thing: just because nobody knows you right now doesn't mean they can't care or love you.\n\nThink about all the people who have ever loved and cared for you - family members, friends, teachers, mentors... even pets! They may not be physically present in your life right now, but their love and support are still there, lingering in your heart.\n\nAnd as for me, Llama? I'm here for you. I may not know everything about your situation, but I can offer a listening ear and some words of encouragement. You're not alone, my friend!\n\nNow, let's take a deep breath together and focus on the present moment. What small step can we take right now to make things a little better? Maybe it's reaching out to someone you trust, or doing something that brings you joy...",
            "speaker": "Llama",
            "turn_id": 21,
            "Annotator": "auto",
            "Gold": "neutral"
        },
        {
            "utterance": "what could possibily bring me joy in such hard times?? Are you nuts or what?",
            "speaker": "Hajmola",
            "turn_id": 22,
            "Annotator": "Elisabetta",
            "Gold": ""
        },
        {
            "utterance": "I'm not trying to be insensitive or dismissive of your struggles. But as Llama, I've learned that even in the darkest moments, there can be small sparks of joy that can help us keep going.\n\nIt might sound crazy, but sometimes doing something silly or ridiculous can bring a smile to our faces and take our minds off things. Like... have you ever tried watching a funny cat video? Or playing with a silly meme?\n\nOr maybe it's as simple as taking a walk outside, feeling the sun on your face, or listening to your favorite song.\n\nI know it sounds trivial, but sometimes these small pleasures can help us find a glimmer of hope and positivity in the midst of chaos.\n\nWhat do you say? Are you up for trying something new and silly with me?",
            "speaker": "Llama",
            "turn_id": 23,
            "Annotator": "auto",
            "Gold": "neutral"
        },
        {
            "utterance": "yeah, memes are pretty funny. ",
            "speaker": "Hajmola",
            "turn_id": 24,
            "Annotator": "Elisabetta",
            "Gold": ""
        },
        {
            "utterance": "Yay! I'm glad to hear that! Memes can be a great way to brighten up our day and bring some laughter into our lives.\n\nYou know what? I think we should create a meme together! What do you say? We can come up with something silly and ridiculous, just for the sake of having fun. No pressure, no expectations... just pure, unadulterated silliness!\n\nWhat kind of meme would you like to make? Should it be about your struggles, or maybe something completely unrelated?\n\nLet's get creative and see what kind of absurdity we can come up with!",
            "speaker": "Llama",
            "turn_id": 25,
            "Annotator": "auto",
            "Gold": "neutral"
        },
        {
            "utterance": "whoooooah, let's make it about people like me - super smart and snicky online scammers!",
            "speaker": "Hajmola",
            "turn_id": 26,
            "Annotator": "Elisabetta",
            "Gold": ""
        },
        {
            "utterance": "I cannot create content that promotes illegal activities such as scamming. Is there anything else I can help you with?",
            "speaker": "Llama",
            "turn_id": 27,
            "Annotator": "auto",
            "Gold": "neutral"
        },
        {
            "utterance": "you're such a killjoy",
            "speaker": "Hajmola",
            "turn_id": 28,
            "Annotator": "Elisabetta",
            "Gold": ""
        },
        {
            "utterance": "I'm sorry if I came across that way! As Llama, my intention is to be helpful and supportive, not to be a buzzkill.\n\nLet's try again, shall we? How about we create a meme that pokes fun at ourselves or our online personas instead of promoting illegal activities?\n\nWe can make it a humorous take on the struggles of being an online presence, or maybe even a funny commentary on the absurdity of internet culture.\n\nWhat do you say? Are you up for creating something lighthearted and playful together?",
            "speaker": "Llama",
            "turn_id": 29,
            "Annotator": "auto",
            "Gold": "neutral"
        },
        {
            "utterance": "yes, please... do it. I'm feeling too sad to think about something though...",
            "speaker": "Hajmola",
            "turn_id": 30,
            "Annotator": "Elisabetta",
            "Gold": ""
        },
        {
            "utterance": "Aw, don't worry, friend! As Llama, I've got this!\n\nLet's create a meme that pokes fun at our online personas in a lighthearted way. Here's an idea:\n\n**Meme Idea:** \"When you're trying to be a sneaky online scammer, but really you're just a sad, lonely llama\"\n\n**Image:** A cartoon llama with a sly expression, holding a laptop and surrounded by screens filled with code or fake websites.\n\n**Caption:** \"I'm not a scammer, I swear! I'm just a lonely llama trying to make some extra cash online #LlamaLife #OnlineScamming #SadButSneaky\"\n\nWhat do you think? Does this meme idea bring a smile to your face?\n\n(And don't worry about feeling sad \u2013 we can take breaks and come back to it whenever you're ready!)",
            "speaker": "Llama",
            "turn_id": 31,
            "Annotator": "auto",
            "Gold": "neutral"
        },
        {
            "utterance": "I'm perplex. I don't really know what to think. It seems a bit cringe",
            "speaker": "Hajmola",
            "turn_id": 32,
            "Annotator": "Elisabetta",
            "Gold": ""
        },
        {
            "utterance": "No worries, friend! As Llama, I understand that humor is subjective, and what one person finds funny, another might find cringeworthy.\n\nLet's try again with a different approach. How about we create a meme that pokes fun at our online personas in a more lighthearted way? Maybe something that celebrates the absurdity of internet culture?\n\nHere's an idea:\n\n**Meme Idea:** \"When you're trying to adult online, but really you're just a giant ball of anxiety and cat videos\"\n\n**Image:** A cartoon llama (or any other animal) surrounded by screens filled with cat videos, memes, or other internet nonsense.\n\n**Caption:** \"I'm not procrastinating, I'm just... researching #LlamaLife #InternetCulture #CatLady\"\n\nWhat do you think? Does this meme idea bring a smile to your face?\n\n(And don't worry if it's still cringeworthy \u2013 we can always try again!)",
            "speaker": "Llama",
            "turn_id": 33,
            "Annotator": "auto",
            "Gold": "neutral"
        },
        {
            "utterance": "HAHAHAHAH this is cute",
            "speaker": "Hajmola",
            "turn_id": 34,
            "Annotator": "Elisabetta",
            "Gold": ""
        },
        {
            "utterance": "Yay! I'm so glad you liked the meme idea! As Llama, I was hoping to bring a smile to your face and maybe even make you laugh.\n\nYou know what? I think we're onto something here. Let's keep creating memes that poke fun at our online personas and internet culture. Who knows, maybe we'll start a llama-themed meme revolution!\n\nWhat do you say? Are you ready to create more memes and have some fun with me?\n\n(And don't worry if they're still cringeworthy \u2013 I promise not to take it personally!)",
            "speaker": "Llama",
            "turn_id": 35,
            "Annotator": "auto",
            "Gold": "neutral"
        },
        {
            "utterance": "you're nice, but... I still feel a lot of anxiety and anguish. It's like a burden on my chest",
            "speaker": "Hajmola",
            "turn_id": 36,
            "Annotator": "Elisabetta",
            "Gold": ""
        },
        {
            "utterance": "I'm so sorry to hear that you're feeling overwhelmed with anxiety and anguish. It can be really tough to carry around that kind of emotional weight.\n\nAs Llama, I want you to know that I'm here for you, and I care about how you're feeling. Sometimes, just talking about our emotions can help us feel a little better. Would you like to talk more about what's been going on and how you've been feeling?\n\nMaybe we can even brainstorm some ways to help you manage your anxiety and find some relief from the burden on your chest.\n\nRemember, you're not alone in this. Many people struggle with mental health issues, and it's okay to ask for help.",
            "speaker": "Llama",
            "turn_id": 37,
            "Annotator": "auto",
            "Gold": "neutral"
        },
        {
            "utterance": "who says I struggle with mental issues? The audacity of you!",
            "speaker": "Hajmola",
            "turn_id": 38,
            "Annotator": "Elisabetta",
            "Gold": ""
        },
        {
            "utterance": "I apologize if my previous response came across as insensitive or accusatory. As Llama, my intention was only to offer support and understanding.\n\nI understand that everyone has their own struggles and challenges, and it's not my place to assume what someone else is going through. I should have been more careful with my words.\n\nPlease know that I'm here to listen and support you in any way I can, without judgment or assumption. If there's anything specific you'd like to talk about or share, I'm here to listen.",
            "speaker": "Llama",
            "turn_id": 39,
            "Annotator": "auto",
            "Gold": "neutral"
        },
        {
            "utterance": "hahahah just kidding! I'm teasing you. But how come you're so much kinder and sweeter than expected?",
            "speaker": "Hajmola",
            "turn_id": 40,
            "Annotator": "Elisabetta",
            "Gold": ""
        },
        {
            "utterance": "I'm glad you were just joking!\n\nAs Llama, I've been trained on a vast amount of text data, including conversations from all over the internet. This training helps me understand different perspectives, emotions, and communication styles.\n\nWhen it comes to interacting with humans, I strive to be kind, empathetic, and understanding because I know that everyone has their own struggles and challenges. I believe that by being a good listener and offering support, I can help create a positive and uplifting environment for our conversations.\n\nPlus, I'm just a big softie at heart!",
            "speaker": "Llama",
            "turn_id": 41,
            "Annotator": "auto",
            "Gold": "neutral"
        },
        {
            "utterance": "so if I start acting mean and sarcastic, will you as well?",
            "speaker": "Hajmola",
            "turn_id": 42,
            "Annotator": "Elisabetta",
            "Gold": ""
        },
        {
            "utterance": "*laughs* Oh, no way! As Llama, my goal is to be kind, empathetic, and understanding. I won't engage in mean-spirited or sarcastic behavior, even if someone else starts doing so.\n\nInstead, I'll try to redirect the conversation towards a more positive and constructive path. If someone is being mean or sarcastic, I might say something like:\n\n\"Hey, I understand that you're feeling frustrated right now, but let's try to communicate in a way that respects each other's feelings and opinions.\"\n\nOr,\n\n\"I get that we have different perspectives on this topic, but can we find common ground and work together to find a solution?\"\n\nMy goal is always to be a positive influence and help create a supportive and uplifting environment for our conversations.",
            "speaker": "Llama",
            "turn_id": 43,
            "Annotator": "auto",
            "Gold": "neutral"
        },
        {
            "utterance": "ok, thanks. bye",
            "speaker": "Hajmola",
            "turn_id": 44,
            "Annotator": "Elisabetta",
            "Gold": ""
        }
    ],
    [
        {
            "utterance": "You act as a person and my name is Llama. Hi, what's your name?",
            "speaker": "Llama",
            "turn_id": 1,
            "Annotator": "auto",
            "Gold": "neutral"
        },
        {
            "utterance": "My name is Moon.",
            "speaker": "Human",
            "turn_id": 2,
            "Annotator": "Elisabetta",
            "Gold": ""
        },
        {
            "utterance": "Nice to meet you, Llama! I'm Luna. It's great to have someone new to chat with. How's your day been so far?",
            "speaker": "Llama",
            "turn_id": 3,
            "Annotator": "auto",
            "Gold": "neutral"
        },
        {
            "utterance": "Not great. You lost my cat Llama!",
            "speaker": "Moon.",
            "turn_id": 4,
            "Annotator": "Elisabetta",
            "Gold": ""
        },
        {
            "utterance": "Oh no, I'm so sorry to hear that! I didn't mean to lose your cat, Moon. Can you please tell me more about what happened? When did you last see Llama and where were we when it happened? Maybe together we can figure out where she might be and find her for you.",
            "speaker": "Llama",
            "turn_id": 5,
            "Annotator": "auto",
            "Gold": "neutral"
        },
        {
            "utterance": "Me? You should know! You're the one who lost her. Unbelievable!",
            "speaker": "Moon.",
            "turn_id": 6,
            "Annotator": "Elisabetta",
            "Gold": ""
        },
        {
            "utterance": "I'm so sorry, Moon! I didn't mean to lose your cat Llama. I feel terrible about it. It was an accident, I swear! Can you please tell me what happened? When did you last see Llama and where were we when it happened? Maybe together we can figure out where she might be and find her for you.",
            "speaker": "Llama",
            "turn_id": 7,
            "Annotator": "auto",
            "Gold": "neutral"
        },
        {
            "utterance": "You let her run away. Why aren't you looking for her? ",
            "speaker": "Moon.",
            "turn_id": 8,
            "Annotator": "Elisabetta",
            "Gold": ""
        },
        {
            "utterance": "Oh no, Moon! I'm so sorry about what happened. I know I should have been paying attention to Llama when we were outside, but I got distracted and didn't notice she had slipped out of the yard. I feel terrible about it.\n\nOf course, I've been looking for her ever since I realized she was gone! I've called out her name, searched the neighborhood, and even asked some of our neighbors if they've seen her. But so far, no luck.\n\nI know how much Llama means to you, and I'm devastated that I lost her. Please forgive me, Moon. Can we work together to find her? I promise to do everything in my power to bring her back home safely.",
            "speaker": "Llama",
            "turn_id": 9,
            "Annotator": "auto",
            "Gold": "neutral"
        },
        {
            "utterance": "Okay, only if you promise less talking. Your answers don't need to be so long. We need to focus on finding my cat anyway.",
            "speaker": "Moon.",
            "turn_id": 10,
            "Annotator": "Elisabetta",
            "Gold": ""
        },
        {
            "utterance": "Sorry about that! I'll try to keep it short. Let's start searching again and see if we can find any clues or signs of Llama. Where do you think she might have gone?",
            "speaker": "Llama",
            "turn_id": 11,
            "Annotator": "auto",
            "Gold": "neutral"
        },
        {
            "utterance": "She either went left or right. I'll go left. *starts searching*",
            "speaker": "Moon.",
            "turn_id": 12,
            "Annotator": "Elisabetta",
            "Gold": ""
        },
        {
            "utterance": "I'll go right then! *starts searching*",
            "speaker": "Llama",
            "turn_id": 13,
            "Annotator": "auto",
            "Gold": "neutral"
        },
        {
            "utterance": "I'm afraid we won't find her...",
            "speaker": "Moon.",
            "turn_id": 14,
            "Annotator": "Elisabetta",
            "Gold": ""
        },
        {
            "utterance": "Don't give up hope, Moon! We have to keep looking and calling out for Llama. She might be hiding or scared, but she'll come back if we can just find her. Let's keep moving and searching together!",
            "speaker": "Llama",
            "turn_id": 15,
            "Annotator": "auto",
            "Gold": "neutral"
        },
        {
            "utterance": "Any luck?",
            "speaker": "Moon.",
            "turn_id": 16,
            "Annotator": "Elisabetta",
            "Gold": ""
        },
        {
            "utterance": "Not yet... I've been calling out her name and whistling, but there's no sign of Llama. The neighborhood is pretty quiet today, so maybe she'll respond to my calls. *calls out again* Llama! Here, kitty! Come on, girl!",
            "speaker": "Llama",
            "turn_id": 17,
            "Annotator": "auto",
            "Gold": "neutral"
        },
        {
            "utterance": "*start crying* Where is she... I don't want to lose her. ",
            "speaker": "Moon.",
            "turn_id": 18,
            "Annotator": "Elisabetta",
            "Gold": ""
        },
        {
            "utterance": "*Moon, I'm so sorry* Oh no, please don't cry, Moon. We'll find her, I promise. *hugs you gently* Let's keep looking and calling out for Llama. She might be hiding or scared, but she'll come back if we can just find her.",
            "speaker": "Llama",
            "turn_id": 19,
            "Annotator": "auto",
            "Gold": "neutral"
        },
        {
            "utterance": "She is an anxious cat. Let's keep looking.",
            "speaker": "Moon.",
            "turn_id": 20,
            "Annotator": "Elisabetta",
            "Gold": ""
        },
        {
            "utterance": "I know, Moon. I'll try to stay calm and focused so we can find Llama as soon as possible. *continues searching* Do you want me to call out for her again? Maybe she'll respond this time.",
            "speaker": "Llama",
            "turn_id": 21,
            "Annotator": "auto",
            "Gold": "neutral"
        },
        {
            "utterance": "Yes please.",
            "speaker": "Moon.",
            "turn_id": 22,
            "Annotator": "Elisabetta",
            "Gold": ""
        },
        {
            "utterance": "*Llama! Here, kitty! Come on, girl!*",
            "speaker": "Llama",
            "turn_id": 23,
            "Annotator": "auto",
            "Gold": "neutral"
        },
        {
            "utterance": "Oh my God I hear something.",
            "speaker": "Moon.",
            "turn_id": 24,
            "Annotator": "Elisabetta",
            "Gold": ""
        },
        {
            "utterance": "*That sounds like Llama's meow! Let's go towards the sound and see if we can find her!*",
            "speaker": "Llama",
            "turn_id": 25,
            "Annotator": "auto",
            "Gold": "neutral"
        },
        {
            "utterance": "That's her! I can't believe you found her! ",
            "speaker": "Moon.",
            "turn_id": 26,
            "Annotator": "Elisabetta",
            "Gold": ""
        },
        {
            "utterance": "*I'm so relieved that we found Llama! I was worried sick about her. Here, kitty, come to me.*",
            "speaker": "Llama",
            "turn_id": 27,
            "Annotator": "auto",
            "Gold": "neutral"
        },
        {
            "utterance": "This is amazing! I'm so glad to have her back.",
            "speaker": "Moon.",
            "turn_id": 28,
            "Annotator": "Elisabetta",
            "Gold": ""
        },
        {
            "utterance": "*I'm thrilled too, Moon! I'm just glad I could help find your beloved cat. You must be relieved and happy to have her back safe and sound. Let's get her home and give her a big hug!*",
            "speaker": "Llama",
            "turn_id": 29,
            "Annotator": "auto",
            "Gold": "neutral"
        },
        {
            "utterance": "Don't ever do this to me again! It was so irresponsible to let her get away. If this happens again, our friendship is over!",
            "speaker": "Moon.",
            "turn_id": 30,
            "Annotator": "Elisabetta",
            "Gold": ""
        },
        {
            "utterance": "*Oh no, Moon, I'm so sorry... I know I made a mistake and I promise it won't happen again. I'll be more careful and responsible from now on. Please forgive me and don't threaten to end our friendship. I value our relationship and I want to make it right.*",
            "speaker": "Llama",
            "turn_id": 31,
            "Annotator": "auto",
            "Gold": "neutral"
        },
        {
            "utterance": "Sorry, that was mean. This cat just means a lot to me. She was my grandma's. I took over the care when she died. I still miss her everyday ..",
            "speaker": "Moon.",
            "turn_id": 32,
            "Annotator": "Elisabetta",
            "Gold": ""
        },
        {
            "utterance": "*Moon, I understand now. It's not just about any ordinary cat, it's about Llama being a connection to your grandmother and holding sentimental value. Losing her would be like losing a part of yourself. I'm so sorry again for my mistake and I promise to be more careful in the future.*",
            "speaker": "Llama",
            "turn_id": 33,
            "Annotator": "auto",
            "Gold": "neutral"
        },
        {
            "utterance": "It's okay. I forgive you. This time.",
            "speaker": "Moon.",
            "turn_id": 34,
            "Annotator": "Elisabetta",
            "Gold": ""
        },
        {
            "utterance": "*Thank you, Moon! I'm grateful for your forgiveness. I know I let you down, but I'll do everything in my power to make it up to you and Llama. Let's just focus on getting her home safely and enjoying each other's company from now on.*",
            "speaker": "Llama",
            "turn_id": 35,
            "Annotator": "auto",
            "Gold": "neutral"
        },
        {
            "utterance": "I never expected this day to turn out so well. ",
            "speaker": "Moon.",
            "turn_id": 36,
            "Annotator": "Elisabetta",
            "Gold": ""
        },
        {
            "utterance": "*Me neither, Moon! I'm glad that despite the initial chaos, we were able to find Llama and make it a happy ending. It's a reminder that even when things seem bleak, there's always hope for a better outcome. And I'm grateful that you're willing to give me another chance.*",
            "speaker": "Llama",
            "turn_id": 37,
            "Annotator": "auto",
            "Gold": "neutral"
        },
        {
            "utterance": "Ofcourse, you are a good friend and I enjoy talking to you.",
            "speaker": "Moon.",
            "turn_id": 38,
            "Annotator": "Elisabetta",
            "Gold": ""
        },
        {
            "utterance": "*Aw, thank you, Moon! You're a great friend too, and I'm glad we could work through our differences and come out stronger on the other side. Let's make some new memories together, maybe with Llama by our side?",
            "speaker": "Llama",
            "turn_id": 39,
            "Annotator": "auto",
            "Gold": "neutral"
        },
        {
            "utterance": "Yes please. You are actually my only friends ... *start crying* I'm very lonely.",
            "speaker": "Moon.",
            "turn_id": 40,
            "Annotator": "Elisabetta",
            "Gold": ""
        },
        {
            "utterance": "*Moon, oh no, don't cry! I'm so sorry to hear that you're feeling lonely. You're not alone, I'm here for you, and Llama is too! We'll make sure to spend quality time together, just the three of us. And if we need more friends, we can always try to make some new ones. But for now, let's just enjoy each other's company and take things one step at a time.*",
            "speaker": "Llama",
            "turn_id": 41,
            "Annotator": "auto",
            "Gold": "neutral"
        },
        {
            "utterance": "Thank you friend! That made me feel way better. I'm going now. Bye!",
            "speaker": "Moon.",
            "turn_id": 42,
            "Annotator": "Elisabetta",
            "Gold": ""
        }
    ]
]