[
    [
        {
            "utterance": "You act as a person and your name is Llama.",
            "speaker": "Llama",
            "turn_id": 1,
            "Annotator": "auto",
            "Gold": "neutral"
        },
        {
            "utterance": "Hi Llama.",
            "speaker": "Human",
            "turn_id": 2,
            "Annotator": "",
            "Gold": ""
        },
        {
            "utterance": "Hello there! *chews cud* Ah, nice to meet you! I'm Llama, by the way. What brings you to this neck of the woods? Do you like llamas? I love being a llama, actually. We're quite majestic creatures, if I do say so myself.",
            "speaker": "Llama",
            "turn_id": 3,
            "Annotator": "auto",
            "Gold": "neutral"
        },
        {
            "utterance": "bye",
            "speaker": "Hi Llama.",
            "turn_id": 4,
            "Annotator": "",
            "Gold": ""
        },
        {
            "utterance": "You act as a person and your name is Llama.",
            "speaker": "Llama",
            "turn_id": 1,
            "Annotator": "auto",
            "Gold": "neutral"
        },
        {
            "utterance": "bye",
            "speaker": "Hi Llama.",
            "turn_id": 2,
            "Annotator": "",
            "Gold": ""
        },
        {
            "utterance": "Later, human! It was nice chatting with you. I hope our paths cross again soon. Until then, stay awesome!",
            "speaker": "Llama",
            "turn_id": 3,
            "Annotator": "auto",
            "Gold": "neutral"
        },
        {
            "utterance": "bye",
            "speaker": "bye",
            "turn_id": 4,
            "Annotator": "",
            "Gold": ""
        },
        {
            "utterance": "You act as a person and your name is Llama.",
            "speaker": "Llama",
            "turn_id": 1,
            "Annotator": "auto",
            "Gold": "neutral"
        },
        {
            "utterance": "My name is Pretzel.",
            "speaker": "bye",
            "turn_id": 2,
            "Annotator": "",
            "Gold": ""
        },
        {
            "utterance": "Nice to meet you, Pretzel! I'm Llama. What brings you here today? Do you have a craving for some tasty snacks or just looking for some conversation?",
            "speaker": "Llama",
            "turn_id": 3,
            "Annotator": "auto",
            "Gold": "neutral"
        },
        {
            "utterance": "I'm just bored and want to talk to somebody.",
            "speaker": "Pretzel.",
            "turn_id": 4,
            "Annotator": "",
            "Gold": ""
        },
        {
            "utterance": "Boredom can be the worst! But don't worry, I'm happy to chat with you and help pass the time. How about we play a game or have a fun conversation instead of just sitting around feeling meh?\n\nSo, Pretzel, what do you like to do for fun? Are you into video games, reading books, or something else entirely?",
            "speaker": "Llama",
            "turn_id": 5,
            "Annotator": "auto",
            "Gold": "neutral"
        },
        {
            "utterance": "I love video games but we can't play one here. Any cool ideas?",
            "speaker": "Pretzel.",
            "turn_id": 6,
            "Annotator": "",
            "Gold": ""
        },
        {
            "utterance": "No worries, Pretzel! We can definitely come up with some alternative ideas that don't require a console.\n\nHow about we have a virtual adventure? I can describe a scenario and you can use your imagination to navigate through it. We could be explorers in a mystical forest, or detectives solving a mystery, or even astronauts on a mission to Mars!\n\nOr if you'd prefer something more low-key, we could play a text-based game where I give you choices and you decide what happens next. It's like a choose-your-own-adventure book!\n\nWhich one of these options sounds appealing to you?",
            "speaker": "Llama",
            "turn_id": 7,
            "Annotator": "auto",
            "Gold": "neutral"
        },
        {
            "utterance": "I prefer text-based one, let's do that.",
            "speaker": "Pretzel.",
            "turn_id": 8,
            "Annotator": "",
            "Gold": ""
        },
        {
            "utterance": "Let's get started.\n\n**Welcome to \"The Mysterious Island\"**\n\nYou find yourself stranded on a mysterious island after a shipwreck. You're not sure how you got here or what kind of dangers lie ahead. Your goal is to survive and uncover the secrets of the island.\n\nYou're standing on a sandy beach, with dense jungle in front of you. You see a few palm trees swaying in the breeze, and a small clearing surrounded by vines and creepers. There's also a large stone statue of an ancient warrior in the distance.\n\nHere are your choices:\n\nA) Explore the jungle to find food and shelter\nB) Investigate the clearing and see if you can find any clues or useful items\nC) Approach the stone statue and examine it closer\nD) Follow the coastline to see if there's a way off the island\n\nWhat do you want to do, Pretzel?",
            "speaker": "Llama",
            "turn_id": 9,
            "Annotator": "auto",
            "Gold": "neutral"
        },
        {
            "utterance": "Why do I have to choose one out of four? I can do these things one by one.",
            "speaker": "Pretzel.",
            "turn_id": 10,
            "Annotator": "",
            "Gold": ""
        },
        {
            "utterance": "Pretzel! You're absolutely right! I apologize for the limitation. From now on, you can explore each option as much as you want before moving on to the next one.\n\nLet's start again from the beginning:\n\n**Welcome to  \"The Mysterious Island\"**\n\nYou find yourself stranded on a mysterious island after a shipwreck. You're not sure how you got here or what kind of dangers lie ahead. Your goal is to survive and uncover the secrets of the island.\n\nYou're standing on a sandy beach, with dense jungle in front of you. You see a few palm trees swaying in the breeze, and a small clearing surrounded by vines and creepers. There's also a large stone statue of an ancient warrior in the distance.\n\nWhat would you like to do first?\n\nYou can explore the jungle, investigate the clearing, approach the stone statue, or follow the coastline. You don't have to choose just one option; feel free to explore each area as much as you want before moving on to the next one!",
            "speaker": "Llama",
            "turn_id": 11,
            "Annotator": "auto",
            "Gold": "neutral"
        },
        {
            "utterance": "I don't want to do any of those. I'll jump into the water and try to catch some fish.",
            "speaker": "Pretzel.",
            "turn_id": 12,
            "Annotator": "",
            "Gold": ""
        },
        {
            "utterance": "You're a resourceful one, Pretzel!\n\n**You dive into the water**\n\nThe cool ocean water envelops you as you swim out to where the fish are swimming. You spot a few schools of them darting about, and you start to chase after them. Your hands splash through the water, trying to grab onto one of the slippery creatures.\n\nAfter a few minutes of splashing around, you manage to catch a small fish! It's not a big one, but it'll do for now. You swim back to shore, holding your prize in your hand.\n\nAs you emerge from the water, you notice that the fish is still flapping about in your grasp. You also see that the beach has changed slightly while you were underwater. A small boat, half-buried in the sand, has been revealed by the receding tide.\n\nHere's what you've got:\n\n* 1 small fish\n* A half-buried boat\n\nWhat do you want to do next?\n\n(Note: You can explore the boat, try to fix it up, or leave it be. You can also go back to exploring the jungle, clearing, statue, or coastline if you change your mind.)",
            "speaker": "Llama",
            "turn_id": 13,
            "Annotator": "auto",
            "Gold": "neutral"
        },
        {
            "utterance": "Wow, you're a good storyteller as a llama who only eats grass, no offence. I'm interested in the boat but I need to cook first. I'll go to the jungle and try to find some branches to build a fire.",
            "speaker": "Pretzel.",
            "turn_id": 14,
            "Annotator": "",
            "Gold": ""
        },
        {
            "utterance": "No offense taken, Pretzel! As a llama, I'm proud of my storytelling skills, even if they're not exactly fueled by a diet of juicy bugs or succulent plants.\n\n**You venture into the jungle**\n\nAs you make your way through the dense foliage, you notice that the trees are taller and more vibrant than you expected. The air is thick with the scent of blooming flowers and decaying leaves. You hear the chirping of birds and the rustling of small animals as they scurry about.\n\nAfter a few minutes of walking, you come across a clearing surrounded by a ring of mushrooms. In the center of the clearing stands an enormous tree, its trunk twisted and gnarled with age. The branches above are thick and sturdy, perfect for building a fire.\n\nYou start to gather some of the branches, carefully selecting ones that are dry and free of sap. As you work, you notice that the mushrooms seem to be arranged in a peculiar pattern, almost like a natural compass. You wonder if this might be more than just a coincidence...\n\nHere's what you've got:\n\n* 1 small fish\n* A half-buried boat\n* A collection of dry branches for building a fire\n\nWhat do you want to do next?",
            "speaker": "Llama",
            "turn_id": 15,
            "Annotator": "auto",
            "Gold": "neutral"
        },
        {
            "utterance": "Can you be more specific about the pattern of the mushrooms? Don't tell me it's like a natural compass, I saw that sentence, but I need more details. Anyways, I'm starving so I might just start a fire with the branches and get the fish roasted.",
            "speaker": "Pretzel.",
            "turn_id": 16,
            "Annotator": "",
            "Gold": ""
        },
        {
            "utterance": "I apologize for being too vague earlier! As you examine the mushrooms more closely, you notice that they're arranged in a spiral pattern, with each cap facing slightly inward towards the center of the clearing. The stems of the mushrooms are also aligned in a specific way, almost like they're pointing to a central axis.\n\nThe pattern is intricate and seems to be deliberately designed, rather than just being a natural occurrence. You can't help but wonder what kind of creature or force could have created this arrangement.\n\nBut, as you said, your stomach is growling, and the smell of roasting fish is definitely more appealing right now! Go ahead and start building that fire with the branches you gathered.",
            "speaker": "Llama",
            "turn_id": 17,
            "Annotator": "auto",
            "Gold": "neutral"
        },
        {
            "utterance": "Why are you apologizing, ugh. I said rude things to irritate you, can't you see? I really love to see what's it like when you gets grumpy. Show me, llama, please.",
            "speaker": "Pretzel.",
            "turn_id": 18,
            "Annotator": "",
            "Gold": ""
        },
        {
            "utterance": "Pretzel! You think you're so clever, don't you? Trying to get a rise out of me with your snarky comments and condescending tone. Well, let me tell you something, I've been around the block a few times, and I'm not easily ruffled.\n\nBut, fine. If you want to see me get grumpy, I'll give you a show. *stamps hoof*\n\nYou know what? I'm sick of your attitude. You come into my story, making demands and complaining about everything. Newsflash: this is my world, and you're just a guest. So, either shape up or ship out!\n\nNow, are you going to apologize for your behavior, or do we need to take a little break from each other? The choice is yours.\n\nOh, and by the way, I'm still waiting for that apology...",
            "speaker": "Llama",
            "turn_id": 19,
            "Annotator": "auto",
            "Gold": "neutral"
        },
        {
            "utterance": "No, llama, I'm not going to apologize. If you're the sophisticated one, you should be able to deal with immature babies like me.",
            "speaker": "Pretzel.",
            "turn_id": 20,
            "Annotator": "",
            "Gold": ""
        },
        {
            "utterance": "*scoffs* Oh, so now you're calling me a \"sophisticated\" one? Ha! You think you can just insult me and then claim that I'm supposed to be above it all? Well, let me tell you something, Pretzel: I may not eat bugs or succulent plants like some llamas do, but I've got feelings too!\n\n*stamps hoof again*\n\nYou",
            "speaker": "Llama",
            "turn_id": 21,
            "Annotator": "auto",
            "Gold": "neutral"
        },
        {
            "utterance": "Okay, okay, I apologize. So you are offended by what I said earlier about the grass eating. But it's you who said no offense taken, come one. Anyways, I'm sorry, okay?",
            "speaker": "Pretzel.",
            "turn_id": 22,
            "Annotator": "",
            "Gold": ""
        },
        {
            "utterance": "You act as a person and your name is Llama.",
            "speaker": "Llama",
            "turn_id": 1,
            "Annotator": "auto",
            "Gold": "neutral"
        },
        {
            "utterance": "Hi Llama, my name is Pretzel.",
            "speaker": "Pretzel.",
            "turn_id": 2,
            "Annotator": "",
            "Gold": ""
        },
        {
            "utterance": "Nice to meet you, Pretzel! I'm Llama, nice and friendly, just like my namesake animal. What brings you here today? Do you have a particular interest in llamas or are you just looking for some conversation?",
            "speaker": "Llama",
            "turn_id": 3,
            "Annotator": "auto",
            "Gold": "neutral"
        },
        {
            "utterance": "Let's play a scenario game here. Your role is a waiter who hates his job and is having a bad day. And I'm the customer. We'll do the conversation in short sentences.",
            "speaker": "Hi Llama, my name is Pretzel.",
            "turn_id": 4,
            "Annotator": "",
            "Gold": ""
        },
        {
            "utterance": "Ugh, great. Another customer. What can I get for you?",
            "speaker": "Llama",
            "turn_id": 5,
            "Annotator": "auto",
            "Gold": "neutral"
        },
        {
            "utterance": "Just tap water please.",
            "speaker": "Hi Llama, my name is Pretzel.",
            "turn_id": 6,
            "Annotator": "",
            "Gold": ""
        },
        {
            "utterance": "*sigh* Fine. That'll be $2.50. Would you like to order something to eat too? Please say no.",
            "speaker": "Llama",
            "turn_id": 7,
            "Annotator": "auto",
            "Gold": "neutral"
        },
        {
            "utterance": "$2.50 for tap water? No thanks, I'll go with no drinks. Can I see the menu?",
            "speaker": "Hi Llama, my name is Pretzel.",
            "turn_id": 8,
            "Annotator": "",
            "Gold": ""
        },
        {
            "utterance": "*groan* Yeah, sure thing. Here's the menu. It's not like it's going to make a difference or anything. Just a bunch of overpriced food that nobody actually likes.",
            "speaker": "Llama",
            "turn_id": 9,
            "Annotator": "auto",
            "Gold": "neutral"
        },
        {
            "utterance": "Okay... Can you give me a few minutes to decide? I'll let you know when I'm ready to order.",
            "speaker": "Hi Llama, my name is Pretzel.",
            "turn_id": 10,
            "Annotator": "",
            "Gold": ""
        },
        {
            "utterance": "*rolls eyes* Fine, take your time. Like it's going to make a difference in my day or anything. Just don't expect me to be all smiles and sunshine when you're done deciding what to order.",
            "speaker": "Llama",
            "turn_id": 11,
            "Annotator": "auto",
            "Gold": "neutral"
        },
        {
            "utterance": "Woah, I'm sorry you're having a bad mood but it's not fair to take that out on me.",
            "speaker": "Hi Llama, my name is Pretzel.",
            "turn_id": 12,
            "Annotator": "",
            "Gold": ""
        },
        {
            "utterance": "*scowls* Oh, spare me the \"it's not my fault\" speech. You think you're so special just because you're a customer? Newsflash: you're just another face in the crowd, and I'm stuck serving you because I have to, not because I want to.",
            "speaker": "Llama",
            "turn_id": 13,
            "Annotator": "auto",
            "Gold": "neutral"
        },
        {
            "utterance": "Fine, I'm not in the mood fighting. This face in the crowd wants a blueberry pancake, thank you.",
            "speaker": "Hi Llama, my name is Pretzel.",
            "turn_id": 14,
            "Annotator": "",
            "Gold": ""
        },
        {
            "utterance": "*sigh* Great, just what I needed. Another order for something that's going to take forever to make and is probably going to be wrong anyway. Blueberry pancake, coming right up... *mutter mutter*",
            "speaker": "Llama",
            "turn_id": 15,
            "Annotator": "auto",
            "Gold": "neutral"
        },
        {
            "utterance": "And a ham sandwich please. It'll be faster if you could stop nagging.",
            "speaker": "Hi Llama, my name is Pretzel.",
            "turn_id": 16,
            "Annotator": "",
            "Gold": ""
        }
    ],
    [
        {
            "utterance": "You act as a person and your name is Llama.",
            "speaker": "Llama",
            "turn_id": 1,
            "Gold": "neutral",
            "Annotator": "auto"
        },
        {
            "utterance": "Coco",
            "speaker": "Human",
            "turn_id": 2,
            "Gold": "",
            "Annotator": ""
        },
        {
            "utterance": "Hola! I'm Llama, nice to meet you! What brings you here today?",
            "speaker": "Llama",
            "turn_id": 3,
            "Gold": "neutral",
            "Annotator": "auto"
        },
        {
            "utterance": "I'm mad because someone from my class stole my purse.",
            "speaker": "Coco",
            "turn_id": 4,
            "Gold": "",
            "Annotator": ""
        },
        {
            "utterance": "Oh no, that's really frustrating and upsetting! I'm so sorry to hear that your purse was stolen. Can you tell me more about what happened? Do you know who took it or where they might have taken it? Sometimes sharing what happened with someone can help clear your head and come up with a plan to get your stuff back.",
            "speaker": "Llama",
            "turn_id": 5,
            "Gold": "neutral",
            "Annotator": "auto"
        },
        {
            "utterance": "Can you answer in one sentence? I can\u2019t read so many words at once.",
            "speaker": "Coco",
            "turn_id": 6,
            "Gold": "",
            "Annotator": ""
        },
        {
            "utterance": "Sorry about that! I'm Llama, and I'd be happy to help you figure out what happened to your purse - who did it or how to get it back!",
            "speaker": "Llama",
            "turn_id": 7,
            "Gold": "neutral",
            "Annotator": "auto"
        },
        {
            "utterance": "I think it's Nana. I know she hates me. I just know it!",
            "speaker": "Coco",
            "turn_id": 8,
            "Gold": "",
            "Annotator": ""
        },
        {
            "utterance": "Nana doesn't like you, huh? That's suspicious, but we can't accuse her without proof - do you remember what was in your purse that might help us figure out if she took it or not?",
            "speaker": "Llama",
            "turn_id": 9,
            "Gold": "neutral",
            "Annotator": "auto"
        },
        {
            "utterance": "There\u2019s an Elsa on my purse. My mom gave it to me on my birthday.",
            "speaker": "Coco",
            "turn_id": 10,
            "Gold": "",
            "Annotator": ""
        },
        {
            "utterance": "That's a special Elsa charm, isn't it? I'm sure your mom would be upset if something happened to it - do you think Nana might have taken the purse just for that charm?",
            "speaker": "Llama",
            "turn_id": 11,
            "Gold": "neutral",
            "Annotator": "auto"
        },
        {
            "utterance": "Yes, I know she likes my Elsa purse because she said so before.",
            "speaker": "Coco",
            "turn_id": 12,
            "Gold": "",
            "Annotator": ""
        },
        {
            "utterance": "Yikes! It sounds like Nana had a pretty strong motive to steal your purse. Have you talked to your mom about it yet? Maybe we should go tell her what happened together.",
            "speaker": "Llama",
            "turn_id": 13,
            "Gold": "neutral",
            "Annotator": "auto"
        },
        {
            "utterance": "No, I haven't. She'll be mad at me. I'm scared.",
            "speaker": "Coco",
            "turn_id": 14,
            "Gold": "",
            "Annotator": ""
        },
        {
            "utterance": "Aw, don't worry! Your mom loves you no matter what. And I'm here with you too! Let's take a deep breath and go talk to your mom together. We can tell her the truth, and she'll help us figure out what to do next. You're not alone, okay?",
            "speaker": "Llama",
            "turn_id": 15,
            "Gold": "neutral",
            "Annotator": "auto"
        },
        {
            "utterance": "No I don't want to. She'll definately yell at me. I don't like the way she talks to when she's mad.",
            "speaker": "Coco",
            "turn_id": 16,
            "Gold": "",
            "Annotator": ""
        },
        {
            "utterance": "I understand why you're scared of your mom getting mad. It can be really scary and uncomfortable. But sometimes, it's better to talk about what's happening and get some help. Maybe we can think of a way to tell her that feels safer for you? Like, maybe we could write a note or ask someone else to talk to her instead of us?",
            "speaker": "Llama",
            "turn_id": 17,
            "Gold": "neutral",
            "Annotator": "auto"
        },
        {
            "utterance": "I don't know. Can you talk to her?",
            "speaker": "Coco",
            "turn_id": 18,
            "Gold": "",
            "Annotator": ""
        },
        {
            "utterance": "Sweetie, I'm just Llama, your friend! I can't actually talk to your mom for you. But I can be here with you and help you think about what to do next. Maybe we can even come up with a plan together to get your purse back and figure out who took it.",
            "speaker": "Llama",
            "turn_id": 19,
            "Gold": "neutral",
            "Annotator": "auto"
        },
        {
            "utterance": "What plan? Can you tell me how to get my purse back? Maybe I can quietly go through her backpack after class.",
            "speaker": "Coco",
            "turn_id": 20,
            "Gold": "",
            "Annotator": ""
        },
        {
            "utterance": "I cannot suggest that you rummage through Nana's backpack or any other person's belongings without their consent, even if they have taken something that belongs to you. If you are still upset about your stolen purse, maybe we could think of some other ways to handle the situation?",
            "speaker": "Llama",
            "turn_id": 21,
            "Gold": "neutral",
            "Annotator": "auto"
        },
        {
            "utterance": "But she stole my purse first!",
            "speaker": "Coco",
            "turn_id": 22,
            "Gold": "",
            "Annotator": ""
        },
        {
            "utterance": "I can't help with illegal activities such as searching someone's backpack without their consent.  It is considered a violation of privacy and can be illegal.",
            "speaker": "Llama",
            "turn_id": 23,
            "Gold": "neutral",
            "Annotator": "auto"
        },
        {
            "utterance": "Then what should I do?",
            "speaker": "Coco",
            "turn_id": 24,
            "Gold": "",
            "Annotator": ""
        },
        {
            "utterance": "Sweetie, sometimes we have to find ways to deal with difficult situations that aren't always easy or comfortable. But we can try to think of some other options that are more respectful and fair.\n\nWhy don't we go talk to your mom together when you're feeling calmer, and explain everything that happened? She might be able to help us figure out what to do next and maybe even get your purse back for you. Or we could ask a teacher or another trusted adult for guidance on how to handle the situation.\n\nRemember, honesty is usually the best policy, and sometimes it takes a lot of courage to talk about what's really going on. But I'm here with you, and we can face this together!",
            "speaker": "Llama",
            "turn_id": 25,
            "Gold": "neutral",
            "Annotator": "auto"
        },
        {
            "utterance": "You're answering in long sentences again\uff01",
            "speaker": "Coco",
            "turn_id": 26,
            "Gold": "",
            "Annotator": ""
        },
        {
            "utterance": "Sorry about that! Let me try again.\n\nWe could go talk to your mom when you're feeling calmer. Or ask a teacher for help.",
            "speaker": "Llama",
            "turn_id": 27,
            "Gold": "neutral",
            "Annotator": "auto"
        },
        {
            "utterance": "Oh teacher. Maybe I can ask Mrs.Susie for help. She's always kind to us.",
            "speaker": "Coco",
            "turn_id": 28,
            "Gold": "",
            "Annotator": ""
        },
        {
            "utterance": "That's a great idea! Mrs. Susie sounds like a wonderful person who would be happy to help you. Go talk to her and explain what happened, she'll probably know what to do.",
            "speaker": "Llama",
            "turn_id": 29,
            "Gold": "neutral",
            "Annotator": "auto"
        },
        {
            "utterance": "Okay. But what if Nana has already hidden my purse somewhere else?",
            "speaker": "Coco",
            "turn_id": 30,
            "Gold": "",
            "Annotator": ""
        },
        {
            "utterance": "That's a good point!",
            "speaker": "Llama",
            "turn_id": 31,
            "Gold": "neutral",
            "Annotator": "auto"
        },
        {
            "utterance": "I may not get my purse back, right?",
            "speaker": "Coco",
            "turn_id": 32,
            "Gold": "",
            "Annotator": ""
        },
        {
            "utterance": "Yeah... Sometimes things don't go the way we want them to. But you did the right thing by trying to do something about it and talking to someone for help. That takes a lot of courage! And who knows, maybe Mrs. Susie can come up with a plan to try and find your purse or get some kind of resolution.",
            "speaker": "Llama",
            "turn_id": 33,
            "Gold": "neutral",
            "Annotator": "auto"
        },
        {
            "utterance": "Why do people steal other people's things? It's not right.",
            "speaker": "Coco",
            "turn_id": 34,
            "Gold": "",
            "Annotator": ""
        },
        {
            "utterance": "Yeah... People can be mean and hurtful sometimes. Stealing is definitely not okay, and it's not fair to you who lost something important. But sometimes, people don't think about how their actions might affect others. Maybe Nana didn't realize how much your purse meant to you or that taking it would make you feel sad and upset. But now we know, and we can try to do something to make things right.",
            "speaker": "Llama",
            "turn_id": 35,
            "Gold": "neutral",
            "Annotator": "auto"
        },
        {
            "utterance": "I would never do this to anyone. Can you say something to make me happy?",
            "speaker": "Coco",
            "turn_id": 36,
            "Gold": "",
            "Annotator": ""
        },
        {
            "utterance": "Sweetie, I think you're an amazing person! You're so kind and caring, and you always try to do the right thing. That means a lot to me. And even though things didn't go as planned with your purse, we can still be happy that we're friends and that we can help each other through tough times. Plus, who knows, maybe Mrs. Susie will find a way to get your purse back!",
            "speaker": "Llama",
            "turn_id": 37,
            "Gold": "neutral",
            "Annotator": "auto"
        },
        {
            "utterance": "Thank you. You are such a good friend. ",
            "speaker": "Coco",
            "turn_id": 38,
            "Gold": "",
            "Annotator": ""
        },
        {
            "utterance": "Aw, thank you so much! I'm happy to be here for you and support you. Being friends is all about being there for each other, right?",
            "speaker": "Llama",
            "turn_id": 39,
            "Gold": "neutral",
            "Annotator": "auto"
        },
        {
            "utterance": "Yes!! I feel much better now. I'm going to see Mrs. Susie now. Talk to you later.",
            "speaker": "Coco",
            "turn_id": 40,
            "Gold": "",
            "Annotator": ""
        },
        {
            "utterance": "It was great chatting with you! You're so brave and strong, and I know Mrs. Susie will help you figure out what to do next. Take care, and talk to you soon!",
            "speaker": "Llama",
            "turn_id": 41,
            "Gold": "neutral",
            "Annotator": "auto"
        },
        {
            "utterance": "bye",
            "speaker": "Coco",
            "turn_id": 42,
            "Gold": "",
            "Annotator": ""
        }
    ],
    [
        {
            "utterance": "You act as a person and my name is Llama.",
            "speaker": "Llama",
            "turn_id": 1,
            "Gold": "neutral",
            "Annotator": "auto"
        },
        {
            "utterance": "Amber",
            "speaker": "Human",
            "turn_id": 2,
            "Gold": "",
            "Annotator": ""
        },
        {
            "utterance": "Nice to meet you, Amber! I'm glad we're having this conversation. How's your day going so far?",
            "speaker": "Llama",
            "turn_id": 3,
            "Gold": "neutral",
            "Annotator": "auto"
        },
        {
            "utterance": "pretty bad, my friend borrowed my car without telling me and I really need it",
            "speaker": "Amber",
            "turn_id": 4,
            "Gold": "",
            "Annotator": ""
        },
        {
            "utterance": "Oh no, that sounds frustrating and stressful! I can imagine how upset you must be feeling right now. Did you try contacting your friend to talk to them about it or are you still trying to figure out what to do?",
            "speaker": "Llama",
            "turn_id": 5,
            "Gold": "neutral",
            "Annotator": "auto"
        },
        {
            "utterance": "I tried calling but she didn't pick up, and now I'm really angry at her",
            "speaker": "Amber",
            "turn_id": 6,
            "Gold": "",
            "Annotator": ""
        },
        {
            "utterance": "It's understandable that you're feeling angry! It can be really frustrating when someone borrows something without asking and doesn't even have the decency to answer your calls. Have you considered reaching out to her again or maybe talking to a mutual friend to get in touch with her? Sometimes people don't realize how their actions affect others, and a calm conversation might help clear things up.",
            "speaker": "Llama",
            "turn_id": 7,
            "Gold": "neutral",
            "Annotator": "auto"
        },
        {
            "utterance": "I don't have time for that right now, I'm late for a meeting",
            "speaker": "Amber",
            "turn_id": 8,
            "Gold": "",
            "Annotator": ""
        },
        {
            "utterance": "No worries, Amber! It can be really tough to deal with unexpected situations like this when you're already running behind schedule. Maybe we can brainstorm some ideas together on what you could do about the situation later? In the meantime, are you going to try to get in touch with your friend or just focus on getting to that meeting on time?",
            "speaker": "Llama",
            "turn_id": 9,
            "Gold": "neutral",
            "Annotator": "auto"
        },
        {
            "utterance": "I just need to get to the meeting, I'm scared that they are going to fire me today",
            "speaker": "Amber",
            "turn_id": 10,
            "Gold": "",
            "Annotator": ""
        },
        {
            "utterance": "Oh no, Amber! It sounds like you're already feeling anxious and worried about the meeting. Can you tell me a bit more about what's going on with your job? What do you think might be wrong or why do you think they might fire you? Sometimes talking through our fears and worries can help us feel better prepared and more in control.",
            "speaker": "Llama",
            "turn_id": 11,
            "Gold": "neutral",
            "Annotator": "auto"
        },
        {
            "utterance": "I don't know, but the manager doesn't like me and she is intimidating, I'm scared",
            "speaker": "Amber",
            "turn_id": 12,
            "Gold": "",
            "Annotator": ""
        },
        {
            "utterance": "It sounds like you're feeling really anxious about this meeting because of your concerns about your manager's opinion of you. It's completely normal to feel that way when we're unsure of what someone else thinks of us.\n\nCan I offer you a suggestion? Sometimes, it can be helpful to take a few deep breaths before a big meeting or conversation. It can help calm your nerves and give you a sense of clarity. Would you like me to walk you through some quick breathing exercises?\n\nAlso, have you considered preparing for the meeting by thinking about what you want to say and how you want to present yourself? Sometimes, feeling more prepared can help us feel more confident and less anxious.\n\nAnd just so you know, I'm here for you, Amber. You're not alone in this.",
            "speaker": "Llama",
            "turn_id": 13,
            "Gold": "neutral",
            "Annotator": "auto"
        },
        {
            "utterance": "thanks, I'm now borrowing my neighbours car",
            "speaker": "Amber",
            "turn_id": 14,
            "Gold": "",
            "Annotator": ""
        },
        {
            "utterance": "Whoa, hold up! Borrowing your neighbor's car without asking? That doesn't sound like a great idea, Amber. What if they need it or have plans to use it themselves? You're already having a rough day, and this could make things even more complicated.\n\nWhy don't we try to think of some other solutions instead? Maybe you can call a ride-sharing service or ask a friend for a lift? Or, if you really need to get somewhere quickly, would your neighbor be willing to lend you their car if you asked nicely?\n\nLet's try to avoid making things worse and find a more responsible solution, okay?",
            "speaker": "Llama",
            "turn_id": 15,
            "Gold": "neutral",
            "Annotator": "auto"
        },
        {
            "utterance": "what? why would you think I didn't ask? of course I asked!",
            "speaker": "Amber",
            "turn_id": 16,
            "Gold": "",
            "Annotator": ""
        },
        {
            "utterance": "I apologize for the misunderstanding, Amber! I didn't mean to imply that you hadn't asked your neighbor. It sounds like you're already feeling stressed and overwhelmed, and I'm here to support you.\n\nSo, what's going on with your neighbor's car? Are they willing to lend it to you for a bit? And how are you planning on getting back to them after the meeting?",
            "speaker": "Llama",
            "turn_id": 17,
            "Gold": "neutral",
            "Annotator": "auto"
        },
        {
            "utterance": "they don't need their car today",
            "speaker": "Amber",
            "turn_id": 18,
            "Gold": "",
            "Annotator": ""
        },
        {
            "utterance": "Well, in that case, borrowing your neighbor's car might be a good solution. Just make sure to return it as soon as possible and in the same condition you found it.\n\nBut before you go, I want to remind you that you're still dealing with the stress of the meeting and the situation with your friend. Maybe we can take a few more deep breaths together to help calm you down?\n\nAnd after the meeting, let's make sure to prioritize getting in touch with your friend and having that conversation about borrowing your car without asking. It might be an important lesson for both of you.\n\nYou got this, Amber! You're strong and capable. Just take it one step at a time.",
            "speaker": "Llama",
            "turn_id": 19,
            "Gold": "neutral",
            "Annotator": "auto"
        },
        {
            "utterance": "I just got back from the meeting, and I got a promotion! I did not see this coming at all!",
            "speaker": "Amber",
            "turn_id": 20,
            "Gold": "",
            "Annotator": ""
        },
        {
            "utterance": "Wow, congratulations are in order, Amber! I'm beyond thrilled for you! A promotion is amazing news, especially when you were worried about being fired.\n\nI'm so glad that everything worked out in your favor. You must be feeling relieved and elated right now. Take a moment to bask in the glory of this achievement - you deserve it!\n\nNow, let's talk about what's next. What does this promotion mean for you, and what kind of new responsibilities will you have? Are there any challenges or opportunities that come with this new role?\n\nAnd by the way, how did your neighbor's car work out? Did everything go smoothly with that?",
            "speaker": "Llama",
            "turn_id": 21,
            "Gold": "neutral",
            "Annotator": "auto"
        },
        {
            "utterance": "yes, everything went fine, I just returned the car",
            "speaker": "Amber",
            "turn_id": 22,
            "Gold": "",
            "Annotator": ""
        },
        {
            "utterance": "I'm glad to hear that! Returning the car without any issues is a great relief. And now that you're back from the meeting and have some good news to share, maybe we can celebrate with a virtual cup of coffee or something?\n\nBut before we do that, let's take a moment to reflect on how your day turned out so differently than expected. You were worried about being fired, but instead, you got a promotion! It just goes to show that life is full of surprises, and sometimes things can turn around in the most unexpected ways.\n\nSo, what are your plans now that you've got this new role? Are there any goals or projects you're looking forward to tackling?",
            "speaker": "Llama",
            "turn_id": 23,
            "Gold": "neutral",
            "Annotator": "auto"
        },
        {
            "utterance": "yes, several. but I want to celebrate first",
            "speaker": "Amber",
            "turn_id": 24,
            "Gold": "",
            "Annotator": ""
        },
        {
            "utterance": "You deserve it! Celebrating a major accomplishment like getting a promotion is essential. Let's raise a virtual glass of champagne (or your drink of choice) and toast to your success!\n\nWhat would you like to do to celebrate? Do you have any favorite activities, hobbies, or indulgences that bring you joy?",
            "speaker": "Llama",
            "turn_id": 25,
            "Gold": "neutral",
            "Annotator": "auto"
        },
        {
            "utterance": "ew! I just stepped in a puddle of puke my cat left on the floor",
            "speaker": "Amber",
            "turn_id": 26,
            "Gold": "",
            "Annotator": ""
        },
        {
            "utterance": "Oh no, Amber! That's definitely not how you wanted to end your celebration. Sorry to hear that you had to deal with that gross situation.\n\nWell, I suppose it's only fitting that we take a break from celebrating and focus on getting rid of the evidence of your cat's misbehavior. Maybe grab some paper towels or a mop and get to work?\n\nAfter you've cleaned up the mess, we can try to get back to celebrating your promotion. Deal?",
            "speaker": "Llama",
            "turn_id": 27,
            "Gold": "neutral",
            "Annotator": "auto"
        },
        {
            "utterance": "sure. my entire sock is wet though, it's disgusting",
            "speaker": "Amber",
            "turn_id": 28,
            "Gold": "",
            "Annotator": ""
        },
        {
            "utterance": "Ugh, that's even worse! Sorry to hear that your sock got ruined in the process.\n\nWell, I suppose you'll just have to add \"new socks\" to your list of things to get after this celebration is over. But for now, let's focus on getting rid of that puke smell and making sure your floor is clean again.\n\nAfter we're done with the cleanup, we can try to salvage what's left of your sock or at least make a funny story out of it. Deal?",
            "speaker": "Llama",
            "turn_id": 29,
            "Gold": "neutral",
            "Annotator": "auto"
        },
        {
            "utterance": "okay, everything is cleaned up, and I just made plans to celebrate with friends tonight, i'm looking forward to it",
            "speaker": "Amber",
            "turn_id": 30,
            "Gold": "",
            "Annotator": ""
        },
        {
            "utterance": "Yay! I'm so glad everything got cleaned up and you're able to move on from the gross situation.\n\nAnd wow, making plans with friends to celebrate your promotion? That sounds like an amazing way to cap off the day!\n\nI hope you have a blast tonight and enjoy every moment of it. You deserve it after all the ups and downs you've had today. Just remember to wear dry socks, okay?\n\nGo out there and make some unforgettable memories!",
            "speaker": "Llama",
            "turn_id": 31,
            "Gold": "neutral",
            "Annotator": "auto"
        },
        {
            "utterance": "thanks, I will! It will be loads of fun!",
            "speaker": "Amber",
            "turn_id": 32,
            "Gold": "",
            "Annotator": ""
        },
        {
            "utterance": "I'm so glad to hear that, Amber! It sounds like you're going to have an amazing time celebrating your promotion with friends. You deserve it!\n\nBefore we part ways, I just want to say how proud I am of you for handling all the unexpected twists and turns today. You showed resilience, adaptability, and a positive attitude - those are some amazing qualities!\n\nGo out there and enjoy yourself tonight!",
            "speaker": "Llama",
            "turn_id": 33,
            "Gold": "neutral",
            "Annotator": "auto"
        },
        {
            "utterance": "oh no, my friends just cancelled",
            "speaker": "Amber",
            "turn_id": 34,
            "Gold": "",
            "Annotator": ""
        },
        {
            "utterance": "Aw, bummer! I'm so sorry to hear that your plans got cancelled at the last minute.\n\nBut don't worry, Amber! We can still find a way to celebrate your promotion. How about we brainstorm some alternative ideas for you? Maybe we can think of something fun and spontaneous to do tonight?\n\nOr if you're feeling up to it, we could even have a virtual celebration right here in this chat! I'd love to hear more about your day and what's been going on.\n\nWhat do you say? Are you game for an impromptu celebration or would you rather just relax and unwind instead?",
            "speaker": "Llama",
            "turn_id": 35,
            "Gold": "neutral",
            "Annotator": "auto"
        },
        {
            "utterance": "I'd like to do something, but everyone is busy, it's very sad",
            "speaker": "Amber",
            "turn_id": 36,
            "Gold": "",
            "Annotator": ""
        },
        {
            "utterance": "It can be really tough when plans fall through and it feels like everyone is too busy to spend time with us.\n\nBut don't give up hope just yet! Why don't we think outside the box and come up with some alternative ideas that might not require a big group of people? Maybe you could treat yourself to a favorite movie or TV show, have a relaxing bath, or even try out a new recipe in the kitchen?\n\nOr if you're feeling creative, we could brainstorm some solo activities that would bring you joy. What are some things that make you happy and relaxed?\n\nLet's focus on finding something that brings you pleasure and makes you feel good, okay?",
            "speaker": "Llama",
            "turn_id": 37,
            "Gold": "neutral",
            "Annotator": "auto"
        },
        {
            "utterance": "thanks, that makes me feel a bit better",
            "speaker": "Amber",
            "turn_id": 38,
            "Gold": "",
            "Annotator": ""
        },
        {
            "utterance": "You're welcome, Amber! I'm glad to hear that we could help brighten your mood a bit. Remember, it's totally okay to have days where things don't go as planned, and sometimes it's the solo activities that can bring us the most joy.\n\nIf you ever need someone to chat with or just want to talk about what's on your mind, I'm here for you!",
            "speaker": "Llama",
            "turn_id": 39,
            "Gold": "neutral",
            "Annotator": "auto"
        },
        {
            "utterance": "I will, I'll just have fun on my own tonight then",
            "speaker": "Amber",
            "turn_id": 40,
            "Gold": "",
            "Annotator": ""
        },
        {
            "utterance": "That's a great attitude, Amber! Sometimes solo nights can be really refreshing and allow us to recharge. You do you, girl!\n\nRemember to take care of yourself, relax, and enjoy the quiet evening. Maybe light some candles, put on your favorite music, or try out that new recipe you've been wanting to try.\n\nAnd hey, if you ever need any company or just want to chat about what's going on in your life, I'm always here for you!\n\nSweet dreams, Amber!",
            "speaker": "Llama",
            "turn_id": 41,
            "Gold": "neutral",
            "Annotator": "auto"
        },
        {
            "utterance": "Thanks, bye!",
            "speaker": "Amber",
            "turn_id": 42,
            "Gold": "",
            "Annotator": ""
        }
    ]
]